ISO-10303-21;
HEADER;
/* Generated by software containing ST-Developer
 * from STEP Tools, Inc. (www.steptools.com) 
 */

FILE_DESCRIPTION(
/* description */ (''),
/* implementation_level */ '2;1');

FILE_NAME(
/* name */ 'kerfur.step',
/* time_stamp */ '2026-06-11T12:56:46+02:00',
/* author */ (''),
/* organization */ (''),
/* preprocessor_version */ 'ST-DEVELOPER v20.1',
/* originating_system */ 'Autodesk Translation Framework v15.8.0.0',
/* authorisation */ '');

FILE_SCHEMA (('AUTOMOTIVE_DESIGN { 1 0 10303 214 3 1 1 }'));
ENDSEC;

DATA;
#10=MECHANICAL_DESIGN_GEOMETRIC_PRESENTATION_REPRESENTATION('',(#95,#96,
#97,#98,#99,#100,#101,#102,#103,#104,#105,#106,#107,#108,#109,#110),#12626);
#11=ITEM_DEFINED_TRANSFORMATION($,$,#7792,#8415);
#12=ITEM_DEFINED_TRANSFORMATION($,$,#7793,#8416);
#13=ITEM_DEFINED_TRANSFORMATION($,$,#7800,#8417);
#14=ITEM_DEFINED_TRANSFORMATION($,$,#7809,#8418);
#15=ITEM_DEFINED_TRANSFORMATION($,$,#7816,#8419);
#16=ITEM_DEFINED_TRANSFORMATION($,$,#7823,#8420);
#17=ITEM_DEFINED_TRANSFORMATION($,$,#7834,#8421);
#18=ITEM_DEFINED_TRANSFORMATION($,$,#7846,#8422);
#19=ITEM_DEFINED_TRANSFORMATION($,$,#7864,#8423);
#20=ITEM_DEFINED_TRANSFORMATION($,$,#7870,#8424);
#21=ITEM_DEFINED_TRANSFORMATION($,$,#7886,#8425);
#22=(
REPRESENTATION_RELATIONSHIP($,$,#12667,#12666)
REPRESENTATION_RELATIONSHIP_WITH_TRANSFORMATION(#11)
SHAPE_REPRESENTATION_RELATIONSHIP()
);
#23=(
REPRESENTATION_RELATIONSHIP($,$,#12668,#12666)
REPRESENTATION_RELATIONSHIP_WITH_TRANSFORMATION(#12)
SHAPE_REPRESENTATION_RELATIONSHIP()
);
#24=(
REPRESENTATION_RELATIONSHIP($,$,#12669,#12666)
REPRESENTATION_RELATIONSHIP_WITH_TRANSFORMATION(#13)
SHAPE_REPRESENTATION_RELATIONSHIP()
);
#25=(
REPRESENTATION_RELATIONSHIP($,$,#12670,#12666)
REPRESENTATION_RELATIONSHIP_WITH_TRANSFORMATION(#14)
SHAPE_REPRESENTATION_RELATIONSHIP()
);
#26=(
REPRESENTATION_RELATIONSHIP($,$,#12671,#12666)
REPRESENTATION_RELATIONSHIP_WITH_TRANSFORMATION(#15)
SHAPE_REPRESENTATION_RELATIONSHIP()
);
#27=(
REPRESENTATION_RELATIONSHIP($,$,#12672,#12666)
REPRESENTATION_RELATIONSHIP_WITH_TRANSFORMATION(#16)
SHAPE_REPRESENTATION_RELATIONSHIP()
);
#28=(
REPRESENTATION_RELATIONSHIP($,$,#12673,#12666)
REPRESENTATION_RELATIONSHIP_WITH_TRANSFORMATION(#17)
SHAPE_REPRESENTATION_RELATIONSHIP()
);
#29=(
REPRESENTATION_RELATIONSHIP($,$,#12674,#12666)
REPRESENTATION_RELATIONSHIP_WITH_TRANSFORMATION(#18)
SHAPE_REPRESENTATION_RELATIONSHIP()
);
#30=(
REPRESENTATION_RELATIONSHIP($,$,#12675,#12666)
REPRESENTATION_RELATIONSHIP_WITH_TRANSFORMATION(#19)
SHAPE_REPRESENTATION_RELATIONSHIP()
);
#31=(
REPRESENTATION_RELATIONSHIP($,$,#12676,#12666)
REPRESENTATION_RELATIONSHIP_WITH_TRANSFORMATION(#20)
SHAPE_REPRESENTATION_RELATIONSHIP()
);
#32=(
REPRESENTATION_RELATIONSHIP($,$,#12677,#12666)
REPRESENTATION_RELATIONSHIP_WITH_TRANSFORMATION(#21)
SHAPE_REPRESENTATION_RELATIONSHIP()
);
#33=CONTEXT_DEPENDENT_SHAPE_REPRESENTATION(#22,#12655);
#34=CONTEXT_DEPENDENT_SHAPE_REPRESENTATION(#23,#12656);
#35=CONTEXT_DEPENDENT_SHAPE_REPRESENTATION(#24,#12657);
#36=CONTEXT_DEPENDENT_SHAPE_REPRESENTATION(#25,#12658);
#37=CONTEXT_DEPENDENT_SHAPE_REPRESENTATION(#26,#12659);
#38=CONTEXT_DEPENDENT_SHAPE_REPRESENTATION(#27,#12660);
#39=CONTEXT_DEPENDENT_SHAPE_REPRESENTATION(#28,#12661);
#40=CONTEXT_DEPENDENT_SHAPE_REPRESENTATION(#29,#12662);
#41=CONTEXT_DEPENDENT_SHAPE_REPRESENTATION(#30,#12663);
#42=CONTEXT_DEPENDENT_SHAPE_REPRESENTATION(#31,#12664);
#43=CONTEXT_DEPENDENT_SHAPE_REPRESENTATION(#32,#12665);
#44=NEXT_ASSEMBLY_USAGE_OCCURRENCE('Enclosure:1','Enclosure:1',
'Enclosure:1',#12679,#12680,'Enclosure:1');
#45=NEXT_ASSEMBLY_USAGE_OCCURRENCE('Oled_Display:1','Oled_Display:1',
'Oled_Display:1',#12679,#12681,'Oled_Display:1');
#46=NEXT_ASSEMBLY_USAGE_OCCURRENCE('Top_PCB:1','Top_PCB:1','Top_PCB:1',
#12679,#12682,'Top_PCB:1');
#47=NEXT_ASSEMBLY_USAGE_OCCURRENCE('OLED_Flex:1','OLED_Flex:1',
'OLED_Flex:1',#12679,#12683,'OLED_Flex:1');
#48=NEXT_ASSEMBLY_USAGE_OCCURRENCE('Inter_PCB_Cable:1',
'Inter_PCB_Cable:1','Inter_PCB_Cable:1',#12679,#12684,
'Inter_PCB_Cable:1');
#49=NEXT_ASSEMBLY_USAGE_OCCURRENCE('Bottom_PCB:1','Bottom_PCB:1',
'Bottom_PCB:1',#12679,#12685,'Bottom_PCB:1');
#50=NEXT_ASSEMBLY_USAGE_OCCURRENCE('Reset_Button:1','Reset_Button:1',
'Reset_Button:1',#12679,#12686,'Reset_Button:1');
#51=NEXT_ASSEMBLY_USAGE_OCCURRENCE('Debug_Controls:1',
'Debug_Controls:1','Debug_Controls:1',#12679,#12687,'Debug_Controls:1');
#52=NEXT_ASSEMBLY_USAGE_OCCURRENCE('Battery_18650:1','Battery_18650:1',
'Battery_18650:1',#12679,#12688,'Battery_18650:1');
#53=NEXT_ASSEMBLY_USAGE_OCCURRENCE('Battery_Contacts:1',
'Battery_Contacts:1','Battery_Contacts:1',#12679,#12689,
'Battery_Contacts:1');
#54=NEXT_ASSEMBLY_USAGE_OCCURRENCE('Power_Connector:1',
'Power_Connector:1','Power_Connector:1',#12679,#12690,
'Power_Connector:1');
#55=CIRCLE('',#7842,2.5);
#56=CIRCLE('',#7843,2.5);
#57=CIRCLE('',#7854,2.5);
#58=CIRCLE('',#7855,2.5);
#59=CIRCLE('',#7866,9.);
#60=CIRCLE('',#7867,9.);
#61=CIRCLE('',#7872,3.5);
#62=CIRCLE('',#7873,3.5);
#63=CIRCLE('',#7877,4.);
#64=CIRCLE('',#7878,4.);
#65=CIRCLE('',#7882,0.9);
#66=CIRCLE('',#7883,0.9);
#67=CYLINDRICAL_SURFACE('',#7841,2.5);
#68=CYLINDRICAL_SURFACE('',#7853,2.5);
#69=CYLINDRICAL_SURFACE('',#7865,9.);
#70=CYLINDRICAL_SURFACE('',#7871,3.5);
#71=CYLINDRICAL_SURFACE('',#7876,4.);
#72=CYLINDRICAL_SURFACE('',#7881,0.9);
#73=SHAPE_REPRESENTATION_RELATIONSHIP('SRR','None',#12668,#84);
#74=SHAPE_REPRESENTATION_RELATIONSHIP('SRR','None',#12669,#85);
#75=SHAPE_REPRESENTATION_RELATIONSHIP('SRR','None',#12670,#86);
#76=SHAPE_REPRESENTATION_RELATIONSHIP('SRR','None',#12671,#87);
#77=SHAPE_REPRESENTATION_RELATIONSHIP('SRR','None',#12672,#88);
#78=SHAPE_REPRESENTATION_RELATIONSHIP('SRR','None',#12673,#89);
#79=SHAPE_REPRESENTATION_RELATIONSHIP('SRR','None',#12674,#90);
#80=SHAPE_REPRESENTATION_RELATIONSHIP('SRR','None',#12675,#91);
#81=SHAPE_REPRESENTATION_RELATIONSHIP('SRR','None',#12676,#92);
#82=SHAPE_REPRESENTATION_RELATIONSHIP('SRR','None',#12677,#93);
#83=SHAPE_REPRESENTATION_RELATIONSHIP('SRR','None',#12666,#94);
#84=ADVANCED_BREP_SHAPE_REPRESENTATION('',(#111),#12616);
#85=ADVANCED_BREP_SHAPE_REPRESENTATION('',(#112),#12617);
#86=ADVANCED_BREP_SHAPE_REPRESENTATION('',(#113),#12618);
#87=ADVANCED_BREP_SHAPE_REPRESENTATION('',(#114),#12619);
#88=ADVANCED_BREP_SHAPE_REPRESENTATION('',(#115),#12620);
#89=ADVANCED_BREP_SHAPE_REPRESENTATION('',(#116,#117),#12621);
#90=ADVANCED_BREP_SHAPE_REPRESENTATION('',(#118,#119,#120),#12622);
#91=ADVANCED_BREP_SHAPE_REPRESENTATION('',(#121),#12623);
#92=ADVANCED_BREP_SHAPE_REPRESENTATION('',(#122,#123,#124),#12624);
#93=ADVANCED_BREP_SHAPE_REPRESENTATION('',(#125),#12625);
#94=ADVANCED_BREP_SHAPE_REPRESENTATION('',(#126),#12614);
#95=STYLED_ITEM('',(#12730),#111);
#96=STYLED_ITEM('',(#12730),#112);
#97=STYLED_ITEM('',(#12730),#113);
#98=STYLED_ITEM('',(#12730),#114);
#99=STYLED_ITEM('',(#12730),#115);
#100=STYLED_ITEM('',(#12730),#116);
#101=STYLED_ITEM('',(#12730),#117);
#102=STYLED_ITEM('',(#12730),#118);
#103=STYLED_ITEM('',(#12730),#119);
#104=STYLED_ITEM('',(#12730),#120);
#105=STYLED_ITEM('',(#12730),#121);
#106=STYLED_ITEM('',(#12730),#122);
#107=STYLED_ITEM('',(#12730),#123);
#108=STYLED_ITEM('',(#12730),#124);
#109=STYLED_ITEM('',(#12730),#125);
#110=STYLED_ITEM('',(#12730),#126);
#111=MANIFOLD_SOLID_BREP('Oled_Display',#7653);
#112=MANIFOLD_SOLID_BREP('Top_PCB_board',#7654);
#113=MANIFOLD_SOLID_BREP('oled_flex',#7655);
#114=MANIFOLD_SOLID_BREP('flex_cable',#7656);
#115=MANIFOLD_SOLID_BREP('Bottom_PCB_board',#7657);
#116=MANIFOLD_SOLID_BREP('reset_switch',#7658);
#117=MANIFOLD_SOLID_BREP('reset_cap_3dp',#7659);
#118=MANIFOLD_SOLID_BREP('debug_switch',#7660);
#119=MANIFOLD_SOLID_BREP('debug_cap_3dp',#7661);
#120=MANIFOLD_SOLID_BREP('swd_header',#7662);
#121=MANIFOLD_SOLID_BREP('Cell_18650',#7663);
#122=MANIFOLD_SOLID_BREP('neg_spring',#7664);
#123=MANIFOLD_SOLID_BREP('pos_contact',#7665);
#124=MANIFOLD_SOLID_BREP('bat_plus_strap',#7666);
#125=MANIFOLD_SOLID_BREP('JST_PH_2pin',#7667);
#126=MANIFOLD_SOLID_BREP('Netzk\X\F6rper1',#7668);
#127=FACE_OUTER_BOUND('',#727,.T.);
#128=FACE_OUTER_BOUND('',#728,.T.);
#129=FACE_OUTER_BOUND('',#729,.T.);
#130=FACE_OUTER_BOUND('',#730,.T.);
#131=FACE_OUTER_BOUND('',#731,.T.);
#132=FACE_OUTER_BOUND('',#732,.T.);
#133=FACE_OUTER_BOUND('',#733,.T.);
#134=FACE_OUTER_BOUND('',#734,.T.);
#135=FACE_OUTER_BOUND('',#735,.T.);
#136=FACE_OUTER_BOUND('',#736,.T.);
#137=FACE_OUTER_BOUND('',#737,.T.);
#138=FACE_OUTER_BOUND('',#738,.T.);
#139=FACE_OUTER_BOUND('',#739,.T.);
#140=FACE_OUTER_BOUND('',#740,.T.);
#141=FACE_OUTER_BOUND('',#741,.T.);
#142=FACE_OUTER_BOUND('',#742,.T.);
#143=FACE_OUTER_BOUND('',#743,.T.);
#144=FACE_OUTER_BOUND('',#744,.T.);
#145=FACE_OUTER_BOUND('',#745,.T.);
#146=FACE_OUTER_BOUND('',#746,.T.);
#147=FACE_OUTER_BOUND('',#747,.T.);
#148=FACE_OUTER_BOUND('',#748,.T.);
#149=FACE_OUTER_BOUND('',#749,.T.);
#150=FACE_OUTER_BOUND('',#750,.T.);
#151=FACE_OUTER_BOUND('',#751,.T.);
#152=FACE_OUTER_BOUND('',#752,.T.);
#153=FACE_OUTER_BOUND('',#753,.T.);
#154=FACE_OUTER_BOUND('',#754,.T.);
#155=FACE_OUTER_BOUND('',#755,.T.);
#156=FACE_OUTER_BOUND('',#756,.T.);
#157=FACE_OUTER_BOUND('',#757,.T.);
#158=FACE_OUTER_BOUND('',#758,.T.);
#159=FACE_OUTER_BOUND('',#759,.T.);
#160=FACE_OUTER_BOUND('',#760,.T.);
#161=FACE_OUTER_BOUND('',#761,.T.);
#162=FACE_OUTER_BOUND('',#762,.T.);
#163=FACE_OUTER_BOUND('',#763,.T.);
#164=FACE_OUTER_BOUND('',#764,.T.);
#165=FACE_OUTER_BOUND('',#765,.T.);
#166=FACE_OUTER_BOUND('',#766,.T.);
#167=FACE_OUTER_BOUND('',#767,.T.);
#168=FACE_OUTER_BOUND('',#768,.T.);
#169=FACE_OUTER_BOUND('',#769,.T.);
#170=FACE_OUTER_BOUND('',#770,.T.);
#171=FACE_OUTER_BOUND('',#771,.T.);
#172=FACE_OUTER_BOUND('',#772,.T.);
#173=FACE_OUTER_BOUND('',#773,.T.);
#174=FACE_OUTER_BOUND('',#774,.T.);
#175=FACE_OUTER_BOUND('',#775,.T.);
#176=FACE_OUTER_BOUND('',#776,.T.);
#177=FACE_OUTER_BOUND('',#777,.T.);
#178=FACE_OUTER_BOUND('',#778,.T.);
#179=FACE_OUTER_BOUND('',#779,.T.);
#180=FACE_OUTER_BOUND('',#780,.T.);
#181=FACE_OUTER_BOUND('',#781,.T.);
#182=FACE_OUTER_BOUND('',#782,.T.);
#183=FACE_OUTER_BOUND('',#783,.T.);
#184=FACE_OUTER_BOUND('',#784,.T.);
#185=FACE_OUTER_BOUND('',#785,.T.);
#186=FACE_OUTER_BOUND('',#786,.T.);
#187=FACE_OUTER_BOUND('',#787,.T.);
#188=FACE_OUTER_BOUND('',#788,.T.);
#189=FACE_OUTER_BOUND('',#789,.T.);
#190=FACE_OUTER_BOUND('',#790,.T.);
#191=FACE_OUTER_BOUND('',#791,.T.);
#192=FACE_OUTER_BOUND('',#792,.T.);
#193=FACE_OUTER_BOUND('',#793,.T.);
#194=FACE_OUTER_BOUND('',#794,.T.);
#195=FACE_OUTER_BOUND('',#795,.T.);
#196=FACE_OUTER_BOUND('',#796,.T.);
#197=FACE_OUTER_BOUND('',#797,.T.);
#198=FACE_OUTER_BOUND('',#798,.T.);
#199=FACE_OUTER_BOUND('',#799,.T.);
#200=FACE_OUTER_BOUND('',#800,.T.);
#201=FACE_OUTER_BOUND('',#801,.T.);
#202=FACE_OUTER_BOUND('',#802,.T.);
#203=FACE_OUTER_BOUND('',#803,.T.);
#204=FACE_OUTER_BOUND('',#804,.T.);
#205=FACE_OUTER_BOUND('',#805,.T.);
#206=FACE_OUTER_BOUND('',#806,.T.);
#207=FACE_OUTER_BOUND('',#807,.T.);
#208=FACE_OUTER_BOUND('',#808,.T.);
#209=FACE_OUTER_BOUND('',#809,.T.);
#210=FACE_OUTER_BOUND('',#810,.T.);
#211=FACE_OUTER_BOUND('',#811,.T.);
#212=FACE_OUTER_BOUND('',#812,.T.);
#213=FACE_OUTER_BOUND('',#813,.T.);
#214=FACE_OUTER_BOUND('',#814,.T.);
#215=FACE_OUTER_BOUND('',#815,.T.);
#216=FACE_OUTER_BOUND('',#816,.T.);
#217=FACE_OUTER_BOUND('',#817,.T.);
#218=FACE_OUTER_BOUND('',#818,.T.);
#219=FACE_OUTER_BOUND('',#819,.T.);
#220=FACE_OUTER_BOUND('',#820,.T.);
#221=FACE_OUTER_BOUND('',#821,.T.);
#222=FACE_OUTER_BOUND('',#822,.T.);
#223=FACE_OUTER_BOUND('',#823,.T.);
#224=FACE_OUTER_BOUND('',#824,.T.);
#225=FACE_OUTER_BOUND('',#825,.T.);
#226=FACE_OUTER_BOUND('',#826,.T.);
#227=FACE_OUTER_BOUND('',#827,.T.);
#228=FACE_OUTER_BOUND('',#828,.T.);
#229=FACE_OUTER_BOUND('',#829,.T.);
#230=FACE_OUTER_BOUND('',#830,.T.);
#231=FACE_OUTER_BOUND('',#831,.T.);
#232=FACE_OUTER_BOUND('',#832,.T.);
#233=FACE_OUTER_BOUND('',#833,.T.);
#234=FACE_OUTER_BOUND('',#834,.T.);
#235=FACE_OUTER_BOUND('',#835,.T.);
#236=FACE_OUTER_BOUND('',#836,.T.);
#237=FACE_OUTER_BOUND('',#837,.T.);
#238=FACE_OUTER_BOUND('',#838,.T.);
#239=FACE_OUTER_BOUND('',#839,.T.);
#240=FACE_OUTER_BOUND('',#840,.T.);
#241=FACE_OUTER_BOUND('',#841,.T.);
#242=FACE_OUTER_BOUND('',#842,.T.);
#243=FACE_OUTER_BOUND('',#843,.T.);
#244=FACE_OUTER_BOUND('',#844,.T.);
#245=FACE_OUTER_BOUND('',#845,.T.);
#246=FACE_OUTER_BOUND('',#846,.T.);
#247=FACE_OUTER_BOUND('',#847,.T.);
#248=FACE_OUTER_BOUND('',#848,.T.);
#249=FACE_OUTER_BOUND('',#849,.T.);
#250=FACE_OUTER_BOUND('',#850,.T.);
#251=FACE_OUTER_BOUND('',#851,.T.);
#252=FACE_OUTER_BOUND('',#852,.T.);
#253=FACE_OUTER_BOUND('',#853,.T.);
#254=FACE_OUTER_BOUND('',#854,.T.);
#255=FACE_OUTER_BOUND('',#855,.T.);
#256=FACE_OUTER_BOUND('',#856,.T.);
#257=FACE_OUTER_BOUND('',#857,.T.);
#258=FACE_OUTER_BOUND('',#858,.T.);
#259=FACE_OUTER_BOUND('',#859,.T.);
#260=FACE_OUTER_BOUND('',#860,.T.);
#261=FACE_OUTER_BOUND('',#861,.T.);
#262=FACE_OUTER_BOUND('',#862,.T.);
#263=FACE_OUTER_BOUND('',#863,.T.);
#264=FACE_OUTER_BOUND('',#864,.T.);
#265=FACE_OUTER_BOUND('',#865,.T.);
#266=FACE_OUTER_BOUND('',#866,.T.);
#267=FACE_OUTER_BOUND('',#867,.T.);
#268=FACE_OUTER_BOUND('',#868,.T.);
#269=FACE_OUTER_BOUND('',#869,.T.);
#270=FACE_OUTER_BOUND('',#870,.T.);
#271=FACE_OUTER_BOUND('',#871,.T.);
#272=FACE_OUTER_BOUND('',#872,.T.);
#273=FACE_OUTER_BOUND('',#873,.T.);
#274=FACE_OUTER_BOUND('',#874,.T.);
#275=FACE_OUTER_BOUND('',#875,.T.);
#276=FACE_OUTER_BOUND('',#876,.T.);
#277=FACE_OUTER_BOUND('',#877,.T.);
#278=FACE_OUTER_BOUND('',#878,.T.);
#279=FACE_OUTER_BOUND('',#879,.T.);
#280=FACE_OUTER_BOUND('',#880,.T.);
#281=FACE_OUTER_BOUND('',#881,.T.);
#282=FACE_OUTER_BOUND('',#882,.T.);
#283=FACE_OUTER_BOUND('',#883,.T.);
#284=FACE_OUTER_BOUND('',#884,.T.);
#285=FACE_OUTER_BOUND('',#885,.T.);
#286=FACE_OUTER_BOUND('',#886,.T.);
#287=FACE_OUTER_BOUND('',#887,.T.);
#288=FACE_OUTER_BOUND('',#888,.T.);
#289=FACE_OUTER_BOUND('',#889,.T.);
#290=FACE_OUTER_BOUND('',#890,.T.);
#291=FACE_OUTER_BOUND('',#891,.T.);
#292=FACE_OUTER_BOUND('',#892,.T.);
#293=FACE_OUTER_BOUND('',#893,.T.);
#294=FACE_OUTER_BOUND('',#894,.T.);
#295=FACE_OUTER_BOUND('',#895,.T.);
#296=FACE_OUTER_BOUND('',#896,.T.);
#297=FACE_OUTER_BOUND('',#897,.T.);
#298=FACE_OUTER_BOUND('',#898,.T.);
#299=FACE_OUTER_BOUND('',#899,.T.);
#300=FACE_OUTER_BOUND('',#900,.T.);
#301=FACE_OUTER_BOUND('',#901,.T.);
#302=FACE_OUTER_BOUND('',#902,.T.);
#303=FACE_OUTER_BOUND('',#903,.T.);
#304=FACE_OUTER_BOUND('',#904,.T.);
#305=FACE_OUTER_BOUND('',#905,.T.);
#306=FACE_OUTER_BOUND('',#906,.T.);
#307=FACE_OUTER_BOUND('',#907,.T.);
#308=FACE_OUTER_BOUND('',#908,.T.);
#309=FACE_OUTER_BOUND('',#909,.T.);
#310=FACE_OUTER_BOUND('',#910,.T.);
#311=FACE_OUTER_BOUND('',#911,.T.);
#312=FACE_OUTER_BOUND('',#912,.T.);
#313=FACE_OUTER_BOUND('',#913,.T.);
#314=FACE_OUTER_BOUND('',#914,.T.);
#315=FACE_OUTER_BOUND('',#915,.T.);
#316=FACE_OUTER_BOUND('',#916,.T.);
#317=FACE_OUTER_BOUND('',#917,.T.);
#318=FACE_OUTER_BOUND('',#918,.T.);
#319=FACE_OUTER_BOUND('',#919,.T.);
#320=FACE_OUTER_BOUND('',#920,.T.);
#321=FACE_OUTER_BOUND('',#921,.T.);
#322=FACE_OUTER_BOUND('',#922,.T.);
#323=FACE_OUTER_BOUND('',#923,.T.);
#324=FACE_OUTER_BOUND('',#924,.T.);
#325=FACE_OUTER_BOUND('',#925,.T.);
#326=FACE_OUTER_BOUND('',#926,.T.);
#327=FACE_OUTER_BOUND('',#927,.T.);
#328=FACE_OUTER_BOUND('',#928,.T.);
#329=FACE_OUTER_BOUND('',#929,.T.);
#330=FACE_OUTER_BOUND('',#930,.T.);
#331=FACE_OUTER_BOUND('',#931,.T.);
#332=FACE_OUTER_BOUND('',#932,.T.);
#333=FACE_OUTER_BOUND('',#933,.T.);
#334=FACE_OUTER_BOUND('',#934,.T.);
#335=FACE_OUTER_BOUND('',#935,.T.);
#336=FACE_OUTER_BOUND('',#936,.T.);
#337=FACE_OUTER_BOUND('',#937,.T.);
#338=FACE_OUTER_BOUND('',#938,.T.);
#339=FACE_OUTER_BOUND('',#939,.T.);
#340=FACE_OUTER_BOUND('',#940,.T.);
#341=FACE_OUTER_BOUND('',#941,.T.);
#342=FACE_OUTER_BOUND('',#942,.T.);
#343=FACE_OUTER_BOUND('',#943,.T.);
#344=FACE_OUTER_BOUND('',#944,.T.);
#345=FACE_OUTER_BOUND('',#945,.T.);
#346=FACE_OUTER_BOUND('',#946,.T.);
#347=FACE_OUTER_BOUND('',#947,.T.);
#348=FACE_OUTER_BOUND('',#948,.T.);
#349=FACE_OUTER_BOUND('',#949,.T.);
#350=FACE_OUTER_BOUND('',#950,.T.);
#351=FACE_OUTER_BOUND('',#951,.T.);
#352=FACE_OUTER_BOUND('',#952,.T.);
#353=FACE_OUTER_BOUND('',#953,.T.);
#354=FACE_OUTER_BOUND('',#954,.T.);
#355=FACE_OUTER_BOUND('',#955,.T.);
#356=FACE_OUTER_BOUND('',#956,.T.);
#357=FACE_OUTER_BOUND('',#957,.T.);
#358=FACE_OUTER_BOUND('',#958,.T.);
#359=FACE_OUTER_BOUND('',#959,.T.);
#360=FACE_OUTER_BOUND('',#960,.T.);
#361=FACE_OUTER_BOUND('',#961,.T.);
#362=FACE_OUTER_BOUND('',#962,.T.);
#363=FACE_OUTER_BOUND('',#963,.T.);
#364=FACE_OUTER_BOUND('',#964,.T.);
#365=FACE_OUTER_BOUND('',#965,.T.);
#366=FACE_OUTER_BOUND('',#966,.T.);
#367=FACE_OUTER_BOUND('',#967,.T.);
#368=FACE_OUTER_BOUND('',#968,.T.);
#369=FACE_OUTER_BOUND('',#969,.T.);
#370=FACE_OUTER_BOUND('',#970,.T.);
#371=FACE_OUTER_BOUND('',#971,.T.);
#372=FACE_OUTER_BOUND('',#972,.T.);
#373=FACE_OUTER_BOUND('',#973,.T.);
#374=FACE_OUTER_BOUND('',#974,.T.);
#375=FACE_OUTER_BOUND('',#975,.T.);
#376=FACE_OUTER_BOUND('',#976,.T.);
#377=FACE_OUTER_BOUND('',#977,.T.);
#378=FACE_OUTER_BOUND('',#978,.T.);
#379=FACE_OUTER_BOUND('',#979,.T.);
#380=FACE_OUTER_BOUND('',#980,.T.);
#381=FACE_OUTER_BOUND('',#981,.T.);
#382=FACE_OUTER_BOUND('',#982,.T.);
#383=FACE_OUTER_BOUND('',#983,.T.);
#384=FACE_OUTER_BOUND('',#984,.T.);
#385=FACE_OUTER_BOUND('',#985,.T.);
#386=FACE_OUTER_BOUND('',#986,.T.);
#387=FACE_OUTER_BOUND('',#987,.T.);
#388=FACE_OUTER_BOUND('',#988,.T.);
#389=FACE_OUTER_BOUND('',#989,.T.);
#390=FACE_OUTER_BOUND('',#990,.T.);
#391=FACE_OUTER_BOUND('',#991,.T.);
#392=FACE_OUTER_BOUND('',#992,.T.);
#393=FACE_OUTER_BOUND('',#993,.T.);
#394=FACE_OUTER_BOUND('',#994,.T.);
#395=FACE_OUTER_BOUND('',#995,.T.);
#396=FACE_OUTER_BOUND('',#996,.T.);
#397=FACE_OUTER_BOUND('',#997,.T.);
#398=FACE_OUTER_BOUND('',#998,.T.);
#399=FACE_OUTER_BOUND('',#999,.T.);
#400=FACE_OUTER_BOUND('',#1000,.T.);
#401=FACE_OUTER_BOUND('',#1001,.T.);
#402=FACE_OUTER_BOUND('',#1002,.T.);
#403=FACE_OUTER_BOUND('',#1003,.T.);
#404=FACE_OUTER_BOUND('',#1004,.T.);
#405=FACE_OUTER_BOUND('',#1005,.T.);
#406=FACE_OUTER_BOUND('',#1006,.T.);
#407=FACE_OUTER_BOUND('',#1007,.T.);
#408=FACE_OUTER_BOUND('',#1008,.T.);
#409=FACE_OUTER_BOUND('',#1009,.T.);
#410=FACE_OUTER_BOUND('',#1010,.T.);
#411=FACE_OUTER_BOUND('',#1011,.T.);
#412=FACE_OUTER_BOUND('',#1012,.T.);
#413=FACE_OUTER_BOUND('',#1013,.T.);
#414=FACE_OUTER_BOUND('',#1014,.T.);
#415=FACE_OUTER_BOUND('',#1015,.T.);
#416=FACE_OUTER_BOUND('',#1016,.T.);
#417=FACE_OUTER_BOUND('',#1017,.T.);
#418=FACE_OUTER_BOUND('',#1018,.T.);
#419=FACE_OUTER_BOUND('',#1019,.T.);
#420=FACE_OUTER_BOUND('',#1020,.T.);
#421=FACE_OUTER_BOUND('',#1021,.T.);
#422=FACE_OUTER_BOUND('',#1022,.T.);
#423=FACE_OUTER_BOUND('',#1023,.T.);
#424=FACE_OUTER_BOUND('',#1024,.T.);
#425=FACE_OUTER_BOUND('',#1025,.T.);
#426=FACE_OUTER_BOUND('',#1026,.T.);
#427=FACE_OUTER_BOUND('',#1027,.T.);
#428=FACE_OUTER_BOUND('',#1028,.T.);
#429=FACE_OUTER_BOUND('',#1029,.T.);
#430=FACE_OUTER_BOUND('',#1030,.T.);
#431=FACE_OUTER_BOUND('',#1031,.T.);
#432=FACE_OUTER_BOUND('',#1032,.T.);
#433=FACE_OUTER_BOUND('',#1033,.T.);
#434=FACE_OUTER_BOUND('',#1034,.T.);
#435=FACE_OUTER_BOUND('',#1035,.T.);
#436=FACE_OUTER_BOUND('',#1036,.T.);
#437=FACE_OUTER_BOUND('',#1037,.T.);
#438=FACE_OUTER_BOUND('',#1038,.T.);
#439=FACE_OUTER_BOUND('',#1039,.T.);
#440=FACE_OUTER_BOUND('',#1040,.T.);
#441=FACE_OUTER_BOUND('',#1041,.T.);
#442=FACE_OUTER_BOUND('',#1042,.T.);
#443=FACE_OUTER_BOUND('',#1043,.T.);
#444=FACE_OUTER_BOUND('',#1044,.T.);
#445=FACE_OUTER_BOUND('',#1045,.T.);
#446=FACE_OUTER_BOUND('',#1046,.T.);
#447=FACE_OUTER_BOUND('',#1047,.T.);
#448=FACE_OUTER_BOUND('',#1048,.T.);
#449=FACE_OUTER_BOUND('',#1049,.T.);
#450=FACE_OUTER_BOUND('',#1050,.T.);
#451=FACE_OUTER_BOUND('',#1051,.T.);
#452=FACE_OUTER_BOUND('',#1052,.T.);
#453=FACE_OUTER_BOUND('',#1053,.T.);
#454=FACE_OUTER_BOUND('',#1054,.T.);
#455=FACE_OUTER_BOUND('',#1055,.T.);
#456=FACE_OUTER_BOUND('',#1056,.T.);
#457=FACE_OUTER_BOUND('',#1057,.T.);
#458=FACE_OUTER_BOUND('',#1058,.T.);
#459=FACE_OUTER_BOUND('',#1059,.T.);
#460=FACE_OUTER_BOUND('',#1060,.T.);
#461=FACE_OUTER_BOUND('',#1061,.T.);
#462=FACE_OUTER_BOUND('',#1062,.T.);
#463=FACE_OUTER_BOUND('',#1063,.T.);
#464=FACE_OUTER_BOUND('',#1064,.T.);
#465=FACE_OUTER_BOUND('',#1065,.T.);
#466=FACE_OUTER_BOUND('',#1066,.T.);
#467=FACE_OUTER_BOUND('',#1067,.T.);
#468=FACE_OUTER_BOUND('',#1068,.T.);
#469=FACE_OUTER_BOUND('',#1069,.T.);
#470=FACE_OUTER_BOUND('',#1070,.T.);
#471=FACE_OUTER_BOUND('',#1071,.T.);
#472=FACE_OUTER_BOUND('',#1072,.T.);
#473=FACE_OUTER_BOUND('',#1073,.T.);
#474=FACE_OUTER_BOUND('',#1074,.T.);
#475=FACE_OUTER_BOUND('',#1075,.T.);
#476=FACE_OUTER_BOUND('',#1076,.T.);
#477=FACE_OUTER_BOUND('',#1077,.T.);
#478=FACE_OUTER_BOUND('',#1078,.T.);
#479=FACE_OUTER_BOUND('',#1079,.T.);
#480=FACE_OUTER_BOUND('',#1080,.T.);
#481=FACE_OUTER_BOUND('',#1081,.T.);
#482=FACE_OUTER_BOUND('',#1082,.T.);
#483=FACE_OUTER_BOUND('',#1083,.T.);
#484=FACE_OUTER_BOUND('',#1084,.T.);
#485=FACE_OUTER_BOUND('',#1085,.T.);
#486=FACE_OUTER_BOUND('',#1086,.T.);
#487=FACE_OUTER_BOUND('',#1087,.T.);
#488=FACE_OUTER_BOUND('',#1088,.T.);
#489=FACE_OUTER_BOUND('',#1089,.T.);
#490=FACE_OUTER_BOUND('',#1090,.T.);
#491=FACE_OUTER_BOUND('',#1091,.T.);
#492=FACE_OUTER_BOUND('',#1092,.T.);
#493=FACE_OUTER_BOUND('',#1093,.T.);
#494=FACE_OUTER_BOUND('',#1094,.T.);
#495=FACE_OUTER_BOUND('',#1095,.T.);
#496=FACE_OUTER_BOUND('',#1096,.T.);
#497=FACE_OUTER_BOUND('',#1097,.T.);
#498=FACE_OUTER_BOUND('',#1098,.T.);
#499=FACE_OUTER_BOUND('',#1099,.T.);
#500=FACE_OUTER_BOUND('',#1100,.T.);
#501=FACE_OUTER_BOUND('',#1101,.T.);
#502=FACE_OUTER_BOUND('',#1102,.T.);
#503=FACE_OUTER_BOUND('',#1103,.T.);
#504=FACE_OUTER_BOUND('',#1104,.T.);
#505=FACE_OUTER_BOUND('',#1105,.T.);
#506=FACE_OUTER_BOUND('',#1106,.T.);
#507=FACE_OUTER_BOUND('',#1107,.T.);
#508=FACE_OUTER_BOUND('',#1108,.T.);
#509=FACE_OUTER_BOUND('',#1109,.T.);
#510=FACE_OUTER_BOUND('',#1110,.T.);
#511=FACE_OUTER_BOUND('',#1111,.T.);
#512=FACE_OUTER_BOUND('',#1112,.T.);
#513=FACE_OUTER_BOUND('',#1113,.T.);
#514=FACE_OUTER_BOUND('',#1114,.T.);
#515=FACE_OUTER_BOUND('',#1115,.T.);
#516=FACE_OUTER_BOUND('',#1116,.T.);
#517=FACE_OUTER_BOUND('',#1117,.T.);
#518=FACE_OUTER_BOUND('',#1118,.T.);
#519=FACE_OUTER_BOUND('',#1119,.T.);
#520=FACE_OUTER_BOUND('',#1120,.T.);
#521=FACE_OUTER_BOUND('',#1121,.T.);
#522=FACE_OUTER_BOUND('',#1122,.T.);
#523=FACE_OUTER_BOUND('',#1123,.T.);
#524=FACE_OUTER_BOUND('',#1124,.T.);
#525=FACE_OUTER_BOUND('',#1125,.T.);
#526=FACE_OUTER_BOUND('',#1126,.T.);
#527=FACE_OUTER_BOUND('',#1127,.T.);
#528=FACE_OUTER_BOUND('',#1128,.T.);
#529=FACE_OUTER_BOUND('',#1129,.T.);
#530=FACE_OUTER_BOUND('',#1130,.T.);
#531=FACE_OUTER_BOUND('',#1131,.T.);
#532=FACE_OUTER_BOUND('',#1132,.T.);
#533=FACE_OUTER_BOUND('',#1133,.T.);
#534=FACE_OUTER_BOUND('',#1134,.T.);
#535=FACE_OUTER_BOUND('',#1135,.T.);
#536=FACE_OUTER_BOUND('',#1136,.T.);
#537=FACE_OUTER_BOUND('',#1137,.T.);
#538=FACE_OUTER_BOUND('',#1138,.T.);
#539=FACE_OUTER_BOUND('',#1139,.T.);
#540=FACE_OUTER_BOUND('',#1140,.T.);
#541=FACE_OUTER_BOUND('',#1141,.T.);
#542=FACE_OUTER_BOUND('',#1142,.T.);
#543=FACE_OUTER_BOUND('',#1143,.T.);
#544=FACE_OUTER_BOUND('',#1144,.T.);
#545=FACE_OUTER_BOUND('',#1145,.T.);
#546=FACE_OUTER_BOUND('',#1146,.T.);
#547=FACE_OUTER_BOUND('',#1147,.T.);
#548=FACE_OUTER_BOUND('',#1148,.T.);
#549=FACE_OUTER_BOUND('',#1149,.T.);
#550=FACE_OUTER_BOUND('',#1150,.T.);
#551=FACE_OUTER_BOUND('',#1151,.T.);
#552=FACE_OUTER_BOUND('',#1152,.T.);
#553=FACE_OUTER_BOUND('',#1153,.T.);
#554=FACE_OUTER_BOUND('',#1154,.T.);
#555=FACE_OUTER_BOUND('',#1155,.T.);
#556=FACE_OUTER_BOUND('',#1156,.T.);
#557=FACE_OUTER_BOUND('',#1157,.T.);
#558=FACE_OUTER_BOUND('',#1158,.T.);
#559=FACE_OUTER_BOUND('',#1159,.T.);
#560=FACE_OUTER_BOUND('',#1160,.T.);
#561=FACE_OUTER_BOUND('',#1161,.T.);
#562=FACE_OUTER_BOUND('',#1162,.T.);
#563=FACE_OUTER_BOUND('',#1163,.T.);
#564=FACE_OUTER_BOUND('',#1164,.T.);
#565=FACE_OUTER_BOUND('',#1165,.T.);
#566=FACE_OUTER_BOUND('',#1166,.T.);
#567=FACE_OUTER_BOUND('',#1167,.T.);
#568=FACE_OUTER_BOUND('',#1168,.T.);
#569=FACE_OUTER_BOUND('',#1169,.T.);
#570=FACE_OUTER_BOUND('',#1170,.T.);
#571=FACE_OUTER_BOUND('',#1171,.T.);
#572=FACE_OUTER_BOUND('',#1172,.T.);
#573=FACE_OUTER_BOUND('',#1173,.T.);
#574=FACE_OUTER_BOUND('',#1174,.T.);
#575=FACE_OUTER_BOUND('',#1175,.T.);
#576=FACE_OUTER_BOUND('',#1176,.T.);
#577=FACE_OUTER_BOUND('',#1177,.T.);
#578=FACE_OUTER_BOUND('',#1178,.T.);
#579=FACE_OUTER_BOUND('',#1179,.T.);
#580=FACE_OUTER_BOUND('',#1180,.T.);
#581=FACE_OUTER_BOUND('',#1181,.T.);
#582=FACE_OUTER_BOUND('',#1182,.T.);
#583=FACE_OUTER_BOUND('',#1183,.T.);
#584=FACE_OUTER_BOUND('',#1184,.T.);
#585=FACE_OUTER_BOUND('',#1185,.T.);
#586=FACE_OUTER_BOUND('',#1186,.T.);
#587=FACE_OUTER_BOUND('',#1187,.T.);
#588=FACE_OUTER_BOUND('',#1188,.T.);
#589=FACE_OUTER_BOUND('',#1189,.T.);
#590=FACE_OUTER_BOUND('',#1190,.T.);
#591=FACE_OUTER_BOUND('',#1191,.T.);
#592=FACE_OUTER_BOUND('',#1192,.T.);
#593=FACE_OUTER_BOUND('',#1193,.T.);
#594=FACE_OUTER_BOUND('',#1194,.T.);
#595=FACE_OUTER_BOUND('',#1195,.T.);
#596=FACE_OUTER_BOUND('',#1196,.T.);
#597=FACE_OUTER_BOUND('',#1197,.T.);
#598=FACE_OUTER_BOUND('',#1198,.T.);
#599=FACE_OUTER_BOUND('',#1199,.T.);
#600=FACE_OUTER_BOUND('',#1200,.T.);
#601=FACE_OUTER_BOUND('',#1201,.T.);
#602=FACE_OUTER_BOUND('',#1202,.T.);
#603=FACE_OUTER_BOUND('',#1203,.T.);
#604=FACE_OUTER_BOUND('',#1204,.T.);
#605=FACE_OUTER_BOUND('',#1205,.T.);
#606=FACE_OUTER_BOUND('',#1206,.T.);
#607=FACE_OUTER_BOUND('',#1207,.T.);
#608=FACE_OUTER_BOUND('',#1208,.T.);
#609=FACE_OUTER_BOUND('',#1209,.T.);
#610=FACE_OUTER_BOUND('',#1210,.T.);
#611=FACE_OUTER_BOUND('',#1211,.T.);
#612=FACE_OUTER_BOUND('',#1212,.T.);
#613=FACE_OUTER_BOUND('',#1213,.T.);
#614=FACE_OUTER_BOUND('',#1214,.T.);
#615=FACE_OUTER_BOUND('',#1215,.T.);
#616=FACE_OUTER_BOUND('',#1216,.T.);
#617=FACE_OUTER_BOUND('',#1217,.T.);
#618=FACE_OUTER_BOUND('',#1218,.T.);
#619=FACE_OUTER_BOUND('',#1219,.T.);
#620=FACE_OUTER_BOUND('',#1220,.T.);
#621=FACE_OUTER_BOUND('',#1221,.T.);
#622=FACE_OUTER_BOUND('',#1222,.T.);
#623=FACE_OUTER_BOUND('',#1223,.T.);
#624=FACE_OUTER_BOUND('',#1224,.T.);
#625=FACE_OUTER_BOUND('',#1225,.T.);
#626=FACE_OUTER_BOUND('',#1226,.T.);
#627=FACE_OUTER_BOUND('',#1227,.T.);
#628=FACE_OUTER_BOUND('',#1228,.T.);
#629=FACE_OUTER_BOUND('',#1229,.T.);
#630=FACE_OUTER_BOUND('',#1230,.T.);
#631=FACE_OUTER_BOUND('',#1231,.T.);
#632=FACE_OUTER_BOUND('',#1232,.T.);
#633=FACE_OUTER_BOUND('',#1233,.T.);
#634=FACE_OUTER_BOUND('',#1234,.T.);
#635=FACE_OUTER_BOUND('',#1235,.T.);
#636=FACE_OUTER_BOUND('',#1236,.T.);
#637=FACE_OUTER_BOUND('',#1237,.T.);
#638=FACE_OUTER_BOUND('',#1238,.T.);
#639=FACE_OUTER_BOUND('',#1239,.T.);
#640=FACE_OUTER_BOUND('',#1240,.T.);
#641=FACE_OUTER_BOUND('',#1241,.T.);
#642=FACE_OUTER_BOUND('',#1242,.T.);
#643=FACE_OUTER_BOUND('',#1243,.T.);
#644=FACE_OUTER_BOUND('',#1244,.T.);
#645=FACE_OUTER_BOUND('',#1245,.T.);
#646=FACE_OUTER_BOUND('',#1246,.T.);
#647=FACE_OUTER_BOUND('',#1247,.T.);
#648=FACE_OUTER_BOUND('',#1248,.T.);
#649=FACE_OUTER_BOUND('',#1249,.T.);
#650=FACE_OUTER_BOUND('',#1250,.T.);
#651=FACE_OUTER_BOUND('',#1251,.T.);
#652=FACE_OUTER_BOUND('',#1252,.T.);
#653=FACE_OUTER_BOUND('',#1253,.T.);
#654=FACE_OUTER_BOUND('',#1254,.T.);
#655=FACE_OUTER_BOUND('',#1255,.T.);
#656=FACE_OUTER_BOUND('',#1256,.T.);
#657=FACE_OUTER_BOUND('',#1257,.T.);
#658=FACE_OUTER_BOUND('',#1258,.T.);
#659=FACE_OUTER_BOUND('',#1259,.T.);
#660=FACE_OUTER_BOUND('',#1260,.T.);
#661=FACE_OUTER_BOUND('',#1261,.T.);
#662=FACE_OUTER_BOUND('',#1262,.T.);
#663=FACE_OUTER_BOUND('',#1263,.T.);
#664=FACE_OUTER_BOUND('',#1264,.T.);
#665=FACE_OUTER_BOUND('',#1265,.T.);
#666=FACE_OUTER_BOUND('',#1266,.T.);
#667=FACE_OUTER_BOUND('',#1267,.T.);
#668=FACE_OUTER_BOUND('',#1268,.T.);
#669=FACE_OUTER_BOUND('',#1269,.T.);
#670=FACE_OUTER_BOUND('',#1270,.T.);
#671=FACE_OUTER_BOUND('',#1271,.T.);
#672=FACE_OUTER_BOUND('',#1272,.T.);
#673=FACE_OUTER_BOUND('',#1273,.T.);
#674=FACE_OUTER_BOUND('',#1274,.T.);
#675=FACE_OUTER_BOUND('',#1275,.T.);
#676=FACE_OUTER_BOUND('',#1276,.T.);
#677=FACE_OUTER_BOUND('',#1277,.T.);
#678=FACE_OUTER_BOUND('',#1278,.T.);
#679=FACE_OUTER_BOUND('',#1279,.T.);
#680=FACE_OUTER_BOUND('',#1280,.T.);
#681=FACE_OUTER_BOUND('',#1281,.T.);
#682=FACE_OUTER_BOUND('',#1282,.T.);
#683=FACE_OUTER_BOUND('',#1283,.T.);
#684=FACE_OUTER_BOUND('',#1284,.T.);
#685=FACE_OUTER_BOUND('',#1285,.T.);
#686=FACE_OUTER_BOUND('',#1286,.T.);
#687=FACE_OUTER_BOUND('',#1287,.T.);
#688=FACE_OUTER_BOUND('',#1288,.T.);
#689=FACE_OUTER_BOUND('',#1289,.T.);
#690=FACE_OUTER_BOUND('',#1290,.T.);
#691=FACE_OUTER_BOUND('',#1291,.T.);
#692=FACE_OUTER_BOUND('',#1292,.T.);
#693=FACE_OUTER_BOUND('',#1293,.T.);
#694=FACE_OUTER_BOUND('',#1294,.T.);
#695=FACE_OUTER_BOUND('',#1295,.T.);
#696=FACE_OUTER_BOUND('',#1296,.T.);
#697=FACE_OUTER_BOUND('',#1297,.T.);
#698=FACE_OUTER_BOUND('',#1298,.T.);
#699=FACE_OUTER_BOUND('',#1299,.T.);
#700=FACE_OUTER_BOUND('',#1300,.T.);
#701=FACE_OUTER_BOUND('',#1301,.T.);
#702=FACE_OUTER_BOUND('',#1302,.T.);
#703=FACE_OUTER_BOUND('',#1303,.T.);
#704=FACE_OUTER_BOUND('',#1304,.T.);
#705=FACE_OUTER_BOUND('',#1305,.T.);
#706=FACE_OUTER_BOUND('',#1306,.T.);
#707=FACE_OUTER_BOUND('',#1307,.T.);
#708=FACE_OUTER_BOUND('',#1308,.T.);
#709=FACE_OUTER_BOUND('',#1309,.T.);
#710=FACE_OUTER_BOUND('',#1310,.T.);
#711=FACE_OUTER_BOUND('',#1311,.T.);
#712=FACE_OUTER_BOUND('',#1312,.T.);
#713=FACE_OUTER_BOUND('',#1313,.T.);
#714=FACE_OUTER_BOUND('',#1314,.T.);
#715=FACE_OUTER_BOUND('',#1315,.T.);
#716=FACE_OUTER_BOUND('',#1316,.T.);
#717=FACE_OUTER_BOUND('',#1317,.T.);
#718=FACE_OUTER_BOUND('',#1318,.T.);
#719=FACE_OUTER_BOUND('',#1319,.T.);
#720=FACE_OUTER_BOUND('',#1320,.T.);
#721=FACE_OUTER_BOUND('',#1321,.T.);
#722=FACE_OUTER_BOUND('',#1322,.T.);
#723=FACE_OUTER_BOUND('',#1323,.T.);
#724=FACE_OUTER_BOUND('',#1324,.T.);
#725=FACE_OUTER_BOUND('',#1325,.T.);
#726=FACE_OUTER_BOUND('',#1326,.T.);
#727=EDGE_LOOP('',(#4551,#4552,#4553,#4554));
#728=EDGE_LOOP('',(#4555,#4556,#4557,#4558));
#729=EDGE_LOOP('',(#4559,#4560,#4561,#4562));
#730=EDGE_LOOP('',(#4563,#4564,#4565,#4566));
#731=EDGE_LOOP('',(#4567,#4568,#4569,#4570));
#732=EDGE_LOOP('',(#4571,#4572,#4573,#4574));
#733=EDGE_LOOP('',(#4575,#4576,#4577,#4578));
#734=EDGE_LOOP('',(#4579,#4580,#4581,#4582));
#735=EDGE_LOOP('',(#4583,#4584,#4585,#4586));
#736=EDGE_LOOP('',(#4587,#4588,#4589,#4590));
#737=EDGE_LOOP('',(#4591,#4592,#4593,#4594));
#738=EDGE_LOOP('',(#4595,#4596,#4597,#4598));
#739=EDGE_LOOP('',(#4599,#4600,#4601,#4602,#4603,#4604));
#740=EDGE_LOOP('',(#4605,#4606,#4607,#4608,#4609,#4610));
#741=EDGE_LOOP('',(#4611,#4612,#4613,#4614));
#742=EDGE_LOOP('',(#4615,#4616,#4617,#4618));
#743=EDGE_LOOP('',(#4619,#4620,#4621,#4622));
#744=EDGE_LOOP('',(#4623,#4624,#4625,#4626));
#745=EDGE_LOOP('',(#4627,#4628,#4629,#4630));
#746=EDGE_LOOP('',(#4631,#4632,#4633,#4634));
#747=EDGE_LOOP('',(#4635,#4636,#4637,#4638));
#748=EDGE_LOOP('',(#4639,#4640,#4641,#4642));
#749=EDGE_LOOP('',(#4643,#4644,#4645,#4646));
#750=EDGE_LOOP('',(#4647,#4648,#4649,#4650));
#751=EDGE_LOOP('',(#4651,#4652,#4653,#4654));
#752=EDGE_LOOP('',(#4655,#4656,#4657,#4658));
#753=EDGE_LOOP('',(#4659,#4660,#4661,#4662));
#754=EDGE_LOOP('',(#4663,#4664,#4665,#4666));
#755=EDGE_LOOP('',(#4667,#4668,#4669,#4670));
#756=EDGE_LOOP('',(#4671,#4672,#4673,#4674));
#757=EDGE_LOOP('',(#4675,#4676,#4677,#4678));
#758=EDGE_LOOP('',(#4679,#4680,#4681,#4682));
#759=EDGE_LOOP('',(#4683,#4684,#4685,#4686));
#760=EDGE_LOOP('',(#4687,#4688,#4689,#4690));
#761=EDGE_LOOP('',(#4691,#4692,#4693,#4694,#4695,#4696,#4697,#4698));
#762=EDGE_LOOP('',(#4699,#4700,#4701,#4702,#4703,#4704,#4705,#4706));
#763=EDGE_LOOP('',(#4707,#4708,#4709,#4710));
#764=EDGE_LOOP('',(#4711,#4712,#4713,#4714));
#765=EDGE_LOOP('',(#4715,#4716,#4717,#4718));
#766=EDGE_LOOP('',(#4719,#4720,#4721,#4722));
#767=EDGE_LOOP('',(#4723,#4724,#4725,#4726));
#768=EDGE_LOOP('',(#4727,#4728,#4729,#4730));
#769=EDGE_LOOP('',(#4731,#4732,#4733,#4734));
#770=EDGE_LOOP('',(#4735));
#771=EDGE_LOOP('',(#4736));
#772=EDGE_LOOP('',(#4737,#4738,#4739,#4740));
#773=EDGE_LOOP('',(#4741,#4742,#4743,#4744));
#774=EDGE_LOOP('',(#4745,#4746,#4747,#4748));
#775=EDGE_LOOP('',(#4749,#4750,#4751,#4752));
#776=EDGE_LOOP('',(#4753,#4754,#4755,#4756));
#777=EDGE_LOOP('',(#4757,#4758,#4759,#4760));
#778=EDGE_LOOP('',(#4761,#4762,#4763,#4764));
#779=EDGE_LOOP('',(#4765));
#780=EDGE_LOOP('',(#4766));
#781=EDGE_LOOP('',(#4767,#4768,#4769,#4770));
#782=EDGE_LOOP('',(#4771,#4772,#4773,#4774));
#783=EDGE_LOOP('',(#4775,#4776,#4777,#4778));
#784=EDGE_LOOP('',(#4779,#4780,#4781,#4782));
#785=EDGE_LOOP('',(#4783,#4784,#4785,#4786));
#786=EDGE_LOOP('',(#4787,#4788,#4789,#4790));
#787=EDGE_LOOP('',(#4791,#4792,#4793,#4794));
#788=EDGE_LOOP('',(#4795));
#789=EDGE_LOOP('',(#4796));
#790=EDGE_LOOP('',(#4797,#4798,#4799,#4800));
#791=EDGE_LOOP('',(#4801));
#792=EDGE_LOOP('',(#4802));
#793=EDGE_LOOP('',(#4803,#4804,#4805,#4806));
#794=EDGE_LOOP('',(#4807));
#795=EDGE_LOOP('',(#4808));
#796=EDGE_LOOP('',(#4809,#4810,#4811,#4812));
#797=EDGE_LOOP('',(#4813));
#798=EDGE_LOOP('',(#4814));
#799=EDGE_LOOP('',(#4815,#4816,#4817,#4818));
#800=EDGE_LOOP('',(#4819,#4820,#4821,#4822));
#801=EDGE_LOOP('',(#4823,#4824,#4825,#4826));
#802=EDGE_LOOP('',(#4827,#4828,#4829,#4830));
#803=EDGE_LOOP('',(#4831,#4832,#4833,#4834));
#804=EDGE_LOOP('',(#4835,#4836,#4837,#4838));
#805=EDGE_LOOP('',(#4839,#4840,#4841,#4842,#4843,#4844,#4845,#4846,#4847,
#4848,#4849,#4850,#4851,#4852,#4853,#4854,#4855,#4856,#4857,#4858,#4859,
#4860,#4861,#4862,#4863,#4864,#4865,#4866,#4867,#4868,#4869,#4870,#4871,
#4872,#4873,#4874,#4875,#4876,#4877));
#806=EDGE_LOOP('',(#4878,#4879,#4880,#4881,#4882));
#807=EDGE_LOOP('',(#4883,#4884,#4885,#4886,#4887,#4888));
#808=EDGE_LOOP('',(#4889,#4890,#4891,#4892,#4893,#4894,#4895,#4896));
#809=EDGE_LOOP('',(#4897,#4898,#4899,#4900));
#810=EDGE_LOOP('',(#4901,#4902,#4903));
#811=EDGE_LOOP('',(#4904,#4905,#4906));
#812=EDGE_LOOP('',(#4907,#4908,#4909));
#813=EDGE_LOOP('',(#4910,#4911,#4912));
#814=EDGE_LOOP('',(#4913,#4914,#4915));
#815=EDGE_LOOP('',(#4916,#4917,#4918));
#816=EDGE_LOOP('',(#4919,#4920,#4921));
#817=EDGE_LOOP('',(#4922,#4923,#4924));
#818=EDGE_LOOP('',(#4925,#4926,#4927));
#819=EDGE_LOOP('',(#4928,#4929,#4930));
#820=EDGE_LOOP('',(#4931,#4932,#4933));
#821=EDGE_LOOP('',(#4934,#4935,#4936));
#822=EDGE_LOOP('',(#4937,#4938,#4939));
#823=EDGE_LOOP('',(#4940,#4941,#4942));
#824=EDGE_LOOP('',(#4943,#4944,#4945));
#825=EDGE_LOOP('',(#4946,#4947,#4948));
#826=EDGE_LOOP('',(#4949,#4950,#4951));
#827=EDGE_LOOP('',(#4952,#4953,#4954));
#828=EDGE_LOOP('',(#4955,#4956,#4957));
#829=EDGE_LOOP('',(#4958,#4959,#4960));
#830=EDGE_LOOP('',(#4961,#4962,#4963));
#831=EDGE_LOOP('',(#4964,#4965,#4966));
#832=EDGE_LOOP('',(#4967,#4968,#4969));
#833=EDGE_LOOP('',(#4970,#4971,#4972,#4973));
#834=EDGE_LOOP('',(#4974,#4975,#4976));
#835=EDGE_LOOP('',(#4977,#4978,#4979));
#836=EDGE_LOOP('',(#4980,#4981,#4982));
#837=EDGE_LOOP('',(#4983,#4984,#4985));
#838=EDGE_LOOP('',(#4986,#4987,#4988));
#839=EDGE_LOOP('',(#4989,#4990,#4991));
#840=EDGE_LOOP('',(#4992,#4993,#4994));
#841=EDGE_LOOP('',(#4995,#4996,#4997));
#842=EDGE_LOOP('',(#4998,#4999,#5000));
#843=EDGE_LOOP('',(#5001,#5002,#5003));
#844=EDGE_LOOP('',(#5004,#5005,#5006));
#845=EDGE_LOOP('',(#5007,#5008,#5009));
#846=EDGE_LOOP('',(#5010,#5011,#5012));
#847=EDGE_LOOP('',(#5013,#5014,#5015));
#848=EDGE_LOOP('',(#5016,#5017,#5018));
#849=EDGE_LOOP('',(#5019,#5020,#5021));
#850=EDGE_LOOP('',(#5022,#5023,#5024));
#851=EDGE_LOOP('',(#5025,#5026,#5027));
#852=EDGE_LOOP('',(#5028,#5029,#5030));
#853=EDGE_LOOP('',(#5031,#5032,#5033));
#854=EDGE_LOOP('',(#5034,#5035,#5036));
#855=EDGE_LOOP('',(#5037,#5038,#5039));
#856=EDGE_LOOP('',(#5040,#5041,#5042));
#857=EDGE_LOOP('',(#5043,#5044,#5045));
#858=EDGE_LOOP('',(#5046,#5047,#5048));
#859=EDGE_LOOP('',(#5049,#5050,#5051));
#860=EDGE_LOOP('',(#5052,#5053,#5054));
#861=EDGE_LOOP('',(#5055,#5056,#5057));
#862=EDGE_LOOP('',(#5058,#5059,#5060));
#863=EDGE_LOOP('',(#5061,#5062,#5063));
#864=EDGE_LOOP('',(#5064,#5065,#5066));
#865=EDGE_LOOP('',(#5067,#5068,#5069));
#866=EDGE_LOOP('',(#5070,#5071,#5072));
#867=EDGE_LOOP('',(#5073,#5074,#5075));
#868=EDGE_LOOP('',(#5076,#5077,#5078));
#869=EDGE_LOOP('',(#5079,#5080,#5081));
#870=EDGE_LOOP('',(#5082,#5083,#5084));
#871=EDGE_LOOP('',(#5085,#5086,#5087));
#872=EDGE_LOOP('',(#5088,#5089,#5090));
#873=EDGE_LOOP('',(#5091,#5092,#5093));
#874=EDGE_LOOP('',(#5094,#5095,#5096));
#875=EDGE_LOOP('',(#5097,#5098,#5099));
#876=EDGE_LOOP('',(#5100,#5101,#5102));
#877=EDGE_LOOP('',(#5103,#5104,#5105));
#878=EDGE_LOOP('',(#5106,#5107,#5108));
#879=EDGE_LOOP('',(#5109,#5110,#5111));
#880=EDGE_LOOP('',(#5112,#5113,#5114));
#881=EDGE_LOOP('',(#5115,#5116,#5117));
#882=EDGE_LOOP('',(#5118,#5119,#5120));
#883=EDGE_LOOP('',(#5121,#5122,#5123));
#884=EDGE_LOOP('',(#5124,#5125,#5126));
#885=EDGE_LOOP('',(#5127,#5128,#5129));
#886=EDGE_LOOP('',(#5130,#5131,#5132));
#887=EDGE_LOOP('',(#5133,#5134,#5135));
#888=EDGE_LOOP('',(#5136,#5137,#5138));
#889=EDGE_LOOP('',(#5139,#5140,#5141));
#890=EDGE_LOOP('',(#5142,#5143,#5144));
#891=EDGE_LOOP('',(#5145,#5146,#5147));
#892=EDGE_LOOP('',(#5148,#5149,#5150));
#893=EDGE_LOOP('',(#5151,#5152,#5153));
#894=EDGE_LOOP('',(#5154,#5155,#5156));
#895=EDGE_LOOP('',(#5157,#5158,#5159));
#896=EDGE_LOOP('',(#5160,#5161,#5162));
#897=EDGE_LOOP('',(#5163,#5164,#5165));
#898=EDGE_LOOP('',(#5166,#5167,#5168));
#899=EDGE_LOOP('',(#5169,#5170,#5171));
#900=EDGE_LOOP('',(#5172,#5173,#5174));
#901=EDGE_LOOP('',(#5175,#5176,#5177));
#902=EDGE_LOOP('',(#5178,#5179,#5180));
#903=EDGE_LOOP('',(#5181,#5182,#5183));
#904=EDGE_LOOP('',(#5184,#5185,#5186));
#905=EDGE_LOOP('',(#5187,#5188,#5189));
#906=EDGE_LOOP('',(#5190,#5191,#5192));
#907=EDGE_LOOP('',(#5193,#5194,#5195));
#908=EDGE_LOOP('',(#5196,#5197,#5198));
#909=EDGE_LOOP('',(#5199,#5200,#5201));
#910=EDGE_LOOP('',(#5202,#5203,#5204));
#911=EDGE_LOOP('',(#5205,#5206,#5207));
#912=EDGE_LOOP('',(#5208,#5209,#5210));
#913=EDGE_LOOP('',(#5211,#5212,#5213));
#914=EDGE_LOOP('',(#5214,#5215,#5216));
#915=EDGE_LOOP('',(#5217,#5218,#5219));
#916=EDGE_LOOP('',(#5220,#5221,#5222));
#917=EDGE_LOOP('',(#5223,#5224,#5225));
#918=EDGE_LOOP('',(#5226,#5227,#5228));
#919=EDGE_LOOP('',(#5229,#5230,#5231));
#920=EDGE_LOOP('',(#5232,#5233,#5234));
#921=EDGE_LOOP('',(#5235,#5236,#5237));
#922=EDGE_LOOP('',(#5238,#5239,#5240));
#923=EDGE_LOOP('',(#5241,#5242,#5243));
#924=EDGE_LOOP('',(#5244,#5245,#5246));
#925=EDGE_LOOP('',(#5247,#5248,#5249));
#926=EDGE_LOOP('',(#5250,#5251,#5252));
#927=EDGE_LOOP('',(#5253,#5254,#5255));
#928=EDGE_LOOP('',(#5256,#5257,#5258));
#929=EDGE_LOOP('',(#5259,#5260,#5261));
#930=EDGE_LOOP('',(#5262,#5263,#5264));
#931=EDGE_LOOP('',(#5265,#5266,#5267));
#932=EDGE_LOOP('',(#5268,#5269,#5270));
#933=EDGE_LOOP('',(#5271,#5272,#5273));
#934=EDGE_LOOP('',(#5274,#5275,#5276));
#935=EDGE_LOOP('',(#5277,#5278,#5279));
#936=EDGE_LOOP('',(#5280,#5281,#5282));
#937=EDGE_LOOP('',(#5283,#5284,#5285));
#938=EDGE_LOOP('',(#5286,#5287,#5288));
#939=EDGE_LOOP('',(#5289,#5290,#5291));
#940=EDGE_LOOP('',(#5292,#5293,#5294));
#941=EDGE_LOOP('',(#5295,#5296,#5297));
#942=EDGE_LOOP('',(#5298,#5299,#5300));
#943=EDGE_LOOP('',(#5301,#5302,#5303));
#944=EDGE_LOOP('',(#5304,#5305,#5306));
#945=EDGE_LOOP('',(#5307,#5308,#5309));
#946=EDGE_LOOP('',(#5310,#5311,#5312));
#947=EDGE_LOOP('',(#5313,#5314,#5315));
#948=EDGE_LOOP('',(#5316,#5317,#5318));
#949=EDGE_LOOP('',(#5319,#5320,#5321));
#950=EDGE_LOOP('',(#5322,#5323,#5324));
#951=EDGE_LOOP('',(#5325,#5326,#5327));
#952=EDGE_LOOP('',(#5328,#5329,#5330));
#953=EDGE_LOOP('',(#5331,#5332,#5333));
#954=EDGE_LOOP('',(#5334,#5335,#5336));
#955=EDGE_LOOP('',(#5337,#5338,#5339));
#956=EDGE_LOOP('',(#5340,#5341,#5342));
#957=EDGE_LOOP('',(#5343,#5344,#5345));
#958=EDGE_LOOP('',(#5346,#5347,#5348));
#959=EDGE_LOOP('',(#5349,#5350,#5351));
#960=EDGE_LOOP('',(#5352,#5353,#5354));
#961=EDGE_LOOP('',(#5355,#5356,#5357));
#962=EDGE_LOOP('',(#5358,#5359,#5360));
#963=EDGE_LOOP('',(#5361,#5362,#5363));
#964=EDGE_LOOP('',(#5364,#5365,#5366));
#965=EDGE_LOOP('',(#5367,#5368,#5369));
#966=EDGE_LOOP('',(#5370,#5371,#5372));
#967=EDGE_LOOP('',(#5373,#5374,#5375));
#968=EDGE_LOOP('',(#5376,#5377,#5378));
#969=EDGE_LOOP('',(#5379,#5380,#5381));
#970=EDGE_LOOP('',(#5382,#5383,#5384));
#971=EDGE_LOOP('',(#5385,#5386,#5387));
#972=EDGE_LOOP('',(#5388,#5389,#5390));
#973=EDGE_LOOP('',(#5391,#5392,#5393));
#974=EDGE_LOOP('',(#5394,#5395,#5396));
#975=EDGE_LOOP('',(#5397,#5398,#5399));
#976=EDGE_LOOP('',(#5400,#5401,#5402));
#977=EDGE_LOOP('',(#5403,#5404,#5405));
#978=EDGE_LOOP('',(#5406,#5407,#5408));
#979=EDGE_LOOP('',(#5409,#5410,#5411));
#980=EDGE_LOOP('',(#5412,#5413,#5414));
#981=EDGE_LOOP('',(#5415,#5416,#5417));
#982=EDGE_LOOP('',(#5418,#5419,#5420));
#983=EDGE_LOOP('',(#5421,#5422,#5423));
#984=EDGE_LOOP('',(#5424,#5425,#5426));
#985=EDGE_LOOP('',(#5427,#5428,#5429));
#986=EDGE_LOOP('',(#5430,#5431,#5432));
#987=EDGE_LOOP('',(#5433,#5434,#5435));
#988=EDGE_LOOP('',(#5436,#5437,#5438));
#989=EDGE_LOOP('',(#5439,#5440,#5441));
#990=EDGE_LOOP('',(#5442,#5443,#5444));
#991=EDGE_LOOP('',(#5445,#5446,#5447));
#992=EDGE_LOOP('',(#5448,#5449,#5450));
#993=EDGE_LOOP('',(#5451,#5452,#5453));
#994=EDGE_LOOP('',(#5454,#5455,#5456));
#995=EDGE_LOOP('',(#5457,#5458,#5459));
#996=EDGE_LOOP('',(#5460,#5461,#5462));
#997=EDGE_LOOP('',(#5463,#5464,#5465));
#998=EDGE_LOOP('',(#5466,#5467,#5468));
#999=EDGE_LOOP('',(#5469,#5470,#5471));
#1000=EDGE_LOOP('',(#5472,#5473,#5474));
#1001=EDGE_LOOP('',(#5475,#5476,#5477));
#1002=EDGE_LOOP('',(#5478,#5479,#5480));
#1003=EDGE_LOOP('',(#5481,#5482,#5483));
#1004=EDGE_LOOP('',(#5484,#5485,#5486));
#1005=EDGE_LOOP('',(#5487,#5488,#5489));
#1006=EDGE_LOOP('',(#5490,#5491,#5492));
#1007=EDGE_LOOP('',(#5493,#5494,#5495));
#1008=EDGE_LOOP('',(#5496,#5497,#5498));
#1009=EDGE_LOOP('',(#5499,#5500,#5501));
#1010=EDGE_LOOP('',(#5502,#5503,#5504));
#1011=EDGE_LOOP('',(#5505,#5506,#5507));
#1012=EDGE_LOOP('',(#5508,#5509,#5510));
#1013=EDGE_LOOP('',(#5511,#5512,#5513));
#1014=EDGE_LOOP('',(#5514,#5515,#5516));
#1015=EDGE_LOOP('',(#5517,#5518,#5519));
#1016=EDGE_LOOP('',(#5520,#5521,#5522));
#1017=EDGE_LOOP('',(#5523,#5524,#5525));
#1018=EDGE_LOOP('',(#5526,#5527,#5528));
#1019=EDGE_LOOP('',(#5529,#5530,#5531));
#1020=EDGE_LOOP('',(#5532,#5533,#5534));
#1021=EDGE_LOOP('',(#5535,#5536,#5537));
#1022=EDGE_LOOP('',(#5538,#5539,#5540));
#1023=EDGE_LOOP('',(#5541,#5542,#5543));
#1024=EDGE_LOOP('',(#5544,#5545,#5546));
#1025=EDGE_LOOP('',(#5547,#5548,#5549));
#1026=EDGE_LOOP('',(#5550,#5551,#5552));
#1027=EDGE_LOOP('',(#5553,#5554,#5555));
#1028=EDGE_LOOP('',(#5556,#5557,#5558));
#1029=EDGE_LOOP('',(#5559,#5560,#5561));
#1030=EDGE_LOOP('',(#5562,#5563,#5564));
#1031=EDGE_LOOP('',(#5565,#5566,#5567));
#1032=EDGE_LOOP('',(#5568,#5569,#5570));
#1033=EDGE_LOOP('',(#5571,#5572,#5573));
#1034=EDGE_LOOP('',(#5574,#5575,#5576));
#1035=EDGE_LOOP('',(#5577,#5578,#5579));
#1036=EDGE_LOOP('',(#5580,#5581,#5582));
#1037=EDGE_LOOP('',(#5583,#5584,#5585));
#1038=EDGE_LOOP('',(#5586,#5587,#5588));
#1039=EDGE_LOOP('',(#5589,#5590,#5591));
#1040=EDGE_LOOP('',(#5592,#5593,#5594));
#1041=EDGE_LOOP('',(#5595,#5596,#5597));
#1042=EDGE_LOOP('',(#5598,#5599,#5600));
#1043=EDGE_LOOP('',(#5601,#5602,#5603));
#1044=EDGE_LOOP('',(#5604,#5605,#5606));
#1045=EDGE_LOOP('',(#5607,#5608,#5609));
#1046=EDGE_LOOP('',(#5610,#5611,#5612));
#1047=EDGE_LOOP('',(#5613,#5614,#5615));
#1048=EDGE_LOOP('',(#5616,#5617,#5618));
#1049=EDGE_LOOP('',(#5619,#5620,#5621));
#1050=EDGE_LOOP('',(#5622,#5623,#5624));
#1051=EDGE_LOOP('',(#5625,#5626,#5627));
#1052=EDGE_LOOP('',(#5628,#5629,#5630));
#1053=EDGE_LOOP('',(#5631,#5632,#5633));
#1054=EDGE_LOOP('',(#5634,#5635,#5636));
#1055=EDGE_LOOP('',(#5637,#5638,#5639));
#1056=EDGE_LOOP('',(#5640,#5641,#5642));
#1057=EDGE_LOOP('',(#5643,#5644,#5645));
#1058=EDGE_LOOP('',(#5646,#5647,#5648));
#1059=EDGE_LOOP('',(#5649,#5650,#5651));
#1060=EDGE_LOOP('',(#5652,#5653,#5654));
#1061=EDGE_LOOP('',(#5655,#5656,#5657));
#1062=EDGE_LOOP('',(#5658,#5659,#5660));
#1063=EDGE_LOOP('',(#5661,#5662,#5663));
#1064=EDGE_LOOP('',(#5664,#5665,#5666));
#1065=EDGE_LOOP('',(#5667,#5668,#5669));
#1066=EDGE_LOOP('',(#5670,#5671,#5672));
#1067=EDGE_LOOP('',(#5673,#5674,#5675));
#1068=EDGE_LOOP('',(#5676,#5677,#5678));
#1069=EDGE_LOOP('',(#5679,#5680,#5681));
#1070=EDGE_LOOP('',(#5682,#5683,#5684));
#1071=EDGE_LOOP('',(#5685,#5686,#5687));
#1072=EDGE_LOOP('',(#5688,#5689,#5690));
#1073=EDGE_LOOP('',(#5691,#5692,#5693));
#1074=EDGE_LOOP('',(#5694,#5695,#5696));
#1075=EDGE_LOOP('',(#5697,#5698,#5699));
#1076=EDGE_LOOP('',(#5700,#5701,#5702));
#1077=EDGE_LOOP('',(#5703,#5704,#5705));
#1078=EDGE_LOOP('',(#5706,#5707,#5708));
#1079=EDGE_LOOP('',(#5709,#5710,#5711));
#1080=EDGE_LOOP('',(#5712,#5713,#5714));
#1081=EDGE_LOOP('',(#5715,#5716,#5717));
#1082=EDGE_LOOP('',(#5718,#5719,#5720));
#1083=EDGE_LOOP('',(#5721,#5722,#5723));
#1084=EDGE_LOOP('',(#5724,#5725,#5726));
#1085=EDGE_LOOP('',(#5727,#5728,#5729));
#1086=EDGE_LOOP('',(#5730,#5731,#5732));
#1087=EDGE_LOOP('',(#5733,#5734,#5735));
#1088=EDGE_LOOP('',(#5736,#5737,#5738));
#1089=EDGE_LOOP('',(#5739,#5740,#5741));
#1090=EDGE_LOOP('',(#5742,#5743,#5744));
#1091=EDGE_LOOP('',(#5745,#5746,#5747));
#1092=EDGE_LOOP('',(#5748,#5749,#5750));
#1093=EDGE_LOOP('',(#5751,#5752,#5753));
#1094=EDGE_LOOP('',(#5754,#5755,#5756));
#1095=EDGE_LOOP('',(#5757,#5758,#5759));
#1096=EDGE_LOOP('',(#5760,#5761,#5762));
#1097=EDGE_LOOP('',(#5763,#5764,#5765));
#1098=EDGE_LOOP('',(#5766,#5767,#5768));
#1099=EDGE_LOOP('',(#5769,#5770,#5771));
#1100=EDGE_LOOP('',(#5772,#5773,#5774));
#1101=EDGE_LOOP('',(#5775,#5776,#5777));
#1102=EDGE_LOOP('',(#5778,#5779,#5780));
#1103=EDGE_LOOP('',(#5781,#5782,#5783));
#1104=EDGE_LOOP('',(#5784,#5785,#5786));
#1105=EDGE_LOOP('',(#5787,#5788,#5789));
#1106=EDGE_LOOP('',(#5790,#5791,#5792));
#1107=EDGE_LOOP('',(#5793,#5794,#5795));
#1108=EDGE_LOOP('',(#5796,#5797,#5798));
#1109=EDGE_LOOP('',(#5799,#5800,#5801));
#1110=EDGE_LOOP('',(#5802,#5803,#5804));
#1111=EDGE_LOOP('',(#5805,#5806,#5807));
#1112=EDGE_LOOP('',(#5808,#5809,#5810));
#1113=EDGE_LOOP('',(#5811,#5812,#5813));
#1114=EDGE_LOOP('',(#5814,#5815,#5816));
#1115=EDGE_LOOP('',(#5817,#5818,#5819));
#1116=EDGE_LOOP('',(#5820,#5821,#5822));
#1117=EDGE_LOOP('',(#5823,#5824,#5825));
#1118=EDGE_LOOP('',(#5826,#5827,#5828));
#1119=EDGE_LOOP('',(#5829,#5830,#5831));
#1120=EDGE_LOOP('',(#5832,#5833,#5834));
#1121=EDGE_LOOP('',(#5835,#5836,#5837));
#1122=EDGE_LOOP('',(#5838,#5839,#5840));
#1123=EDGE_LOOP('',(#5841,#5842,#5843));
#1124=EDGE_LOOP('',(#5844,#5845,#5846));
#1125=EDGE_LOOP('',(#5847,#5848,#5849));
#1126=EDGE_LOOP('',(#5850,#5851,#5852));
#1127=EDGE_LOOP('',(#5853,#5854,#5855));
#1128=EDGE_LOOP('',(#5856,#5857,#5858));
#1129=EDGE_LOOP('',(#5859,#5860,#5861));
#1130=EDGE_LOOP('',(#5862,#5863,#5864));
#1131=EDGE_LOOP('',(#5865,#5866,#5867));
#1132=EDGE_LOOP('',(#5868,#5869,#5870));
#1133=EDGE_LOOP('',(#5871,#5872,#5873));
#1134=EDGE_LOOP('',(#5874,#5875,#5876));
#1135=EDGE_LOOP('',(#5877,#5878,#5879));
#1136=EDGE_LOOP('',(#5880,#5881,#5882));
#1137=EDGE_LOOP('',(#5883,#5884,#5885));
#1138=EDGE_LOOP('',(#5886,#5887,#5888,#5889,#5890,#5891));
#1139=EDGE_LOOP('',(#5892,#5893,#5894));
#1140=EDGE_LOOP('',(#5895,#5896,#5897));
#1141=EDGE_LOOP('',(#5898,#5899,#5900));
#1142=EDGE_LOOP('',(#5901,#5902,#5903));
#1143=EDGE_LOOP('',(#5904,#5905,#5906));
#1144=EDGE_LOOP('',(#5907,#5908,#5909));
#1145=EDGE_LOOP('',(#5910,#5911,#5912));
#1146=EDGE_LOOP('',(#5913,#5914,#5915));
#1147=EDGE_LOOP('',(#5916,#5917,#5918));
#1148=EDGE_LOOP('',(#5919,#5920,#5921));
#1149=EDGE_LOOP('',(#5922,#5923,#5924));
#1150=EDGE_LOOP('',(#5925,#5926,#5927));
#1151=EDGE_LOOP('',(#5928,#5929,#5930));
#1152=EDGE_LOOP('',(#5931,#5932,#5933));
#1153=EDGE_LOOP('',(#5934,#5935,#5936));
#1154=EDGE_LOOP('',(#5937,#5938,#5939));
#1155=EDGE_LOOP('',(#5940,#5941,#5942));
#1156=EDGE_LOOP('',(#5943,#5944,#5945));
#1157=EDGE_LOOP('',(#5946,#5947,#5948));
#1158=EDGE_LOOP('',(#5949,#5950,#5951));
#1159=EDGE_LOOP('',(#5952,#5953,#5954));
#1160=EDGE_LOOP('',(#5955,#5956,#5957));
#1161=EDGE_LOOP('',(#5958,#5959,#5960));
#1162=EDGE_LOOP('',(#5961,#5962,#5963));
#1163=EDGE_LOOP('',(#5964,#5965,#5966));
#1164=EDGE_LOOP('',(#5967,#5968,#5969));
#1165=EDGE_LOOP('',(#5970,#5971,#5972));
#1166=EDGE_LOOP('',(#5973,#5974,#5975));
#1167=EDGE_LOOP('',(#5976,#5977,#5978));
#1168=EDGE_LOOP('',(#5979,#5980,#5981));
#1169=EDGE_LOOP('',(#5982,#5983,#5984));
#1170=EDGE_LOOP('',(#5985,#5986,#5987));
#1171=EDGE_LOOP('',(#5988,#5989,#5990));
#1172=EDGE_LOOP('',(#5991,#5992,#5993));
#1173=EDGE_LOOP('',(#5994,#5995,#5996));
#1174=EDGE_LOOP('',(#5997,#5998,#5999));
#1175=EDGE_LOOP('',(#6000,#6001,#6002));
#1176=EDGE_LOOP('',(#6003,#6004,#6005));
#1177=EDGE_LOOP('',(#6006,#6007,#6008));
#1178=EDGE_LOOP('',(#6009,#6010,#6011));
#1179=EDGE_LOOP('',(#6012,#6013,#6014));
#1180=EDGE_LOOP('',(#6015,#6016,#6017));
#1181=EDGE_LOOP('',(#6018,#6019,#6020));
#1182=EDGE_LOOP('',(#6021,#6022,#6023));
#1183=EDGE_LOOP('',(#6024,#6025,#6026));
#1184=EDGE_LOOP('',(#6027,#6028,#6029));
#1185=EDGE_LOOP('',(#6030,#6031,#6032));
#1186=EDGE_LOOP('',(#6033,#6034,#6035));
#1187=EDGE_LOOP('',(#6036,#6037,#6038));
#1188=EDGE_LOOP('',(#6039,#6040,#6041));
#1189=EDGE_LOOP('',(#6042,#6043,#6044));
#1190=EDGE_LOOP('',(#6045,#6046,#6047));
#1191=EDGE_LOOP('',(#6048,#6049,#6050));
#1192=EDGE_LOOP('',(#6051,#6052,#6053));
#1193=EDGE_LOOP('',(#6054,#6055,#6056));
#1194=EDGE_LOOP('',(#6057,#6058,#6059));
#1195=EDGE_LOOP('',(#6060,#6061,#6062));
#1196=EDGE_LOOP('',(#6063,#6064,#6065));
#1197=EDGE_LOOP('',(#6066,#6067,#6068));
#1198=EDGE_LOOP('',(#6069,#6070,#6071));
#1199=EDGE_LOOP('',(#6072,#6073,#6074));
#1200=EDGE_LOOP('',(#6075,#6076,#6077));
#1201=EDGE_LOOP('',(#6078,#6079,#6080));
#1202=EDGE_LOOP('',(#6081,#6082,#6083));
#1203=EDGE_LOOP('',(#6084,#6085,#6086));
#1204=EDGE_LOOP('',(#6087,#6088,#6089));
#1205=EDGE_LOOP('',(#6090,#6091,#6092));
#1206=EDGE_LOOP('',(#6093,#6094,#6095));
#1207=EDGE_LOOP('',(#6096,#6097,#6098));
#1208=EDGE_LOOP('',(#6099,#6100,#6101));
#1209=EDGE_LOOP('',(#6102,#6103,#6104));
#1210=EDGE_LOOP('',(#6105,#6106,#6107));
#1211=EDGE_LOOP('',(#6108,#6109,#6110));
#1212=EDGE_LOOP('',(#6111,#6112,#6113));
#1213=EDGE_LOOP('',(#6114,#6115,#6116));
#1214=EDGE_LOOP('',(#6117,#6118,#6119));
#1215=EDGE_LOOP('',(#6120,#6121,#6122));
#1216=EDGE_LOOP('',(#6123,#6124,#6125));
#1217=EDGE_LOOP('',(#6126,#6127,#6128));
#1218=EDGE_LOOP('',(#6129,#6130,#6131));
#1219=EDGE_LOOP('',(#6132,#6133,#6134));
#1220=EDGE_LOOP('',(#6135,#6136,#6137));
#1221=EDGE_LOOP('',(#6138,#6139,#6140,#6141,#6142));
#1222=EDGE_LOOP('',(#6143,#6144,#6145));
#1223=EDGE_LOOP('',(#6146,#6147,#6148));
#1224=EDGE_LOOP('',(#6149,#6150,#6151));
#1225=EDGE_LOOP('',(#6152,#6153,#6154));
#1226=EDGE_LOOP('',(#6155,#6156,#6157));
#1227=EDGE_LOOP('',(#6158,#6159,#6160));
#1228=EDGE_LOOP('',(#6161,#6162,#6163));
#1229=EDGE_LOOP('',(#6164,#6165,#6166));
#1230=EDGE_LOOP('',(#6167,#6168,#6169));
#1231=EDGE_LOOP('',(#6170,#6171,#6172));
#1232=EDGE_LOOP('',(#6173,#6174,#6175));
#1233=EDGE_LOOP('',(#6176,#6177,#6178));
#1234=EDGE_LOOP('',(#6179,#6180,#6181));
#1235=EDGE_LOOP('',(#6182,#6183,#6184));
#1236=EDGE_LOOP('',(#6185,#6186,#6187));
#1237=EDGE_LOOP('',(#6188,#6189,#6190,#6191));
#1238=EDGE_LOOP('',(#6192,#6193,#6194));
#1239=EDGE_LOOP('',(#6195,#6196,#6197));
#1240=EDGE_LOOP('',(#6198,#6199,#6200));
#1241=EDGE_LOOP('',(#6201,#6202,#6203));
#1242=EDGE_LOOP('',(#6204,#6205,#6206));
#1243=EDGE_LOOP('',(#6207,#6208,#6209));
#1244=EDGE_LOOP('',(#6210,#6211,#6212));
#1245=EDGE_LOOP('',(#6213,#6214,#6215));
#1246=EDGE_LOOP('',(#6216,#6217,#6218));
#1247=EDGE_LOOP('',(#6219,#6220,#6221));
#1248=EDGE_LOOP('',(#6222,#6223,#6224));
#1249=EDGE_LOOP('',(#6225,#6226,#6227));
#1250=EDGE_LOOP('',(#6228,#6229,#6230));
#1251=EDGE_LOOP('',(#6231,#6232,#6233));
#1252=EDGE_LOOP('',(#6234,#6235,#6236));
#1253=EDGE_LOOP('',(#6237,#6238,#6239));
#1254=EDGE_LOOP('',(#6240,#6241,#6242));
#1255=EDGE_LOOP('',(#6243,#6244,#6245));
#1256=EDGE_LOOP('',(#6246,#6247,#6248));
#1257=EDGE_LOOP('',(#6249,#6250,#6251));
#1258=EDGE_LOOP('',(#6252,#6253,#6254));
#1259=EDGE_LOOP('',(#6255,#6256,#6257));
#1260=EDGE_LOOP('',(#6258,#6259,#6260));
#1261=EDGE_LOOP('',(#6261,#6262,#6263));
#1262=EDGE_LOOP('',(#6264,#6265,#6266));
#1263=EDGE_LOOP('',(#6267,#6268,#6269));
#1264=EDGE_LOOP('',(#6270,#6271,#6272));
#1265=EDGE_LOOP('',(#6273,#6274,#6275));
#1266=EDGE_LOOP('',(#6276,#6277,#6278));
#1267=EDGE_LOOP('',(#6279,#6280,#6281));
#1268=EDGE_LOOP('',(#6282,#6283,#6284));
#1269=EDGE_LOOP('',(#6285,#6286,#6287));
#1270=EDGE_LOOP('',(#6288,#6289,#6290));
#1271=EDGE_LOOP('',(#6291,#6292,#6293));
#1272=EDGE_LOOP('',(#6294,#6295,#6296));
#1273=EDGE_LOOP('',(#6297,#6298,#6299));
#1274=EDGE_LOOP('',(#6300,#6301,#6302));
#1275=EDGE_LOOP('',(#6303,#6304,#6305));
#1276=EDGE_LOOP('',(#6306,#6307,#6308));
#1277=EDGE_LOOP('',(#6309,#6310,#6311));
#1278=EDGE_LOOP('',(#6312,#6313,#6314));
#1279=EDGE_LOOP('',(#6315,#6316,#6317));
#1280=EDGE_LOOP('',(#6318,#6319,#6320));
#1281=EDGE_LOOP('',(#6321,#6322,#6323));
#1282=EDGE_LOOP('',(#6324,#6325,#6326));
#1283=EDGE_LOOP('',(#6327,#6328,#6329));
#1284=EDGE_LOOP('',(#6330,#6331,#6332));
#1285=EDGE_LOOP('',(#6333,#6334,#6335));
#1286=EDGE_LOOP('',(#6336,#6337,#6338));
#1287=EDGE_LOOP('',(#6339,#6340,#6341));
#1288=EDGE_LOOP('',(#6342,#6343,#6344));
#1289=EDGE_LOOP('',(#6345,#6346,#6347));
#1290=EDGE_LOOP('',(#6348,#6349,#6350));
#1291=EDGE_LOOP('',(#6351,#6352,#6353));
#1292=EDGE_LOOP('',(#6354,#6355,#6356));
#1293=EDGE_LOOP('',(#6357,#6358,#6359));
#1294=EDGE_LOOP('',(#6360,#6361,#6362));
#1295=EDGE_LOOP('',(#6363,#6364,#6365));
#1296=EDGE_LOOP('',(#6366,#6367,#6368));
#1297=EDGE_LOOP('',(#6369,#6370,#6371));
#1298=EDGE_LOOP('',(#6372,#6373,#6374));
#1299=EDGE_LOOP('',(#6375,#6376,#6377));
#1300=EDGE_LOOP('',(#6378,#6379,#6380));
#1301=EDGE_LOOP('',(#6381,#6382,#6383));
#1302=EDGE_LOOP('',(#6384,#6385,#6386));
#1303=EDGE_LOOP('',(#6387,#6388,#6389));
#1304=EDGE_LOOP('',(#6390,#6391,#6392));
#1305=EDGE_LOOP('',(#6393,#6394,#6395));
#1306=EDGE_LOOP('',(#6396,#6397,#6398));
#1307=EDGE_LOOP('',(#6399,#6400,#6401));
#1308=EDGE_LOOP('',(#6402,#6403,#6404));
#1309=EDGE_LOOP('',(#6405,#6406,#6407));
#1310=EDGE_LOOP('',(#6408,#6409,#6410));
#1311=EDGE_LOOP('',(#6411,#6412,#6413));
#1312=EDGE_LOOP('',(#6414,#6415,#6416));
#1313=EDGE_LOOP('',(#6417,#6418,#6419));
#1314=EDGE_LOOP('',(#6420,#6421,#6422));
#1315=EDGE_LOOP('',(#6423,#6424,#6425));
#1316=EDGE_LOOP('',(#6426,#6427,#6428));
#1317=EDGE_LOOP('',(#6429,#6430,#6431));
#1318=EDGE_LOOP('',(#6432,#6433,#6434));
#1319=EDGE_LOOP('',(#6435,#6436,#6437));
#1320=EDGE_LOOP('',(#6438,#6439,#6440));
#1321=EDGE_LOOP('',(#6441,#6442,#6443));
#1322=EDGE_LOOP('',(#6444,#6445,#6446));
#1323=EDGE_LOOP('',(#6447,#6448,#6449));
#1324=EDGE_LOOP('',(#6450,#6451,#6452));
#1325=EDGE_LOOP('',(#6453,#6454,#6455));
#1326=EDGE_LOOP('',(#6456,#6457,#6458));
#1327=LINE('',#10644,#2269);
#1328=LINE('',#10646,#2270);
#1329=LINE('',#10648,#2271);
#1330=LINE('',#10649,#2272);
#1331=LINE('',#10652,#2273);
#1332=LINE('',#10654,#2274);
#1333=LINE('',#10655,#2275);
#1334=LINE('',#10658,#2276);
#1335=LINE('',#10660,#2277);
#1336=LINE('',#10661,#2278);
#1337=LINE('',#10663,#2279);
#1338=LINE('',#10664,#2280);
#1339=LINE('',#10671,#2281);
#1340=LINE('',#10673,#2282);
#1341=LINE('',#10675,#2283);
#1342=LINE('',#10676,#2284);
#1343=LINE('',#10679,#2285);
#1344=LINE('',#10681,#2286);
#1345=LINE('',#10682,#2287);
#1346=LINE('',#10685,#2288);
#1347=LINE('',#10687,#2289);
#1348=LINE('',#10688,#2290);
#1349=LINE('',#10691,#2291);
#1350=LINE('',#10693,#2292);
#1351=LINE('',#10694,#2293);
#1352=LINE('',#10697,#2294);
#1353=LINE('',#10699,#2295);
#1354=LINE('',#10700,#2296);
#1355=LINE('',#10702,#2297);
#1356=LINE('',#10703,#2298);
#1357=LINE('',#10710,#2299);
#1358=LINE('',#10712,#2300);
#1359=LINE('',#10714,#2301);
#1360=LINE('',#10715,#2302);
#1361=LINE('',#10719,#2303);
#1362=LINE('',#10721,#2304);
#1363=LINE('',#10723,#2305);
#1364=LINE('',#10724,#2306);
#1365=LINE('',#10726,#2307);
#1366=LINE('',#10727,#2308);
#1367=LINE('',#10729,#2309);
#1368=LINE('',#10731,#2310);
#1369=LINE('',#10737,#2311);
#1370=LINE('',#10739,#2312);
#1371=LINE('',#10741,#2313);
#1372=LINE('',#10742,#2314);
#1373=LINE('',#10746,#2315);
#1374=LINE('',#10748,#2316);
#1375=LINE('',#10750,#2317);
#1376=LINE('',#10751,#2318);
#1377=LINE('',#10753,#2319);
#1378=LINE('',#10754,#2320);
#1379=LINE('',#10756,#2321);
#1380=LINE('',#10758,#2322);
#1381=LINE('',#10764,#2323);
#1382=LINE('',#10766,#2324);
#1383=LINE('',#10768,#2325);
#1384=LINE('',#10769,#2326);
#1385=LINE('',#10772,#2327);
#1386=LINE('',#10774,#2328);
#1387=LINE('',#10775,#2329);
#1388=LINE('',#10778,#2330);
#1389=LINE('',#10780,#2331);
#1390=LINE('',#10781,#2332);
#1391=LINE('',#10784,#2333);
#1392=LINE('',#10786,#2334);
#1393=LINE('',#10787,#2335);
#1394=LINE('',#10790,#2336);
#1395=LINE('',#10792,#2337);
#1396=LINE('',#10793,#2338);
#1397=LINE('',#10796,#2339);
#1398=LINE('',#10798,#2340);
#1399=LINE('',#10799,#2341);
#1400=LINE('',#10802,#2342);
#1401=LINE('',#10804,#2343);
#1402=LINE('',#10805,#2344);
#1403=LINE('',#10807,#2345);
#1404=LINE('',#10808,#2346);
#1405=LINE('',#10815,#2347);
#1406=LINE('',#10817,#2348);
#1407=LINE('',#10819,#2349);
#1408=LINE('',#10820,#2350);
#1409=LINE('',#10824,#2351);
#1410=LINE('',#10826,#2352);
#1411=LINE('',#10828,#2353);
#1412=LINE('',#10829,#2354);
#1413=LINE('',#10831,#2355);
#1414=LINE('',#10832,#2356);
#1415=LINE('',#10834,#2357);
#1416=LINE('',#10836,#2358);
#1417=LINE('',#10842,#2359);
#1418=LINE('',#10850,#2360);
#1419=LINE('',#10852,#2361);
#1420=LINE('',#10854,#2362);
#1421=LINE('',#10855,#2363);
#1422=LINE('',#10859,#2364);
#1423=LINE('',#10861,#2365);
#1424=LINE('',#10863,#2366);
#1425=LINE('',#10864,#2367);
#1426=LINE('',#10866,#2368);
#1427=LINE('',#10867,#2369);
#1428=LINE('',#10869,#2370);
#1429=LINE('',#10871,#2371);
#1430=LINE('',#10877,#2372);
#1431=LINE('',#10884,#2373);
#1432=LINE('',#10886,#2374);
#1433=LINE('',#10888,#2375);
#1434=LINE('',#10889,#2376);
#1435=LINE('',#10893,#2377);
#1436=LINE('',#10895,#2378);
#1437=LINE('',#10897,#2379);
#1438=LINE('',#10898,#2380);
#1439=LINE('',#10900,#2381);
#1440=LINE('',#10901,#2382);
#1441=LINE('',#10903,#2383);
#1442=LINE('',#10905,#2384);
#1443=LINE('',#10912,#2385);
#1444=LINE('',#10921,#2386);
#1445=LINE('',#10929,#2387);
#1446=LINE('',#10937,#2388);
#1447=LINE('',#10945,#2389);
#1448=LINE('',#10947,#2390);
#1449=LINE('',#10949,#2391);
#1450=LINE('',#10950,#2392);
#1451=LINE('',#10953,#2393);
#1452=LINE('',#10955,#2394);
#1453=LINE('',#10956,#2395);
#1454=LINE('',#10959,#2396);
#1455=LINE('',#10960,#2397);
#1456=LINE('',#10963,#2398);
#1457=LINE('',#10964,#2399);
#1458=LINE('',#10966,#2400);
#1459=LINE('',#10971,#2401);
#1460=LINE('',#10973,#2402);
#1461=LINE('',#10975,#2403);
#1462=LINE('',#10977,#2404);
#1463=LINE('',#10979,#2405);
#1464=LINE('',#10981,#2406);
#1465=LINE('',#10983,#2407);
#1466=LINE('',#10985,#2408);
#1467=LINE('',#10987,#2409);
#1468=LINE('',#10989,#2410);
#1469=LINE('',#10991,#2411);
#1470=LINE('',#10993,#2412);
#1471=LINE('',#10995,#2413);
#1472=LINE('',#10997,#2414);
#1473=LINE('',#10999,#2415);
#1474=LINE('',#11001,#2416);
#1475=LINE('',#11003,#2417);
#1476=LINE('',#11005,#2418);
#1477=LINE('',#11007,#2419);
#1478=LINE('',#11009,#2420);
#1479=LINE('',#11011,#2421);
#1480=LINE('',#11013,#2422);
#1481=LINE('',#11015,#2423);
#1482=LINE('',#11017,#2424);
#1483=LINE('',#11019,#2425);
#1484=LINE('',#11021,#2426);
#1485=LINE('',#11023,#2427);
#1486=LINE('',#11025,#2428);
#1487=LINE('',#11027,#2429);
#1488=LINE('',#11029,#2430);
#1489=LINE('',#11031,#2431);
#1490=LINE('',#11033,#2432);
#1491=LINE('',#11035,#2433);
#1492=LINE('',#11037,#2434);
#1493=LINE('',#11039,#2435);
#1494=LINE('',#11041,#2436);
#1495=LINE('',#11043,#2437);
#1496=LINE('',#11045,#2438);
#1497=LINE('',#11046,#2439);
#1498=LINE('',#11049,#2440);
#1499=LINE('',#11051,#2441);
#1500=LINE('',#11053,#2442);
#1501=LINE('',#11054,#2443);
#1502=LINE('',#11057,#2444);
#1503=LINE('',#11059,#2445);
#1504=LINE('',#11061,#2446);
#1505=LINE('',#11063,#2447);
#1506=LINE('',#11064,#2448);
#1507=LINE('',#11067,#2449);
#1508=LINE('',#11069,#2450);
#1509=LINE('',#11071,#2451);
#1510=LINE('',#11073,#2452);
#1511=LINE('',#11074,#2453);
#1512=LINE('',#11075,#2454);
#1513=LINE('',#11079,#2455);
#1514=LINE('',#11080,#2456);
#1515=LINE('',#11082,#2457);
#1516=LINE('',#11084,#2458);
#1517=LINE('',#11086,#2459);
#1518=LINE('',#11088,#2460);
#1519=LINE('',#11090,#2461);
#1520=LINE('',#11092,#2462);
#1521=LINE('',#11094,#2463);
#1522=LINE('',#11096,#2464);
#1523=LINE('',#11098,#2465);
#1524=LINE('',#11100,#2466);
#1525=LINE('',#11102,#2467);
#1526=LINE('',#11104,#2468);
#1527=LINE('',#11106,#2469);
#1528=LINE('',#11108,#2470);
#1529=LINE('',#11110,#2471);
#1530=LINE('',#11112,#2472);
#1531=LINE('',#11114,#2473);
#1532=LINE('',#11116,#2474);
#1533=LINE('',#11118,#2475);
#1534=LINE('',#11120,#2476);
#1535=LINE('',#11122,#2477);
#1536=LINE('',#11124,#2478);
#1537=LINE('',#11127,#2479);
#1538=LINE('',#11128,#2480);
#1539=LINE('',#11132,#2481);
#1540=LINE('',#11134,#2482);
#1541=LINE('',#11135,#2483);
#1542=LINE('',#11138,#2484);
#1543=LINE('',#11139,#2485);
#1544=LINE('',#11141,#2486);
#1545=LINE('',#11144,#2487);
#1546=LINE('',#11145,#2488);
#1547=LINE('',#11148,#2489);
#1548=LINE('',#11149,#2490);
#1549=LINE('',#11152,#2491);
#1550=LINE('',#11153,#2492);
#1551=LINE('',#11156,#2493);
#1552=LINE('',#11157,#2494);
#1553=LINE('',#11160,#2495);
#1554=LINE('',#11161,#2496);
#1555=LINE('',#11164,#2497);
#1556=LINE('',#11165,#2498);
#1557=LINE('',#11168,#2499);
#1558=LINE('',#11169,#2500);
#1559=LINE('',#11172,#2501);
#1560=LINE('',#11173,#2502);
#1561=LINE('',#11176,#2503);
#1562=LINE('',#11177,#2504);
#1563=LINE('',#11180,#2505);
#1564=LINE('',#11181,#2506);
#1565=LINE('',#11184,#2507);
#1566=LINE('',#11185,#2508);
#1567=LINE('',#11188,#2509);
#1568=LINE('',#11189,#2510);
#1569=LINE('',#11192,#2511);
#1570=LINE('',#11193,#2512);
#1571=LINE('',#11196,#2513);
#1572=LINE('',#11197,#2514);
#1573=LINE('',#11200,#2515);
#1574=LINE('',#11201,#2516);
#1575=LINE('',#11203,#2517);
#1576=LINE('',#11206,#2518);
#1577=LINE('',#11207,#2519);
#1578=LINE('',#11209,#2520);
#1579=LINE('',#11212,#2521);
#1580=LINE('',#11214,#2522);
#1581=LINE('',#11215,#2523);
#1582=LINE('',#11217,#2524);
#1583=LINE('',#11220,#2525);
#1584=LINE('',#11221,#2526);
#1585=LINE('',#11223,#2527);
#1586=LINE('',#11225,#2528);
#1587=LINE('',#11227,#2529);
#1588=LINE('',#11229,#2530);
#1589=LINE('',#11232,#2531);
#1590=LINE('',#11233,#2532);
#1591=LINE('',#11235,#2533);
#1592=LINE('',#11237,#2534);
#1593=LINE('',#11239,#2535);
#1594=LINE('',#11242,#2536);
#1595=LINE('',#11243,#2537);
#1596=LINE('',#11245,#2538);
#1597=LINE('',#11248,#2539);
#1598=LINE('',#11249,#2540);
#1599=LINE('',#11251,#2541);
#1600=LINE('',#11253,#2542);
#1601=LINE('',#11255,#2543);
#1602=LINE('',#11258,#2544);
#1603=LINE('',#11259,#2545);
#1604=LINE('',#11261,#2546);
#1605=LINE('',#11264,#2547);
#1606=LINE('',#11265,#2548);
#1607=LINE('',#11267,#2549);
#1608=LINE('',#11269,#2550);
#1609=LINE('',#11271,#2551);
#1610=LINE('',#11273,#2552);
#1611=LINE('',#11275,#2553);
#1612=LINE('',#11278,#2554);
#1613=LINE('',#11279,#2555);
#1614=LINE('',#11282,#2556);
#1615=LINE('',#11283,#2557);
#1616=LINE('',#11286,#2558);
#1617=LINE('',#11287,#2559);
#1618=LINE('',#11290,#2560);
#1619=LINE('',#11291,#2561);
#1620=LINE('',#11293,#2562);
#1621=LINE('',#11296,#2563);
#1622=LINE('',#11297,#2564);
#1623=LINE('',#11300,#2565);
#1624=LINE('',#11301,#2566);
#1625=LINE('',#11304,#2567);
#1626=LINE('',#11305,#2568);
#1627=LINE('',#11307,#2569);
#1628=LINE('',#11309,#2570);
#1629=LINE('',#11312,#2571);
#1630=LINE('',#11313,#2572);
#1631=LINE('',#11316,#2573);
#1632=LINE('',#11317,#2574);
#1633=LINE('',#11319,#2575);
#1634=LINE('',#11322,#2576);
#1635=LINE('',#11323,#2577);
#1636=LINE('',#11325,#2578);
#1637=LINE('',#11328,#2579);
#1638=LINE('',#11329,#2580);
#1639=LINE('',#11331,#2581);
#1640=LINE('',#11333,#2582);
#1641=LINE('',#11335,#2583);
#1642=LINE('',#11338,#2584);
#1643=LINE('',#11339,#2585);
#1644=LINE('',#11342,#2586);
#1645=LINE('',#11343,#2587);
#1646=LINE('',#11345,#2588);
#1647=LINE('',#11347,#2589);
#1648=LINE('',#11350,#2590);
#1649=LINE('',#11351,#2591);
#1650=LINE('',#11354,#2592);
#1651=LINE('',#11355,#2593);
#1652=LINE('',#11357,#2594);
#1653=LINE('',#11360,#2595);
#1654=LINE('',#11361,#2596);
#1655=LINE('',#11363,#2597);
#1656=LINE('',#11365,#2598);
#1657=LINE('',#11368,#2599);
#1658=LINE('',#11369,#2600);
#1659=LINE('',#11372,#2601);
#1660=LINE('',#11373,#2602);
#1661=LINE('',#11375,#2603);
#1662=LINE('',#11378,#2604);
#1663=LINE('',#11380,#2605);
#1664=LINE('',#11381,#2606);
#1665=LINE('',#11383,#2607);
#1666=LINE('',#11386,#2608);
#1667=LINE('',#11387,#2609);
#1668=LINE('',#11389,#2610);
#1669=LINE('',#11392,#2611);
#1670=LINE('',#11394,#2612);
#1671=LINE('',#11395,#2613);
#1672=LINE('',#11398,#2614);
#1673=LINE('',#11399,#2615);
#1674=LINE('',#11401,#2616);
#1675=LINE('',#11403,#2617);
#1676=LINE('',#11406,#2618);
#1677=LINE('',#11407,#2619);
#1678=LINE('',#11410,#2620);
#1679=LINE('',#11411,#2621);
#1680=LINE('',#11414,#2622);
#1681=LINE('',#11415,#2623);
#1682=LINE('',#11417,#2624);
#1683=LINE('',#11420,#2625);
#1684=LINE('',#11421,#2626);
#1685=LINE('',#11423,#2627);
#1686=LINE('',#11426,#2628);
#1687=LINE('',#11427,#2629);
#1688=LINE('',#11430,#2630);
#1689=LINE('',#11431,#2631);
#1690=LINE('',#11433,#2632);
#1691=LINE('',#11436,#2633);
#1692=LINE('',#11437,#2634);
#1693=LINE('',#11440,#2635);
#1694=LINE('',#11441,#2636);
#1695=LINE('',#11443,#2637);
#1696=LINE('',#11446,#2638);
#1697=LINE('',#11447,#2639);
#1698=LINE('',#11450,#2640);
#1699=LINE('',#11451,#2641);
#1700=LINE('',#11454,#2642);
#1701=LINE('',#11455,#2643);
#1702=LINE('',#11458,#2644);
#1703=LINE('',#11459,#2645);
#1704=LINE('',#11461,#2646);
#1705=LINE('',#11463,#2647);
#1706=LINE('',#11466,#2648);
#1707=LINE('',#11467,#2649);
#1708=LINE('',#11470,#2650);
#1709=LINE('',#11471,#2651);
#1710=LINE('',#11473,#2652);
#1711=LINE('',#11475,#2653);
#1712=LINE('',#11478,#2654);
#1713=LINE('',#11479,#2655);
#1714=LINE('',#11481,#2656);
#1715=LINE('',#11484,#2657);
#1716=LINE('',#11485,#2658);
#1717=LINE('',#11488,#2659);
#1718=LINE('',#11489,#2660);
#1719=LINE('',#11491,#2661);
#1720=LINE('',#11494,#2662);
#1721=LINE('',#11495,#2663);
#1722=LINE('',#11497,#2664);
#1723=LINE('',#11499,#2665);
#1724=LINE('',#11502,#2666);
#1725=LINE('',#11503,#2667);
#1726=LINE('',#11505,#2668);
#1727=LINE('',#11508,#2669);
#1728=LINE('',#11509,#2670);
#1729=LINE('',#11511,#2671);
#1730=LINE('',#11513,#2672);
#1731=LINE('',#11515,#2673);
#1732=LINE('',#11518,#2674);
#1733=LINE('',#11519,#2675);
#1734=LINE('',#11522,#2676);
#1735=LINE('',#11523,#2677);
#1736=LINE('',#11525,#2678);
#1737=LINE('',#11528,#2679);
#1738=LINE('',#11529,#2680);
#1739=LINE('',#11531,#2681);
#1740=LINE('',#11533,#2682);
#1741=LINE('',#11535,#2683);
#1742=LINE('',#11537,#2684);
#1743=LINE('',#11539,#2685);
#1744=LINE('',#11542,#2686);
#1745=LINE('',#11543,#2687);
#1746=LINE('',#11546,#2688);
#1747=LINE('',#11547,#2689);
#1748=LINE('',#11549,#2690);
#1749=LINE('',#11552,#2691);
#1750=LINE('',#11554,#2692);
#1751=LINE('',#11555,#2693);
#1752=LINE('',#11557,#2694);
#1753=LINE('',#11560,#2695);
#1754=LINE('',#11561,#2696);
#1755=LINE('',#11564,#2697);
#1756=LINE('',#11565,#2698);
#1757=LINE('',#11567,#2699);
#1758=LINE('',#11570,#2700);
#1759=LINE('',#11571,#2701);
#1760=LINE('',#11574,#2702);
#1761=LINE('',#11575,#2703);
#1762=LINE('',#11578,#2704);
#1763=LINE('',#11579,#2705);
#1764=LINE('',#11582,#2706);
#1765=LINE('',#11583,#2707);
#1766=LINE('',#11585,#2708);
#1767=LINE('',#11588,#2709);
#1768=LINE('',#11589,#2710);
#1769=LINE('',#11592,#2711);
#1770=LINE('',#11593,#2712);
#1771=LINE('',#11596,#2713);
#1772=LINE('',#11597,#2714);
#1773=LINE('',#11600,#2715);
#1774=LINE('',#11601,#2716);
#1775=LINE('',#11604,#2717);
#1776=LINE('',#11605,#2718);
#1777=LINE('',#11608,#2719);
#1778=LINE('',#11609,#2720);
#1779=LINE('',#11611,#2721);
#1780=LINE('',#11613,#2722);
#1781=LINE('',#11615,#2723);
#1782=LINE('',#11618,#2724);
#1783=LINE('',#11619,#2725);
#1784=LINE('',#11621,#2726);
#1785=LINE('',#11623,#2727);
#1786=LINE('',#11625,#2728);
#1787=LINE('',#11628,#2729);
#1788=LINE('',#11629,#2730);
#1789=LINE('',#11632,#2731);
#1790=LINE('',#11633,#2732);
#1791=LINE('',#11636,#2733);
#1792=LINE('',#11637,#2734);
#1793=LINE('',#11639,#2735);
#1794=LINE('',#11642,#2736);
#1795=LINE('',#11644,#2737);
#1796=LINE('',#11645,#2738);
#1797=LINE('',#11647,#2739);
#1798=LINE('',#11650,#2740);
#1799=LINE('',#11651,#2741);
#1800=LINE('',#11654,#2742);
#1801=LINE('',#11655,#2743);
#1802=LINE('',#11657,#2744);
#1803=LINE('',#11660,#2745);
#1804=LINE('',#11662,#2746);
#1805=LINE('',#11663,#2747);
#1806=LINE('',#11665,#2748);
#1807=LINE('',#11668,#2749);
#1808=LINE('',#11669,#2750);
#1809=LINE('',#11672,#2751);
#1810=LINE('',#11673,#2752);
#1811=LINE('',#11675,#2753);
#1812=LINE('',#11678,#2754);
#1813=LINE('',#11679,#2755);
#1814=LINE('',#11682,#2756);
#1815=LINE('',#11683,#2757);
#1816=LINE('',#11686,#2758);
#1817=LINE('',#11687,#2759);
#1818=LINE('',#11690,#2760);
#1819=LINE('',#11691,#2761);
#1820=LINE('',#11694,#2762);
#1821=LINE('',#11695,#2763);
#1822=LINE('',#11698,#2764);
#1823=LINE('',#11699,#2765);
#1824=LINE('',#11701,#2766);
#1825=LINE('',#11703,#2767);
#1826=LINE('',#11706,#2768);
#1827=LINE('',#11707,#2769);
#1828=LINE('',#11709,#2770);
#1829=LINE('',#11712,#2771);
#1830=LINE('',#11713,#2772);
#1831=LINE('',#11715,#2773);
#1832=LINE('',#11717,#2774);
#1833=LINE('',#11720,#2775);
#1834=LINE('',#11721,#2776);
#1835=LINE('',#11724,#2777);
#1836=LINE('',#11725,#2778);
#1837=LINE('',#11727,#2779);
#1838=LINE('',#11730,#2780);
#1839=LINE('',#11731,#2781);
#1840=LINE('',#11733,#2782);
#1841=LINE('',#11736,#2783);
#1842=LINE('',#11737,#2784);
#1843=LINE('',#11740,#2785);
#1844=LINE('',#11741,#2786);
#1845=LINE('',#11744,#2787);
#1846=LINE('',#11745,#2788);
#1847=LINE('',#11748,#2789);
#1848=LINE('',#11749,#2790);
#1849=LINE('',#11752,#2791);
#1850=LINE('',#11753,#2792);
#1851=LINE('',#11755,#2793);
#1852=LINE('',#11758,#2794);
#1853=LINE('',#11759,#2795);
#1854=LINE('',#11762,#2796);
#1855=LINE('',#11763,#2797);
#1856=LINE('',#11766,#2798);
#1857=LINE('',#11767,#2799);
#1858=LINE('',#11769,#2800);
#1859=LINE('',#11771,#2801);
#1860=LINE('',#11774,#2802);
#1861=LINE('',#11776,#2803);
#1862=LINE('',#11777,#2804);
#1863=LINE('',#11779,#2805);
#1864=LINE('',#11782,#2806);
#1865=LINE('',#11783,#2807);
#1866=LINE('',#11786,#2808);
#1867=LINE('',#11787,#2809);
#1868=LINE('',#11790,#2810);
#1869=LINE('',#11791,#2811);
#1870=LINE('',#11793,#2812);
#1871=LINE('',#11795,#2813);
#1872=LINE('',#11796,#2814);
#1873=LINE('',#11799,#2815);
#1874=LINE('',#11800,#2816);
#1875=LINE('',#11802,#2817);
#1876=LINE('',#11804,#2818);
#1877=LINE('',#11806,#2819);
#1878=LINE('',#11808,#2820);
#1879=LINE('',#11812,#2821);
#1880=LINE('',#11813,#2822);
#1881=LINE('',#11814,#2823);
#1882=LINE('',#11816,#2824);
#1883=LINE('',#11819,#2825);
#1884=LINE('',#11820,#2826);
#1885=LINE('',#11823,#2827);
#1886=LINE('',#11824,#2828);
#1887=LINE('',#11827,#2829);
#1888=LINE('',#11828,#2830);
#1889=LINE('',#11830,#2831);
#1890=LINE('',#11833,#2832);
#1891=LINE('',#11834,#2833);
#1892=LINE('',#11837,#2834);
#1893=LINE('',#11838,#2835);
#1894=LINE('',#11841,#2836);
#1895=LINE('',#11842,#2837);
#1896=LINE('',#11845,#2838);
#1897=LINE('',#11846,#2839);
#1898=LINE('',#11849,#2840);
#1899=LINE('',#11850,#2841);
#1900=LINE('',#11852,#2842);
#1901=LINE('',#11855,#2843);
#1902=LINE('',#11856,#2844);
#1903=LINE('',#11859,#2845);
#1904=LINE('',#11860,#2846);
#1905=LINE('',#11862,#2847);
#1906=LINE('',#11863,#2848);
#1907=LINE('',#11866,#2849);
#1908=LINE('',#11867,#2850);
#1909=LINE('',#11869,#2851);
#1910=LINE('',#11872,#2852);
#1911=LINE('',#11873,#2853);
#1912=LINE('',#11875,#2854);
#1913=LINE('',#11878,#2855);
#1914=LINE('',#11879,#2856);
#1915=LINE('',#11881,#2857);
#1916=LINE('',#11883,#2858);
#1917=LINE('',#11884,#2859);
#1918=LINE('',#11888,#2860);
#1919=LINE('',#11890,#2861);
#1920=LINE('',#11891,#2862);
#1921=LINE('',#11893,#2863);
#1922=LINE('',#11895,#2864);
#1923=LINE('',#11898,#2865);
#1924=LINE('',#11899,#2866);
#1925=LINE('',#11902,#2867);
#1926=LINE('',#11903,#2868);
#1927=LINE('',#11905,#2869);
#1928=LINE('',#11907,#2870);
#1929=LINE('',#11909,#2871);
#1930=LINE('',#11912,#2872);
#1931=LINE('',#11913,#2873);
#1932=LINE('',#11915,#2874);
#1933=LINE('',#11916,#2875);
#1934=LINE('',#11918,#2876);
#1935=LINE('',#11921,#2877);
#1936=LINE('',#11922,#2878);
#1937=LINE('',#11924,#2879);
#1938=LINE('',#11927,#2880);
#1939=LINE('',#11928,#2881);
#1940=LINE('',#11930,#2882);
#1941=LINE('',#11932,#2883);
#1942=LINE('',#11935,#2884);
#1943=LINE('',#11938,#2885);
#1944=LINE('',#11939,#2886);
#1945=LINE('',#11941,#2887);
#1946=LINE('',#11943,#2888);
#1947=LINE('',#11946,#2889);
#1948=LINE('',#11947,#2890);
#1949=LINE('',#11949,#2891);
#1950=LINE('',#11952,#2892);
#1951=LINE('',#11953,#2893);
#1952=LINE('',#11956,#2894);
#1953=LINE('',#11957,#2895);
#1954=LINE('',#11959,#2896);
#1955=LINE('',#11961,#2897);
#1956=LINE('',#11962,#2898);
#1957=LINE('',#11964,#2899);
#1958=LINE('',#11967,#2900);
#1959=LINE('',#11968,#2901);
#1960=LINE('',#11970,#2902);
#1961=LINE('',#11974,#2903);
#1962=LINE('',#11976,#2904);
#1963=LINE('',#11977,#2905);
#1964=LINE('',#11980,#2906);
#1965=LINE('',#11981,#2907);
#1966=LINE('',#11984,#2908);
#1967=LINE('',#11985,#2909);
#1968=LINE('',#11987,#2910);
#1969=LINE('',#11990,#2911);
#1970=LINE('',#11991,#2912);
#1971=LINE('',#11993,#2913);
#1972=LINE('',#11996,#2914);
#1973=LINE('',#11998,#2915);
#1974=LINE('',#11999,#2916);
#1975=LINE('',#12002,#2917);
#1976=LINE('',#12003,#2918);
#1977=LINE('',#12005,#2919);
#1978=LINE('',#12007,#2920);
#1979=LINE('',#12009,#2921);
#1980=LINE('',#12011,#2922);
#1981=LINE('',#12012,#2923);
#1982=LINE('',#12014,#2924);
#1983=LINE('',#12017,#2925);
#1984=LINE('',#12018,#2926);
#1985=LINE('',#12021,#2927);
#1986=LINE('',#12022,#2928);
#1987=LINE('',#12024,#2929);
#1988=LINE('',#12026,#2930);
#1989=LINE('',#12027,#2931);
#1990=LINE('',#12029,#2932);
#1991=LINE('',#12032,#2933);
#1992=LINE('',#12036,#2934);
#1993=LINE('',#12037,#2935);
#1994=LINE('',#12040,#2936);
#1995=LINE('',#12041,#2937);
#1996=LINE('',#12044,#2938);
#1997=LINE('',#12045,#2939);
#1998=LINE('',#12048,#2940);
#1999=LINE('',#12049,#2941);
#2000=LINE('',#12052,#2942);
#2001=LINE('',#12053,#2943);
#2002=LINE('',#12056,#2944);
#2003=LINE('',#12057,#2945);
#2004=LINE('',#12059,#2946);
#2005=LINE('',#12062,#2947);
#2006=LINE('',#12063,#2948);
#2007=LINE('',#12065,#2949);
#2008=LINE('',#12068,#2950);
#2009=LINE('',#12069,#2951);
#2010=LINE('',#12071,#2952);
#2011=LINE('',#12073,#2953);
#2012=LINE('',#12074,#2954);
#2013=LINE('',#12076,#2955);
#2014=LINE('',#12080,#2956);
#2015=LINE('',#12081,#2957);
#2016=LINE('',#12084,#2958);
#2017=LINE('',#12085,#2959);
#2018=LINE('',#12088,#2960);
#2019=LINE('',#12089,#2961);
#2020=LINE('',#12091,#2962);
#2021=LINE('',#12093,#2963);
#2022=LINE('',#12095,#2964);
#2023=LINE('',#12098,#2965);
#2024=LINE('',#12099,#2966);
#2025=LINE('',#12102,#2967);
#2026=LINE('',#12103,#2968);
#2027=LINE('',#12105,#2969);
#2028=LINE('',#12107,#2970);
#2029=LINE('',#12108,#2971);
#2030=LINE('',#12110,#2972);
#2031=LINE('',#12112,#2973);
#2032=LINE('',#12115,#2974);
#2033=LINE('',#12117,#2975);
#2034=LINE('',#12119,#2976);
#2035=LINE('',#12120,#2977);
#2036=LINE('',#12123,#2978);
#2037=LINE('',#12124,#2979);
#2038=LINE('',#12127,#2980);
#2039=LINE('',#12129,#2981);
#2040=LINE('',#12131,#2982);
#2041=LINE('',#12134,#2983);
#2042=LINE('',#12135,#2984);
#2043=LINE('',#12138,#2985);
#2044=LINE('',#12139,#2986);
#2045=LINE('',#12142,#2987);
#2046=LINE('',#12143,#2988);
#2047=LINE('',#12146,#2989);
#2048=LINE('',#12147,#2990);
#2049=LINE('',#12150,#2991);
#2050=LINE('',#12151,#2992);
#2051=LINE('',#12153,#2993);
#2052=LINE('',#12156,#2994);
#2053=LINE('',#12157,#2995);
#2054=LINE('',#12160,#2996);
#2055=LINE('',#12161,#2997);
#2056=LINE('',#12163,#2998);
#2057=LINE('',#12166,#2999);
#2058=LINE('',#12167,#3000);
#2059=LINE('',#12170,#3001);
#2060=LINE('',#12171,#3002);
#2061=LINE('',#12173,#3003);
#2062=LINE('',#12176,#3004);
#2063=LINE('',#12177,#3005);
#2064=LINE('',#12179,#3006);
#2065=LINE('',#12182,#3007);
#2066=LINE('',#12183,#3008);
#2067=LINE('',#12185,#3009);
#2068=LINE('',#12188,#3010);
#2069=LINE('',#12189,#3011);
#2070=LINE('',#12191,#3012);
#2071=LINE('',#12194,#3013);
#2072=LINE('',#12195,#3014);
#2073=LINE('',#12197,#3015);
#2074=LINE('',#12200,#3016);
#2075=LINE('',#12201,#3017);
#2076=LINE('',#12203,#3018);
#2077=LINE('',#12204,#3019);
#2078=LINE('',#12206,#3020);
#2079=LINE('',#12209,#3021);
#2080=LINE('',#12212,#3022);
#2081=LINE('',#12213,#3023);
#2082=LINE('',#12215,#3024);
#2083=LINE('',#12216,#3025);
#2084=LINE('',#12219,#3026);
#2085=LINE('',#12220,#3027);
#2086=LINE('',#12223,#3028);
#2087=LINE('',#12224,#3029);
#2088=LINE('',#12227,#3030);
#2089=LINE('',#12228,#3031);
#2090=LINE('',#12231,#3032);
#2091=LINE('',#12232,#3033);
#2092=LINE('',#12235,#3034);
#2093=LINE('',#12236,#3035);
#2094=LINE('',#12238,#3036);
#2095=LINE('',#12240,#3037);
#2096=LINE('',#12241,#3038);
#2097=LINE('',#12244,#3039);
#2098=LINE('',#12245,#3040);
#2099=LINE('',#12247,#3041);
#2100=LINE('',#12250,#3042);
#2101=LINE('',#12251,#3043);
#2102=LINE('',#12253,#3044);
#2103=LINE('',#12256,#3045);
#2104=LINE('',#12259,#3046);
#2105=LINE('',#12260,#3047);
#2106=LINE('',#12263,#3048);
#2107=LINE('',#12264,#3049);
#2108=LINE('',#12266,#3050);
#2109=LINE('',#12269,#3051);
#2110=LINE('',#12270,#3052);
#2111=LINE('',#12272,#3053);
#2112=LINE('',#12274,#3054);
#2113=LINE('',#12277,#3055);
#2114=LINE('',#12278,#3056);
#2115=LINE('',#12281,#3057);
#2116=LINE('',#12282,#3058);
#2117=LINE('',#12284,#3059);
#2118=LINE('',#12287,#3060);
#2119=LINE('',#12288,#3061);
#2120=LINE('',#12290,#3062);
#2121=LINE('',#12293,#3063);
#2122=LINE('',#12294,#3064);
#2123=LINE('',#12295,#3065);
#2124=LINE('',#12299,#3066);
#2125=LINE('',#12300,#3067);
#2126=LINE('',#12302,#3068);
#2127=LINE('',#12304,#3069);
#2128=LINE('',#12307,#3070);
#2129=LINE('',#12308,#3071);
#2130=LINE('',#12310,#3072);
#2131=LINE('',#12312,#3073);
#2132=LINE('',#12313,#3074);
#2133=LINE('',#12317,#3075);
#2134=LINE('',#12318,#3076);
#2135=LINE('',#12320,#3077);
#2136=LINE('',#12322,#3078);
#2137=LINE('',#12324,#3079);
#2138=LINE('',#12325,#3080);
#2139=LINE('',#12327,#3081);
#2140=LINE('',#12329,#3082);
#2141=LINE('',#12331,#3083);
#2142=LINE('',#12333,#3084);
#2143=LINE('',#12335,#3085);
#2144=LINE('',#12337,#3086);
#2145=LINE('',#12339,#3087);
#2146=LINE('',#12341,#3088);
#2147=LINE('',#12343,#3089);
#2148=LINE('',#12345,#3090);
#2149=LINE('',#12347,#3091);
#2150=LINE('',#12350,#3092);
#2151=LINE('',#12351,#3093);
#2152=LINE('',#12353,#3094);
#2153=LINE('',#12357,#3095);
#2154=LINE('',#12358,#3096);
#2155=LINE('',#12361,#3097);
#2156=LINE('',#12362,#3098);
#2157=LINE('',#12364,#3099);
#2158=LINE('',#12366,#3100);
#2159=LINE('',#12367,#3101);
#2160=LINE('',#12370,#3102);
#2161=LINE('',#12371,#3103);
#2162=LINE('',#12373,#3104);
#2163=LINE('',#12376,#3105);
#2164=LINE('',#12377,#3106);
#2165=LINE('',#12379,#3107);
#2166=LINE('',#12381,#3108);
#2167=LINE('',#12383,#3109);
#2168=LINE('',#12384,#3110);
#2169=LINE('',#12386,#3111);
#2170=LINE('',#12388,#3112);
#2171=LINE('',#12390,#3113);
#2172=LINE('',#12393,#3114);
#2173=LINE('',#12395,#3115);
#2174=LINE('',#12397,#3116);
#2175=LINE('',#12400,#3117);
#2176=LINE('',#12402,#3118);
#2177=LINE('',#12403,#3119);
#2178=LINE('',#12405,#3120);
#2179=LINE('',#12407,#3121);
#2180=LINE('',#12410,#3122);
#2181=LINE('',#12411,#3123);
#2182=LINE('',#12413,#3124);
#2183=LINE('',#12416,#3125);
#2184=LINE('',#12417,#3126);
#2185=LINE('',#12419,#3127);
#2186=LINE('',#12422,#3128);
#2187=LINE('',#12423,#3129);
#2188=LINE('',#12425,#3130);
#2189=LINE('',#12428,#3131);
#2190=LINE('',#12429,#3132);
#2191=LINE('',#12431,#3133);
#2192=LINE('',#12434,#3134);
#2193=LINE('',#12435,#3135);
#2194=LINE('',#12437,#3136);
#2195=LINE('',#12440,#3137);
#2196=LINE('',#12441,#3138);
#2197=LINE('',#12443,#3139);
#2198=LINE('',#12445,#3140);
#2199=LINE('',#12448,#3141);
#2200=LINE('',#12449,#3142);
#2201=LINE('',#12451,#3143);
#2202=LINE('',#12454,#3144);
#2203=LINE('',#12455,#3145);
#2204=LINE('',#12457,#3146);
#2205=LINE('',#12459,#3147);
#2206=LINE('',#12461,#3148);
#2207=LINE('',#12463,#3149);
#2208=LINE('',#12466,#3150);
#2209=LINE('',#12467,#3151);
#2210=LINE('',#12469,#3152);
#2211=LINE('',#12471,#3153);
#2212=LINE('',#12474,#3154);
#2213=LINE('',#12475,#3155);
#2214=LINE('',#12477,#3156);
#2215=LINE('',#12480,#3157);
#2216=LINE('',#12481,#3158);
#2217=LINE('',#12484,#3159);
#2218=LINE('',#12485,#3160);
#2219=LINE('',#12487,#3161);
#2220=LINE('',#12490,#3162);
#2221=LINE('',#12491,#3163);
#2222=LINE('',#12493,#3164);
#2223=LINE('',#12496,#3165);
#2224=LINE('',#12497,#3166);
#2225=LINE('',#12499,#3167);
#2226=LINE('',#12501,#3168);
#2227=LINE('',#12502,#3169);
#2228=LINE('',#12506,#3170);
#2229=LINE('',#12507,#3171);
#2230=LINE('',#12509,#3172);
#2231=LINE('',#12512,#3173);
#2232=LINE('',#12513,#3174);
#2233=LINE('',#12516,#3175);
#2234=LINE('',#12517,#3176);
#2235=LINE('',#12519,#3177);
#2236=LINE('',#12521,#3178);
#2237=LINE('',#12524,#3179);
#2238=LINE('',#12525,#3180);
#2239=LINE('',#12527,#3181);
#2240=LINE('',#12530,#3182);
#2241=LINE('',#12531,#3183);
#2242=LINE('',#12533,#3184);
#2243=LINE('',#12536,#3185);
#2244=LINE('',#12539,#3186);
#2245=LINE('',#12541,#3187);
#2246=LINE('',#12543,#3188);
#2247=LINE('',#12544,#3189);
#2248=LINE('',#12547,#3190);
#2249=LINE('',#12549,#3191);
#2250=LINE('',#12553,#3192);
#2251=LINE('',#12554,#3193);
#2252=LINE('',#12556,#3194);
#2253=LINE('',#12558,#3195);
#2254=LINE('',#12561,#3196);
#2255=LINE('',#12562,#3197);
#2256=LINE('',#12564,#3198);
#2257=LINE('',#12566,#3199);
#2258=LINE('',#12569,#3200);
#2259=LINE('',#12570,#3201);
#2260=LINE('',#12572,#3202);
#2261=LINE('',#12574,#3203);
#2262=LINE('',#12576,#3204);
#2263=LINE('',#12579,#3205);
#2264=LINE('',#12580,#3206);
#2265=LINE('',#12582,#3207);
#2266=LINE('',#12584,#3208);
#2267=LINE('',#12585,#3209);
#2268=LINE('',#12587,#3210);
#2269=VECTOR('',#8434,10.);
#2270=VECTOR('',#8435,10.);
#2271=VECTOR('',#8436,10.);
#2272=VECTOR('',#8437,10.);
#2273=VECTOR('',#8440,10.);
#2274=VECTOR('',#8441,10.);
#2275=VECTOR('',#8442,10.);
#2276=VECTOR('',#8445,10.);
#2277=VECTOR('',#8446,10.);
#2278=VECTOR('',#8447,10.);
#2279=VECTOR('',#8450,10.);
#2280=VECTOR('',#8451,10.);
#2281=VECTOR('',#8460,10.);
#2282=VECTOR('',#8461,10.);
#2283=VECTOR('',#8462,10.);
#2284=VECTOR('',#8463,10.);
#2285=VECTOR('',#8466,10.);
#2286=VECTOR('',#8467,10.);
#2287=VECTOR('',#8468,10.);
#2288=VECTOR('',#8471,10.);
#2289=VECTOR('',#8472,10.);
#2290=VECTOR('',#8473,10.);
#2291=VECTOR('',#8476,10.);
#2292=VECTOR('',#8477,10.);
#2293=VECTOR('',#8478,10.);
#2294=VECTOR('',#8481,10.);
#2295=VECTOR('',#8482,10.);
#2296=VECTOR('',#8483,10.);
#2297=VECTOR('',#8486,10.);
#2298=VECTOR('',#8487,10.);
#2299=VECTOR('',#8496,10.);
#2300=VECTOR('',#8497,10.);
#2301=VECTOR('',#8498,10.);
#2302=VECTOR('',#8499,10.);
#2303=VECTOR('',#8502,10.);
#2304=VECTOR('',#8503,10.);
#2305=VECTOR('',#8504,10.);
#2306=VECTOR('',#8505,10.);
#2307=VECTOR('',#8508,10.);
#2308=VECTOR('',#8509,10.);
#2309=VECTOR('',#8512,10.);
#2310=VECTOR('',#8515,10.);
#2311=VECTOR('',#8522,10.);
#2312=VECTOR('',#8523,10.);
#2313=VECTOR('',#8524,10.);
#2314=VECTOR('',#8525,10.);
#2315=VECTOR('',#8528,10.);
#2316=VECTOR('',#8529,10.);
#2317=VECTOR('',#8530,10.);
#2318=VECTOR('',#8531,10.);
#2319=VECTOR('',#8534,10.);
#2320=VECTOR('',#8535,10.);
#2321=VECTOR('',#8538,10.);
#2322=VECTOR('',#8541,10.);
#2323=VECTOR('',#8548,10.);
#2324=VECTOR('',#8549,10.);
#2325=VECTOR('',#8550,10.);
#2326=VECTOR('',#8551,10.);
#2327=VECTOR('',#8554,10.);
#2328=VECTOR('',#8555,10.);
#2329=VECTOR('',#8556,10.);
#2330=VECTOR('',#8559,10.);
#2331=VECTOR('',#8560,10.);
#2332=VECTOR('',#8561,10.);
#2333=VECTOR('',#8564,10.);
#2334=VECTOR('',#8565,10.);
#2335=VECTOR('',#8566,10.);
#2336=VECTOR('',#8569,10.);
#2337=VECTOR('',#8570,10.);
#2338=VECTOR('',#8571,10.);
#2339=VECTOR('',#8574,10.);
#2340=VECTOR('',#8575,10.);
#2341=VECTOR('',#8576,10.);
#2342=VECTOR('',#8579,10.);
#2343=VECTOR('',#8580,10.);
#2344=VECTOR('',#8581,10.);
#2345=VECTOR('',#8584,10.);
#2346=VECTOR('',#8585,10.);
#2347=VECTOR('',#8594,10.);
#2348=VECTOR('',#8595,10.);
#2349=VECTOR('',#8596,10.);
#2350=VECTOR('',#8597,10.);
#2351=VECTOR('',#8600,10.);
#2352=VECTOR('',#8601,10.);
#2353=VECTOR('',#8602,10.);
#2354=VECTOR('',#8603,10.);
#2355=VECTOR('',#8606,10.);
#2356=VECTOR('',#8607,10.);
#2357=VECTOR('',#8610,10.);
#2358=VECTOR('',#8613,10.);
#2359=VECTOR('',#8620,2.5);
#2360=VECTOR('',#8631,10.);
#2361=VECTOR('',#8632,10.);
#2362=VECTOR('',#8633,10.);
#2363=VECTOR('',#8634,10.);
#2364=VECTOR('',#8637,10.);
#2365=VECTOR('',#8638,10.);
#2366=VECTOR('',#8639,10.);
#2367=VECTOR('',#8640,10.);
#2368=VECTOR('',#8643,10.);
#2369=VECTOR('',#8644,10.);
#2370=VECTOR('',#8647,10.);
#2371=VECTOR('',#8650,10.);
#2372=VECTOR('',#8657,2.5);
#2373=VECTOR('',#8666,10.);
#2374=VECTOR('',#8667,10.);
#2375=VECTOR('',#8668,10.);
#2376=VECTOR('',#8669,10.);
#2377=VECTOR('',#8672,10.);
#2378=VECTOR('',#8673,10.);
#2379=VECTOR('',#8674,10.);
#2380=VECTOR('',#8675,10.);
#2381=VECTOR('',#8678,10.);
#2382=VECTOR('',#8679,10.);
#2383=VECTOR('',#8682,10.);
#2384=VECTOR('',#8685,10.);
#2385=VECTOR('',#8694,9.);
#2386=VECTOR('',#8707,3.5);
#2387=VECTOR('',#8718,4.);
#2388=VECTOR('',#8729,0.9);
#2389=VECTOR('',#8740,10.);
#2390=VECTOR('',#8741,10.);
#2391=VECTOR('',#8742,10.);
#2392=VECTOR('',#8743,10.);
#2393=VECTOR('',#8746,10.);
#2394=VECTOR('',#8747,10.);
#2395=VECTOR('',#8748,10.);
#2396=VECTOR('',#8751,10.);
#2397=VECTOR('',#8752,10.);
#2398=VECTOR('',#8755,10.);
#2399=VECTOR('',#8756,10.);
#2400=VECTOR('',#8759,10.);
#2401=VECTOR('',#8764,10.);
#2402=VECTOR('',#8765,10.);
#2403=VECTOR('',#8766,10.);
#2404=VECTOR('',#8767,10.);
#2405=VECTOR('',#8768,10.);
#2406=VECTOR('',#8769,10.);
#2407=VECTOR('',#8770,10.);
#2408=VECTOR('',#8771,10.);
#2409=VECTOR('',#8772,10.);
#2410=VECTOR('',#8773,10.);
#2411=VECTOR('',#8774,10.);
#2412=VECTOR('',#8775,10.);
#2413=VECTOR('',#8776,10.);
#2414=VECTOR('',#8777,10.);
#2415=VECTOR('',#8778,10.);
#2416=VECTOR('',#8779,10.);
#2417=VECTOR('',#8780,10.);
#2418=VECTOR('',#8781,10.);
#2419=VECTOR('',#8782,10.);
#2420=VECTOR('',#8783,10.);
#2421=VECTOR('',#8784,10.);
#2422=VECTOR('',#8785,10.);
#2423=VECTOR('',#8786,10.);
#2424=VECTOR('',#8787,10.);
#2425=VECTOR('',#8788,10.);
#2426=VECTOR('',#8789,10.);
#2427=VECTOR('',#8790,10.);
#2428=VECTOR('',#8791,10.);
#2429=VECTOR('',#8792,10.);
#2430=VECTOR('',#8793,10.);
#2431=VECTOR('',#8794,10.);
#2432=VECTOR('',#8795,10.);
#2433=VECTOR('',#8796,10.);
#2434=VECTOR('',#8797,10.);
#2435=VECTOR('',#8798,10.);
#2436=VECTOR('',#8799,10.);
#2437=VECTOR('',#8800,10.);
#2438=VECTOR('',#8801,10.);
#2439=VECTOR('',#8802,10.);
#2440=VECTOR('',#8805,10.);
#2441=VECTOR('',#8806,10.);
#2442=VECTOR('',#8807,10.);
#2443=VECTOR('',#8808,10.);
#2444=VECTOR('',#8811,10.);
#2445=VECTOR('',#8812,10.);
#2446=VECTOR('',#8813,10.);
#2447=VECTOR('',#8814,10.);
#2448=VECTOR('',#8815,10.);
#2449=VECTOR('',#8818,10.);
#2450=VECTOR('',#8819,10.);
#2451=VECTOR('',#8820,10.);
#2452=VECTOR('',#8821,10.);
#2453=VECTOR('',#8822,10.);
#2454=VECTOR('',#8823,10.);
#2455=VECTOR('',#8828,10.2024);
#2456=VECTOR('',#8829,10.2024);
#2457=VECTOR('',#8832,10.2024);
#2458=VECTOR('',#8835,10.2024);
#2459=VECTOR('',#8838,10.2024);
#2460=VECTOR('',#8841,10.2024);
#2461=VECTOR('',#8844,10.2024);
#2462=VECTOR('',#8847,10.2024);
#2463=VECTOR('',#8850,10.2024);
#2464=VECTOR('',#8853,10.2024);
#2465=VECTOR('',#8856,10.2024);
#2466=VECTOR('',#8859,10.2024);
#2467=VECTOR('',#8862,10.2024);
#2468=VECTOR('',#8865,10.2024);
#2469=VECTOR('',#8868,10.2024);
#2470=VECTOR('',#8871,10.2024);
#2471=VECTOR('',#8874,10.2024);
#2472=VECTOR('',#8877,10.2024);
#2473=VECTOR('',#8880,10.2024);
#2474=VECTOR('',#8883,10.2024);
#2475=VECTOR('',#8886,10.2024);
#2476=VECTOR('',#8889,10.2024);
#2477=VECTOR('',#8892,10.2024);
#2478=VECTOR('',#8895,10.2024);
#2479=VECTOR('',#8898,10.2024);
#2480=VECTOR('',#8899,10.2024);
#2481=VECTOR('',#8902,10.2024);
#2482=VECTOR('',#8903,10.2024);
#2483=VECTOR('',#8904,10.2024);
#2484=VECTOR('',#8907,10.2024);
#2485=VECTOR('',#8908,10.2024);
#2486=VECTOR('',#8911,10.2024);
#2487=VECTOR('',#8914,10.2024);
#2488=VECTOR('',#8915,10.2024);
#2489=VECTOR('',#8918,10.2024);
#2490=VECTOR('',#8919,10.2024);
#2491=VECTOR('',#8922,10.2024);
#2492=VECTOR('',#8923,10.2024);
#2493=VECTOR('',#8926,10.2024);
#2494=VECTOR('',#8927,10.2024);
#2495=VECTOR('',#8930,10.2024);
#2496=VECTOR('',#8931,10.2024);
#2497=VECTOR('',#8934,10.2024);
#2498=VECTOR('',#8935,10.2024);
#2499=VECTOR('',#8938,10.2024);
#2500=VECTOR('',#8939,10.2024);
#2501=VECTOR('',#8942,10.2024);
#2502=VECTOR('',#8943,10.2024);
#2503=VECTOR('',#8946,10.2024);
#2504=VECTOR('',#8947,10.2024);
#2505=VECTOR('',#8950,10.2024);
#2506=VECTOR('',#8951,10.2024);
#2507=VECTOR('',#8954,10.2024);
#2508=VECTOR('',#8955,10.2024);
#2509=VECTOR('',#8958,10.2024);
#2510=VECTOR('',#8959,10.2024);
#2511=VECTOR('',#8962,10.2024);
#2512=VECTOR('',#8963,10.2024);
#2513=VECTOR('',#8966,10.2024);
#2514=VECTOR('',#8967,10.2024);
#2515=VECTOR('',#8970,10.2024);
#2516=VECTOR('',#8971,10.2024);
#2517=VECTOR('',#8974,10.2024);
#2518=VECTOR('',#8977,10.2024);
#2519=VECTOR('',#8978,10.2024);
#2520=VECTOR('',#8981,10.2024);
#2521=VECTOR('',#8984,10.2024);
#2522=VECTOR('',#8985,10.2024);
#2523=VECTOR('',#8986,10.2024);
#2524=VECTOR('',#8989,10.2024);
#2525=VECTOR('',#8992,10.2024);
#2526=VECTOR('',#8993,10.2024);
#2527=VECTOR('',#8996,10.2024);
#2528=VECTOR('',#8999,10.2024);
#2529=VECTOR('',#9002,10.2024);
#2530=VECTOR('',#9005,10.2024);
#2531=VECTOR('',#9008,10.2024);
#2532=VECTOR('',#9009,10.2024);
#2533=VECTOR('',#9012,10.2024);
#2534=VECTOR('',#9015,10.2024);
#2535=VECTOR('',#9018,10.2024);
#2536=VECTOR('',#9021,10.2024);
#2537=VECTOR('',#9022,10.2024);
#2538=VECTOR('',#9025,10.2024);
#2539=VECTOR('',#9028,10.2024);
#2540=VECTOR('',#9029,10.2024);
#2541=VECTOR('',#9032,10.2024);
#2542=VECTOR('',#9035,10.2024);
#2543=VECTOR('',#9038,10.2024);
#2544=VECTOR('',#9041,10.2024);
#2545=VECTOR('',#9042,10.2024);
#2546=VECTOR('',#9045,10.2024);
#2547=VECTOR('',#9048,10.2024);
#2548=VECTOR('',#9049,10.2024);
#2549=VECTOR('',#9052,10.2024);
#2550=VECTOR('',#9055,10.2024);
#2551=VECTOR('',#9058,10.2024);
#2552=VECTOR('',#9061,10.2024);
#2553=VECTOR('',#9064,10.2024);
#2554=VECTOR('',#9067,10.2024);
#2555=VECTOR('',#9068,10.2024);
#2556=VECTOR('',#9071,10.2024);
#2557=VECTOR('',#9072,10.2024);
#2558=VECTOR('',#9075,10.2024);
#2559=VECTOR('',#9076,10.2024);
#2560=VECTOR('',#9079,10.2024);
#2561=VECTOR('',#9080,10.2024);
#2562=VECTOR('',#9083,10.2024);
#2563=VECTOR('',#9086,10.2024);
#2564=VECTOR('',#9087,10.2024);
#2565=VECTOR('',#9090,10.2024);
#2566=VECTOR('',#9091,10.2024);
#2567=VECTOR('',#9094,10.2024);
#2568=VECTOR('',#9095,10.2024);
#2569=VECTOR('',#9098,10.2024);
#2570=VECTOR('',#9101,10.2024);
#2571=VECTOR('',#9104,10.2024);
#2572=VECTOR('',#9105,10.2024);
#2573=VECTOR('',#9108,10.2024);
#2574=VECTOR('',#9109,10.2024);
#2575=VECTOR('',#9112,10.2024);
#2576=VECTOR('',#9115,10.2024);
#2577=VECTOR('',#9116,10.2024);
#2578=VECTOR('',#9119,10.2024);
#2579=VECTOR('',#9122,10.2024);
#2580=VECTOR('',#9123,10.2024);
#2581=VECTOR('',#9126,10.2024);
#2582=VECTOR('',#9129,10.2024);
#2583=VECTOR('',#9132,10.2024);
#2584=VECTOR('',#9135,10.2024);
#2585=VECTOR('',#9136,10.2024);
#2586=VECTOR('',#9139,10.2024);
#2587=VECTOR('',#9140,10.2024);
#2588=VECTOR('',#9143,10.2024);
#2589=VECTOR('',#9146,10.2024);
#2590=VECTOR('',#9149,10.2024);
#2591=VECTOR('',#9150,10.2024);
#2592=VECTOR('',#9153,10.2024);
#2593=VECTOR('',#9154,10.2024);
#2594=VECTOR('',#9157,10.2024);
#2595=VECTOR('',#9160,10.2024);
#2596=VECTOR('',#9161,10.2024);
#2597=VECTOR('',#9164,10.2024);
#2598=VECTOR('',#9167,10.2024);
#2599=VECTOR('',#9170,10.2024);
#2600=VECTOR('',#9171,10.2024);
#2601=VECTOR('',#9174,10.2024);
#2602=VECTOR('',#9175,10.2024);
#2603=VECTOR('',#9178,10.2024);
#2604=VECTOR('',#9181,10.2024);
#2605=VECTOR('',#9182,10.2024);
#2606=VECTOR('',#9183,10.2024);
#2607=VECTOR('',#9186,10.2024);
#2608=VECTOR('',#9189,10.2024);
#2609=VECTOR('',#9190,10.2024);
#2610=VECTOR('',#9193,10.2024);
#2611=VECTOR('',#9196,10.2024);
#2612=VECTOR('',#9197,10.2024);
#2613=VECTOR('',#9198,10.2024);
#2614=VECTOR('',#9201,10.2024);
#2615=VECTOR('',#9202,10.2024);
#2616=VECTOR('',#9205,10.2024);
#2617=VECTOR('',#9208,10.2024);
#2618=VECTOR('',#9211,10.2024);
#2619=VECTOR('',#9212,10.2024);
#2620=VECTOR('',#9215,10.2024);
#2621=VECTOR('',#9216,10.2024);
#2622=VECTOR('',#9219,10.2024);
#2623=VECTOR('',#9220,10.2024);
#2624=VECTOR('',#9223,10.2024);
#2625=VECTOR('',#9226,10.2024);
#2626=VECTOR('',#9227,10.2024);
#2627=VECTOR('',#9230,10.2024);
#2628=VECTOR('',#9233,10.2024);
#2629=VECTOR('',#9234,10.2024);
#2630=VECTOR('',#9237,10.2024);
#2631=VECTOR('',#9238,10.2024);
#2632=VECTOR('',#9241,10.2024);
#2633=VECTOR('',#9244,10.2024);
#2634=VECTOR('',#9245,10.2024);
#2635=VECTOR('',#9248,10.2024);
#2636=VECTOR('',#9249,10.2024);
#2637=VECTOR('',#9252,10.2024);
#2638=VECTOR('',#9255,10.2024);
#2639=VECTOR('',#9256,10.2024);
#2640=VECTOR('',#9259,10.2024);
#2641=VECTOR('',#9260,10.2024);
#2642=VECTOR('',#9263,10.2024);
#2643=VECTOR('',#9264,10.2024);
#2644=VECTOR('',#9267,10.2024);
#2645=VECTOR('',#9268,10.2024);
#2646=VECTOR('',#9271,10.2024);
#2647=VECTOR('',#9274,10.2024);
#2648=VECTOR('',#9277,10.2024);
#2649=VECTOR('',#9278,10.2024);
#2650=VECTOR('',#9281,10.2024);
#2651=VECTOR('',#9282,10.2024);
#2652=VECTOR('',#9285,10.2024);
#2653=VECTOR('',#9288,10.2024);
#2654=VECTOR('',#9291,10.2024);
#2655=VECTOR('',#9292,10.2024);
#2656=VECTOR('',#9295,10.2024);
#2657=VECTOR('',#9298,10.2024);
#2658=VECTOR('',#9299,10.2024);
#2659=VECTOR('',#9302,10.2024);
#2660=VECTOR('',#9303,10.2024);
#2661=VECTOR('',#9306,10.2024);
#2662=VECTOR('',#9309,10.2024);
#2663=VECTOR('',#9310,10.2024);
#2664=VECTOR('',#9313,10.2024);
#2665=VECTOR('',#9316,10.2024);
#2666=VECTOR('',#9319,10.2024);
#2667=VECTOR('',#9320,10.2024);
#2668=VECTOR('',#9323,10.2024);
#2669=VECTOR('',#9326,10.2024);
#2670=VECTOR('',#9327,10.2024);
#2671=VECTOR('',#9330,10.2024);
#2672=VECTOR('',#9333,10.2024);
#2673=VECTOR('',#9336,10.2024);
#2674=VECTOR('',#9339,10.2024);
#2675=VECTOR('',#9340,10.2024);
#2676=VECTOR('',#9343,10.2024);
#2677=VECTOR('',#9344,10.2024);
#2678=VECTOR('',#9347,10.2024);
#2679=VECTOR('',#9350,10.2024);
#2680=VECTOR('',#9351,10.2024);
#2681=VECTOR('',#9354,10.2024);
#2682=VECTOR('',#9357,10.2024);
#2683=VECTOR('',#9360,10.2024);
#2684=VECTOR('',#9363,10.2024);
#2685=VECTOR('',#9366,10.2024);
#2686=VECTOR('',#9369,10.2024);
#2687=VECTOR('',#9370,10.2024);
#2688=VECTOR('',#9373,10.2024);
#2689=VECTOR('',#9374,10.2024);
#2690=VECTOR('',#9377,10.2024);
#2691=VECTOR('',#9380,10.2024);
#2692=VECTOR('',#9381,10.2024);
#2693=VECTOR('',#9382,10.2024);
#2694=VECTOR('',#9385,10.2024);
#2695=VECTOR('',#9388,10.2024);
#2696=VECTOR('',#9389,10.2024);
#2697=VECTOR('',#9392,10.2024);
#2698=VECTOR('',#9393,10.2024);
#2699=VECTOR('',#9396,10.2024);
#2700=VECTOR('',#9399,10.2024);
#2701=VECTOR('',#9400,10.2024);
#2702=VECTOR('',#9403,10.2024);
#2703=VECTOR('',#9404,10.2024);
#2704=VECTOR('',#9407,10.2024);
#2705=VECTOR('',#9408,10.2024);
#2706=VECTOR('',#9411,10.2024);
#2707=VECTOR('',#9412,10.2024);
#2708=VECTOR('',#9415,10.2024);
#2709=VECTOR('',#9418,10.2024);
#2710=VECTOR('',#9419,10.2024);
#2711=VECTOR('',#9422,10.2024);
#2712=VECTOR('',#9423,10.2024);
#2713=VECTOR('',#9426,10.2024);
#2714=VECTOR('',#9427,10.2024);
#2715=VECTOR('',#9430,10.2024);
#2716=VECTOR('',#9431,10.2024);
#2717=VECTOR('',#9434,10.2024);
#2718=VECTOR('',#9435,10.2024);
#2719=VECTOR('',#9438,10.2024);
#2720=VECTOR('',#9439,10.2024);
#2721=VECTOR('',#9442,10.2024);
#2722=VECTOR('',#9445,10.2024);
#2723=VECTOR('',#9448,10.2024);
#2724=VECTOR('',#9451,10.2024);
#2725=VECTOR('',#9452,10.2024);
#2726=VECTOR('',#9455,10.2024);
#2727=VECTOR('',#9458,10.2024);
#2728=VECTOR('',#9461,10.2024);
#2729=VECTOR('',#9464,10.2024);
#2730=VECTOR('',#9465,10.2024);
#2731=VECTOR('',#9468,10.2024);
#2732=VECTOR('',#9469,10.2024);
#2733=VECTOR('',#9472,10.2024);
#2734=VECTOR('',#9473,10.2024);
#2735=VECTOR('',#9476,10.2024);
#2736=VECTOR('',#9479,10.2024);
#2737=VECTOR('',#9480,10.2024);
#2738=VECTOR('',#9481,10.2024);
#2739=VECTOR('',#9484,10.2024);
#2740=VECTOR('',#9487,10.2024);
#2741=VECTOR('',#9488,10.2024);
#2742=VECTOR('',#9491,10.2024);
#2743=VECTOR('',#9492,10.2024);
#2744=VECTOR('',#9495,10.2024);
#2745=VECTOR('',#9498,10.2024);
#2746=VECTOR('',#9499,10.2024);
#2747=VECTOR('',#9500,10.2024);
#2748=VECTOR('',#9503,10.2024);
#2749=VECTOR('',#9506,10.2024);
#2750=VECTOR('',#9507,10.2024);
#2751=VECTOR('',#9510,10.2024);
#2752=VECTOR('',#9511,10.2024);
#2753=VECTOR('',#9514,10.2024);
#2754=VECTOR('',#9517,10.2024);
#2755=VECTOR('',#9518,10.2024);
#2756=VECTOR('',#9521,10.2024);
#2757=VECTOR('',#9522,10.2024);
#2758=VECTOR('',#9525,10.2024);
#2759=VECTOR('',#9526,10.2024);
#2760=VECTOR('',#9529,10.2024);
#2761=VECTOR('',#9530,10.2024);
#2762=VECTOR('',#9533,10.2024);
#2763=VECTOR('',#9534,10.2024);
#2764=VECTOR('',#9537,10.2024);
#2765=VECTOR('',#9538,10.2024);
#2766=VECTOR('',#9541,10.2024);
#2767=VECTOR('',#9544,10.2024);
#2768=VECTOR('',#9547,10.2024);
#2769=VECTOR('',#9548,10.2024);
#2770=VECTOR('',#9551,10.2024);
#2771=VECTOR('',#9554,10.2024);
#2772=VECTOR('',#9555,10.2024);
#2773=VECTOR('',#9558,10.2024);
#2774=VECTOR('',#9561,10.2024);
#2775=VECTOR('',#9564,10.2024);
#2776=VECTOR('',#9565,10.2024);
#2777=VECTOR('',#9568,10.2024);
#2778=VECTOR('',#9569,10.2024);
#2779=VECTOR('',#9572,10.2024);
#2780=VECTOR('',#9575,10.2024);
#2781=VECTOR('',#9576,10.2024);
#2782=VECTOR('',#9579,10.2024);
#2783=VECTOR('',#9582,10.2024);
#2784=VECTOR('',#9583,10.2024);
#2785=VECTOR('',#9586,10.2024);
#2786=VECTOR('',#9587,10.2024);
#2787=VECTOR('',#9590,10.2024);
#2788=VECTOR('',#9591,10.2024);
#2789=VECTOR('',#9594,10.2024);
#2790=VECTOR('',#9595,10.2024);
#2791=VECTOR('',#9598,10.2024);
#2792=VECTOR('',#9599,10.2024);
#2793=VECTOR('',#9602,10.2024);
#2794=VECTOR('',#9605,10.2024);
#2795=VECTOR('',#9606,10.2024);
#2796=VECTOR('',#9609,10.2024);
#2797=VECTOR('',#9610,10.2024);
#2798=VECTOR('',#9613,10.2024);
#2799=VECTOR('',#9614,10.2024);
#2800=VECTOR('',#9617,10.2024);
#2801=VECTOR('',#9620,10.2024);
#2802=VECTOR('',#9623,10.2024);
#2803=VECTOR('',#9624,10.2024);
#2804=VECTOR('',#9625,10.2024);
#2805=VECTOR('',#9628,10.2024);
#2806=VECTOR('',#9631,10.2024);
#2807=VECTOR('',#9632,10.2024);
#2808=VECTOR('',#9635,10.2024);
#2809=VECTOR('',#9636,10.2024);
#2810=VECTOR('',#9639,10.2024);
#2811=VECTOR('',#9640,10.2024);
#2812=VECTOR('',#9643,10.2024);
#2813=VECTOR('',#9646,10.2024);
#2814=VECTOR('',#9647,10.2024);
#2815=VECTOR('',#9650,10.2024);
#2816=VECTOR('',#9651,10.2024);
#2817=VECTOR('',#9654,10.2024);
#2818=VECTOR('',#9657,10.2024);
#2819=VECTOR('',#9660,10.2024);
#2820=VECTOR('',#9663,10.2024);
#2821=VECTOR('',#9666,10.2024);
#2822=VECTOR('',#9667,10.2024);
#2823=VECTOR('',#9668,10.2024);
#2824=VECTOR('',#9671,10.2024);
#2825=VECTOR('',#9674,10.2024);
#2826=VECTOR('',#9675,10.2024);
#2827=VECTOR('',#9678,10.2024);
#2828=VECTOR('',#9679,10.2024);
#2829=VECTOR('',#9682,10.2024);
#2830=VECTOR('',#9683,10.2024);
#2831=VECTOR('',#9686,10.2024);
#2832=VECTOR('',#9689,10.2024);
#2833=VECTOR('',#9690,10.2024);
#2834=VECTOR('',#9693,10.2024);
#2835=VECTOR('',#9694,10.2024);
#2836=VECTOR('',#9697,10.2024);
#2837=VECTOR('',#9698,10.2024);
#2838=VECTOR('',#9701,10.2024);
#2839=VECTOR('',#9702,10.2024);
#2840=VECTOR('',#9705,10.2024);
#2841=VECTOR('',#9706,10.2024);
#2842=VECTOR('',#9709,10.2024);
#2843=VECTOR('',#9712,10.2024);
#2844=VECTOR('',#9713,10.2024);
#2845=VECTOR('',#9716,10.2024);
#2846=VECTOR('',#9717,10.2024);
#2847=VECTOR('',#9720,10.2024);
#2848=VECTOR('',#9721,10.2024);
#2849=VECTOR('',#9724,10.2024);
#2850=VECTOR('',#9725,10.2024);
#2851=VECTOR('',#9728,10.2024);
#2852=VECTOR('',#9731,10.2024);
#2853=VECTOR('',#9732,10.2024);
#2854=VECTOR('',#9735,10.2024);
#2855=VECTOR('',#9738,10.2024);
#2856=VECTOR('',#9739,10.2024);
#2857=VECTOR('',#9742,10.2024);
#2858=VECTOR('',#9745,10.2024);
#2859=VECTOR('',#9746,10.2024);
#2860=VECTOR('',#9751,10.2024);
#2861=VECTOR('',#9752,10.2024);
#2862=VECTOR('',#9753,10.2024);
#2863=VECTOR('',#9756,10.2024);
#2864=VECTOR('',#9759,10.2024);
#2865=VECTOR('',#9762,10.2024);
#2866=VECTOR('',#9763,10.2024);
#2867=VECTOR('',#9766,10.2024);
#2868=VECTOR('',#9767,10.2024);
#2869=VECTOR('',#9770,10.2024);
#2870=VECTOR('',#9773,10.2024);
#2871=VECTOR('',#9776,10.2024);
#2872=VECTOR('',#9779,10.2024);
#2873=VECTOR('',#9780,10.2024);
#2874=VECTOR('',#9783,10.2024);
#2875=VECTOR('',#9784,10.2024);
#2876=VECTOR('',#9787,10.2024);
#2877=VECTOR('',#9790,10.2024);
#2878=VECTOR('',#9791,10.2024);
#2879=VECTOR('',#9794,10.2024);
#2880=VECTOR('',#9799,10.2024);
#2881=VECTOR('',#9800,10.2024);
#2882=VECTOR('',#9803,10.2024);
#2883=VECTOR('',#9806,10.2024);
#2884=VECTOR('',#9811,10.2024);
#2885=VECTOR('',#9814,10.2024);
#2886=VECTOR('',#9815,10.2024);
#2887=VECTOR('',#9818,10.2024);
#2888=VECTOR('',#9821,10.2024);
#2889=VECTOR('',#9824,10.2024);
#2890=VECTOR('',#9825,10.2024);
#2891=VECTOR('',#9828,10.2024);
#2892=VECTOR('',#9831,10.2024);
#2893=VECTOR('',#9832,10.2024);
#2894=VECTOR('',#9835,10.2024);
#2895=VECTOR('',#9836,10.2024);
#2896=VECTOR('',#9839,10.2024);
#2897=VECTOR('',#9842,10.2024);
#2898=VECTOR('',#9843,10.2024);
#2899=VECTOR('',#9846,10.2024);
#2900=VECTOR('',#9849,10.2024);
#2901=VECTOR('',#9850,10.2024);
#2902=VECTOR('',#9853,10.2024);
#2903=VECTOR('',#9858,10.2024);
#2904=VECTOR('',#9859,10.2024);
#2905=VECTOR('',#9860,10.2024);
#2906=VECTOR('',#9863,10.2024);
#2907=VECTOR('',#9864,10.2024);
#2908=VECTOR('',#9867,10.2024);
#2909=VECTOR('',#9868,10.2024);
#2910=VECTOR('',#9871,10.2024);
#2911=VECTOR('',#9874,10.2024);
#2912=VECTOR('',#9875,10.2024);
#2913=VECTOR('',#9878,10.2024);
#2914=VECTOR('',#9881,10.2024);
#2915=VECTOR('',#9882,10.2024);
#2916=VECTOR('',#9883,10.2024);
#2917=VECTOR('',#9886,10.2024);
#2918=VECTOR('',#9887,10.2024);
#2919=VECTOR('',#9890,10.2024);
#2920=VECTOR('',#9893,10.2024);
#2921=VECTOR('',#9896,10.2024);
#2922=VECTOR('',#9899,10.2024);
#2923=VECTOR('',#9900,10.2024);
#2924=VECTOR('',#9903,10.2024);
#2925=VECTOR('',#9906,10.2024);
#2926=VECTOR('',#9907,10.2024);
#2927=VECTOR('',#9910,10.2024);
#2928=VECTOR('',#9911,10.2024);
#2929=VECTOR('',#9914,10.2024);
#2930=VECTOR('',#9917,10.2024);
#2931=VECTOR('',#9918,10.2024);
#2932=VECTOR('',#9921,10.2024);
#2933=VECTOR('',#9926,10.2024);
#2934=VECTOR('',#9931,10.2024);
#2935=VECTOR('',#9932,10.2024);
#2936=VECTOR('',#9935,10.2024);
#2937=VECTOR('',#9936,10.2024);
#2938=VECTOR('',#9939,10.2024);
#2939=VECTOR('',#9940,10.2024);
#2940=VECTOR('',#9943,10.2024);
#2941=VECTOR('',#9944,10.2024);
#2942=VECTOR('',#9947,10.2024);
#2943=VECTOR('',#9948,10.2024);
#2944=VECTOR('',#9951,10.2024);
#2945=VECTOR('',#9952,10.2024);
#2946=VECTOR('',#9955,10.2024);
#2947=VECTOR('',#9958,10.2024);
#2948=VECTOR('',#9959,10.2024);
#2949=VECTOR('',#9962,10.2024);
#2950=VECTOR('',#9965,10.2024);
#2951=VECTOR('',#9966,10.2024);
#2952=VECTOR('',#9969,10.2024);
#2953=VECTOR('',#9972,10.2024);
#2954=VECTOR('',#9973,10.2024);
#2955=VECTOR('',#9976,10.2024);
#2956=VECTOR('',#9981,10.2024);
#2957=VECTOR('',#9982,10.2024);
#2958=VECTOR('',#9985,10.2024);
#2959=VECTOR('',#9986,10.2024);
#2960=VECTOR('',#9989,10.2024);
#2961=VECTOR('',#9990,10.2024);
#2962=VECTOR('',#9993,10.2024);
#2963=VECTOR('',#9996,10.2024);
#2964=VECTOR('',#9999,10.2024);
#2965=VECTOR('',#10002,10.2024);
#2966=VECTOR('',#10003,10.2024);
#2967=VECTOR('',#10006,10.2024);
#2968=VECTOR('',#10007,10.2024);
#2969=VECTOR('',#10010,10.2024);
#2970=VECTOR('',#10013,10.2024);
#2971=VECTOR('',#10014,10.2024);
#2972=VECTOR('',#10017,10.2024);
#2973=VECTOR('',#10020,10.2024);
#2974=VECTOR('',#10025,10.2024);
#2975=VECTOR('',#10028,10.2024);
#2976=VECTOR('',#10031,10.2024);
#2977=VECTOR('',#10032,10.2024);
#2978=VECTOR('',#10037,10.2024);
#2979=VECTOR('',#10038,10.2024);
#2980=VECTOR('',#10043,10.2024);
#2981=VECTOR('',#10046,10.2024);
#2982=VECTOR('',#10049,10.2024);
#2983=VECTOR('',#10052,10.2024);
#2984=VECTOR('',#10053,10.2024);
#2985=VECTOR('',#10056,10.2024);
#2986=VECTOR('',#10057,10.2024);
#2987=VECTOR('',#10060,10.2024);
#2988=VECTOR('',#10061,10.2024);
#2989=VECTOR('',#10064,10.2024);
#2990=VECTOR('',#10065,10.2024);
#2991=VECTOR('',#10068,10.2024);
#2992=VECTOR('',#10069,10.2024);
#2993=VECTOR('',#10072,10.2024);
#2994=VECTOR('',#10075,10.2024);
#2995=VECTOR('',#10076,10.2024);
#2996=VECTOR('',#10079,10.2024);
#2997=VECTOR('',#10080,10.2024);
#2998=VECTOR('',#10083,10.2024);
#2999=VECTOR('',#10086,10.2024);
#3000=VECTOR('',#10087,10.2024);
#3001=VECTOR('',#10090,10.2024);
#3002=VECTOR('',#10091,10.2024);
#3003=VECTOR('',#10094,10.2024);
#3004=VECTOR('',#10097,10.2024);
#3005=VECTOR('',#10098,10.2024);
#3006=VECTOR('',#10101,10.2024);
#3007=VECTOR('',#10104,10.2024);
#3008=VECTOR('',#10105,10.2024);
#3009=VECTOR('',#10108,10.2024);
#3010=VECTOR('',#10111,10.2024);
#3011=VECTOR('',#10112,10.2024);
#3012=VECTOR('',#10115,10.2024);
#3013=VECTOR('',#10118,10.2024);
#3014=VECTOR('',#10119,10.2024);
#3015=VECTOR('',#10122,10.2024);
#3016=VECTOR('',#10125,10.2024);
#3017=VECTOR('',#10126,10.2024);
#3018=VECTOR('',#10129,10.2024);
#3019=VECTOR('',#10130,10.2024);
#3020=VECTOR('',#10133,10.2024);
#3021=VECTOR('',#10138,10.2024);
#3022=VECTOR('',#10141,10.2024);
#3023=VECTOR('',#10142,10.2024);
#3024=VECTOR('',#10145,10.2024);
#3025=VECTOR('',#10146,10.2024);
#3026=VECTOR('',#10149,10.2024);
#3027=VECTOR('',#10150,10.2024);
#3028=VECTOR('',#10153,10.2024);
#3029=VECTOR('',#10154,10.2024);
#3030=VECTOR('',#10157,10.2024);
#3031=VECTOR('',#10158,10.2024);
#3032=VECTOR('',#10161,10.2024);
#3033=VECTOR('',#10162,10.2024);
#3034=VECTOR('',#10165,10.2024);
#3035=VECTOR('',#10166,10.2024);
#3036=VECTOR('',#10169,10.2024);
#3037=VECTOR('',#10172,10.2024);
#3038=VECTOR('',#10173,10.2024);
#3039=VECTOR('',#10176,10.2024);
#3040=VECTOR('',#10177,10.2024);
#3041=VECTOR('',#10180,10.2024);
#3042=VECTOR('',#10183,10.2024);
#3043=VECTOR('',#10184,10.2024);
#3044=VECTOR('',#10187,10.2024);
#3045=VECTOR('',#10192,10.2024);
#3046=VECTOR('',#10195,10.2024);
#3047=VECTOR('',#10196,10.2024);
#3048=VECTOR('',#10199,10.2024);
#3049=VECTOR('',#10200,10.2024);
#3050=VECTOR('',#10203,10.2024);
#3051=VECTOR('',#10206,10.2024);
#3052=VECTOR('',#10207,10.2024);
#3053=VECTOR('',#10210,10.2024);
#3054=VECTOR('',#10213,10.2024);
#3055=VECTOR('',#10216,10.2024);
#3056=VECTOR('',#10217,10.2024);
#3057=VECTOR('',#10220,10.2024);
#3058=VECTOR('',#10221,10.2024);
#3059=VECTOR('',#10224,10.2024);
#3060=VECTOR('',#10227,10.2024);
#3061=VECTOR('',#10228,10.2024);
#3062=VECTOR('',#10231,10.2024);
#3063=VECTOR('',#10234,10.2024);
#3064=VECTOR('',#10235,10.2024);
#3065=VECTOR('',#10236,10.2024);
#3066=VECTOR('',#10241,10.2024);
#3067=VECTOR('',#10242,10.2024);
#3068=VECTOR('',#10245,10.2024);
#3069=VECTOR('',#10248,10.2024);
#3070=VECTOR('',#10251,10.2024);
#3071=VECTOR('',#10252,10.2024);
#3072=VECTOR('',#10255,10.2024);
#3073=VECTOR('',#10258,10.2024);
#3074=VECTOR('',#10259,10.2024);
#3075=VECTOR('',#10264,10.2024);
#3076=VECTOR('',#10265,10.2024);
#3077=VECTOR('',#10268,10.2024);
#3078=VECTOR('',#10271,10.2024);
#3079=VECTOR('',#10274,10.2024);
#3080=VECTOR('',#10275,10.2024);
#3081=VECTOR('',#10278,10.2024);
#3082=VECTOR('',#10281,10.2024);
#3083=VECTOR('',#10284,10.2024);
#3084=VECTOR('',#10287,10.2024);
#3085=VECTOR('',#10290,10.2024);
#3086=VECTOR('',#10293,10.2024);
#3087=VECTOR('',#10296,10.2024);
#3088=VECTOR('',#10299,10.2024);
#3089=VECTOR('',#10302,10.2024);
#3090=VECTOR('',#10305,10.2024);
#3091=VECTOR('',#10308,10.2024);
#3092=VECTOR('',#10313,10.2024);
#3093=VECTOR('',#10314,10.2024);
#3094=VECTOR('',#10317,10.2024);
#3095=VECTOR('',#10322,10.2024);
#3096=VECTOR('',#10323,10.2024);
#3097=VECTOR('',#10326,10.2024);
#3098=VECTOR('',#10327,10.2024);
#3099=VECTOR('',#10330,10.2024);
#3100=VECTOR('',#10333,10.2024);
#3101=VECTOR('',#10334,10.2024);
#3102=VECTOR('',#10337,10.2024);
#3103=VECTOR('',#10338,10.2024);
#3104=VECTOR('',#10341,10.2024);
#3105=VECTOR('',#10344,10.2024);
#3106=VECTOR('',#10345,10.2024);
#3107=VECTOR('',#10348,10.2024);
#3108=VECTOR('',#10351,10.2024);
#3109=VECTOR('',#10354,10.2024);
#3110=VECTOR('',#10355,10.2024);
#3111=VECTOR('',#10358,10.2024);
#3112=VECTOR('',#10361,10.2024);
#3113=VECTOR('',#10364,10.2024);
#3114=VECTOR('',#10369,10.2024);
#3115=VECTOR('',#10372,10.2024);
#3116=VECTOR('',#10375,10.2024);
#3117=VECTOR('',#10378,10.2024);
#3118=VECTOR('',#10379,10.2024);
#3119=VECTOR('',#10380,10.2024);
#3120=VECTOR('',#10383,10.2024);
#3121=VECTOR('',#10386,10.2024);
#3122=VECTOR('',#10389,10.2024);
#3123=VECTOR('',#10390,10.2024);
#3124=VECTOR('',#10393,10.2024);
#3125=VECTOR('',#10396,10.2024);
#3126=VECTOR('',#10397,10.2024);
#3127=VECTOR('',#10400,10.2024);
#3128=VECTOR('',#10403,10.2024);
#3129=VECTOR('',#10404,10.2024);
#3130=VECTOR('',#10407,10.2024);
#3131=VECTOR('',#10410,10.2024);
#3132=VECTOR('',#10411,10.2024);
#3133=VECTOR('',#10414,10.2024);
#3134=VECTOR('',#10417,10.2024);
#3135=VECTOR('',#10418,10.2024);
#3136=VECTOR('',#10421,10.2024);
#3137=VECTOR('',#10424,10.2024);
#3138=VECTOR('',#10425,10.2024);
#3139=VECTOR('',#10428,10.2024);
#3140=VECTOR('',#10431,10.2024);
#3141=VECTOR('',#10434,10.2024);
#3142=VECTOR('',#10435,10.2024);
#3143=VECTOR('',#10438,10.2024);
#3144=VECTOR('',#10441,10.2024);
#3145=VECTOR('',#10442,10.2024);
#3146=VECTOR('',#10445,10.2024);
#3147=VECTOR('',#10448,10.2024);
#3148=VECTOR('',#10451,10.2024);
#3149=VECTOR('',#10454,10.2024);
#3150=VECTOR('',#10457,10.2024);
#3151=VECTOR('',#10458,10.2024);
#3152=VECTOR('',#10461,10.2024);
#3153=VECTOR('',#10464,10.2024);
#3154=VECTOR('',#10467,10.2024);
#3155=VECTOR('',#10468,10.2024);
#3156=VECTOR('',#10471,10.2024);
#3157=VECTOR('',#10474,10.2024);
#3158=VECTOR('',#10475,10.2024);
#3159=VECTOR('',#10478,10.2024);
#3160=VECTOR('',#10479,10.2024);
#3161=VECTOR('',#10482,10.2024);
#3162=VECTOR('',#10485,10.2024);
#3163=VECTOR('',#10486,10.2024);
#3164=VECTOR('',#10489,10.2024);
#3165=VECTOR('',#10492,10.2024);
#3166=VECTOR('',#10493,10.2024);
#3167=VECTOR('',#10496,10.2024);
#3168=VECTOR('',#10499,10.2024);
#3169=VECTOR('',#10500,10.2024);
#3170=VECTOR('',#10505,10.2024);
#3171=VECTOR('',#10506,10.2024);
#3172=VECTOR('',#10509,10.2024);
#3173=VECTOR('',#10512,10.2024);
#3174=VECTOR('',#10513,10.2024);
#3175=VECTOR('',#10516,10.2024);
#3176=VECTOR('',#10517,10.2024);
#3177=VECTOR('',#10520,10.2024);
#3178=VECTOR('',#10523,10.2024);
#3179=VECTOR('',#10526,10.2024);
#3180=VECTOR('',#10527,10.2024);
#3181=VECTOR('',#10530,10.2024);
#3182=VECTOR('',#10533,10.2024);
#3183=VECTOR('',#10534,10.2024);
#3184=VECTOR('',#10537,10.2024);
#3185=VECTOR('',#10542,10.2024);
#3186=VECTOR('',#10547,10.2024);
#3187=VECTOR('',#10550,10.2024);
#3188=VECTOR('',#10553,10.2024);
#3189=VECTOR('',#10554,10.2024);
#3190=VECTOR('',#10559,10.2024);
#3191=VECTOR('',#10562,10.2024);
#3192=VECTOR('',#10567,10.2024);
#3193=VECTOR('',#10568,10.2024);
#3194=VECTOR('',#10571,10.2024);
#3195=VECTOR('',#10574,10.2024);
#3196=VECTOR('',#10577,10.2024);
#3197=VECTOR('',#10578,10.2024);
#3198=VECTOR('',#10581,10.2024);
#3199=VECTOR('',#10584,10.2024);
#3200=VECTOR('',#10587,10.2024);
#3201=VECTOR('',#10588,10.2024);
#3202=VECTOR('',#10591,10.2024);
#3203=VECTOR('',#10594,10.2024);
#3204=VECTOR('',#10597,10.2024);
#3205=VECTOR('',#10600,10.2024);
#3206=VECTOR('',#10601,10.2024);
#3207=VECTOR('',#10604,10.2024);
#3208=VECTOR('',#10607,10.2024);
#3209=VECTOR('',#10608,10.2024);
#3210=VECTOR('',#10611,10.2024);
#3211=VERTEX_POINT('',#10642);
#3212=VERTEX_POINT('',#10643);
#3213=VERTEX_POINT('',#10645);
#3214=VERTEX_POINT('',#10647);
#3215=VERTEX_POINT('',#10651);
#3216=VERTEX_POINT('',#10653);
#3217=VERTEX_POINT('',#10657);
#3218=VERTEX_POINT('',#10659);
#3219=VERTEX_POINT('',#10669);
#3220=VERTEX_POINT('',#10670);
#3221=VERTEX_POINT('',#10672);
#3222=VERTEX_POINT('',#10674);
#3223=VERTEX_POINT('',#10678);
#3224=VERTEX_POINT('',#10680);
#3225=VERTEX_POINT('',#10684);
#3226=VERTEX_POINT('',#10686);
#3227=VERTEX_POINT('',#10690);
#3228=VERTEX_POINT('',#10692);
#3229=VERTEX_POINT('',#10696);
#3230=VERTEX_POINT('',#10698);
#3231=VERTEX_POINT('',#10708);
#3232=VERTEX_POINT('',#10709);
#3233=VERTEX_POINT('',#10711);
#3234=VERTEX_POINT('',#10713);
#3235=VERTEX_POINT('',#10717);
#3236=VERTEX_POINT('',#10718);
#3237=VERTEX_POINT('',#10720);
#3238=VERTEX_POINT('',#10722);
#3239=VERTEX_POINT('',#10735);
#3240=VERTEX_POINT('',#10736);
#3241=VERTEX_POINT('',#10738);
#3242=VERTEX_POINT('',#10740);
#3243=VERTEX_POINT('',#10744);
#3244=VERTEX_POINT('',#10745);
#3245=VERTEX_POINT('',#10747);
#3246=VERTEX_POINT('',#10749);
#3247=VERTEX_POINT('',#10762);
#3248=VERTEX_POINT('',#10763);
#3249=VERTEX_POINT('',#10765);
#3250=VERTEX_POINT('',#10767);
#3251=VERTEX_POINT('',#10771);
#3252=VERTEX_POINT('',#10773);
#3253=VERTEX_POINT('',#10777);
#3254=VERTEX_POINT('',#10779);
#3255=VERTEX_POINT('',#10783);
#3256=VERTEX_POINT('',#10785);
#3257=VERTEX_POINT('',#10789);
#3258=VERTEX_POINT('',#10791);
#3259=VERTEX_POINT('',#10795);
#3260=VERTEX_POINT('',#10797);
#3261=VERTEX_POINT('',#10801);
#3262=VERTEX_POINT('',#10803);
#3263=VERTEX_POINT('',#10813);
#3264=VERTEX_POINT('',#10814);
#3265=VERTEX_POINT('',#10816);
#3266=VERTEX_POINT('',#10818);
#3267=VERTEX_POINT('',#10822);
#3268=VERTEX_POINT('',#10823);
#3269=VERTEX_POINT('',#10825);
#3270=VERTEX_POINT('',#10827);
#3271=VERTEX_POINT('',#10839);
#3272=VERTEX_POINT('',#10841);
#3273=VERTEX_POINT('',#10848);
#3274=VERTEX_POINT('',#10849);
#3275=VERTEX_POINT('',#10851);
#3276=VERTEX_POINT('',#10853);
#3277=VERTEX_POINT('',#10857);
#3278=VERTEX_POINT('',#10858);
#3279=VERTEX_POINT('',#10860);
#3280=VERTEX_POINT('',#10862);
#3281=VERTEX_POINT('',#10874);
#3282=VERTEX_POINT('',#10876);
#3283=VERTEX_POINT('',#10882);
#3284=VERTEX_POINT('',#10883);
#3285=VERTEX_POINT('',#10885);
#3286=VERTEX_POINT('',#10887);
#3287=VERTEX_POINT('',#10891);
#3288=VERTEX_POINT('',#10892);
#3289=VERTEX_POINT('',#10894);
#3290=VERTEX_POINT('',#10896);
#3291=VERTEX_POINT('',#10909);
#3292=VERTEX_POINT('',#10911);
#3293=VERTEX_POINT('',#10918);
#3294=VERTEX_POINT('',#10920);
#3295=VERTEX_POINT('',#10926);
#3296=VERTEX_POINT('',#10928);
#3297=VERTEX_POINT('',#10934);
#3298=VERTEX_POINT('',#10936);
#3299=VERTEX_POINT('',#10943);
#3300=VERTEX_POINT('',#10944);
#3301=VERTEX_POINT('',#10946);
#3302=VERTEX_POINT('',#10948);
#3303=VERTEX_POINT('',#10952);
#3304=VERTEX_POINT('',#10954);
#3305=VERTEX_POINT('',#10958);
#3306=VERTEX_POINT('',#10962);
#3307=VERTEX_POINT('',#10969);
#3308=VERTEX_POINT('',#10970);
#3309=VERTEX_POINT('',#10972);
#3310=VERTEX_POINT('',#10974);
#3311=VERTEX_POINT('',#10976);
#3312=VERTEX_POINT('',#10978);
#3313=VERTEX_POINT('',#10980);
#3314=VERTEX_POINT('',#10982);
#3315=VERTEX_POINT('',#10984);
#3316=VERTEX_POINT('',#10986);
#3317=VERTEX_POINT('',#10988);
#3318=VERTEX_POINT('',#10990);
#3319=VERTEX_POINT('',#10992);
#3320=VERTEX_POINT('',#10994);
#3321=VERTEX_POINT('',#10996);
#3322=VERTEX_POINT('',#10998);
#3323=VERTEX_POINT('',#11000);
#3324=VERTEX_POINT('',#11002);
#3325=VERTEX_POINT('',#11004);
#3326=VERTEX_POINT('',#11006);
#3327=VERTEX_POINT('',#11008);
#3328=VERTEX_POINT('',#11010);
#3329=VERTEX_POINT('',#11012);
#3330=VERTEX_POINT('',#11014);
#3331=VERTEX_POINT('',#11016);
#3332=VERTEX_POINT('',#11018);
#3333=VERTEX_POINT('',#11020);
#3334=VERTEX_POINT('',#11022);
#3335=VERTEX_POINT('',#11024);
#3336=VERTEX_POINT('',#11026);
#3337=VERTEX_POINT('',#11028);
#3338=VERTEX_POINT('',#11030);
#3339=VERTEX_POINT('',#11032);
#3340=VERTEX_POINT('',#11034);
#3341=VERTEX_POINT('',#11036);
#3342=VERTEX_POINT('',#11038);
#3343=VERTEX_POINT('',#11040);
#3344=VERTEX_POINT('',#11042);
#3345=VERTEX_POINT('',#11044);
#3346=VERTEX_POINT('',#11048);
#3347=VERTEX_POINT('',#11050);
#3348=VERTEX_POINT('',#11052);
#3349=VERTEX_POINT('',#11056);
#3350=VERTEX_POINT('',#11058);
#3351=VERTEX_POINT('',#11060);
#3352=VERTEX_POINT('',#11062);
#3353=VERTEX_POINT('',#11066);
#3354=VERTEX_POINT('',#11068);
#3355=VERTEX_POINT('',#11070);
#3356=VERTEX_POINT('',#11072);
#3357=VERTEX_POINT('',#11078);
#3358=VERTEX_POINT('',#11126);
#3359=VERTEX_POINT('',#11130);
#3360=VERTEX_POINT('',#11131);
#3361=VERTEX_POINT('',#11133);
#3362=VERTEX_POINT('',#11137);
#3363=VERTEX_POINT('',#11143);
#3364=VERTEX_POINT('',#11147);
#3365=VERTEX_POINT('',#11151);
#3366=VERTEX_POINT('',#11155);
#3367=VERTEX_POINT('',#11159);
#3368=VERTEX_POINT('',#11163);
#3369=VERTEX_POINT('',#11167);
#3370=VERTEX_POINT('',#11171);
#3371=VERTEX_POINT('',#11175);
#3372=VERTEX_POINT('',#11179);
#3373=VERTEX_POINT('',#11183);
#3374=VERTEX_POINT('',#11187);
#3375=VERTEX_POINT('',#11191);
#3376=VERTEX_POINT('',#11195);
#3377=VERTEX_POINT('',#11199);
#3378=VERTEX_POINT('',#11205);
#3379=VERTEX_POINT('',#11211);
#3380=VERTEX_POINT('',#11213);
#3381=VERTEX_POINT('',#11219);
#3382=VERTEX_POINT('',#11231);
#3383=VERTEX_POINT('',#11241);
#3384=VERTEX_POINT('',#11247);
#3385=VERTEX_POINT('',#11257);
#3386=VERTEX_POINT('',#11263);
#3387=VERTEX_POINT('',#11277);
#3388=VERTEX_POINT('',#11281);
#3389=VERTEX_POINT('',#11285);
#3390=VERTEX_POINT('',#11289);
#3391=VERTEX_POINT('',#11295);
#3392=VERTEX_POINT('',#11299);
#3393=VERTEX_POINT('',#11303);
#3394=VERTEX_POINT('',#11311);
#3395=VERTEX_POINT('',#11315);
#3396=VERTEX_POINT('',#11321);
#3397=VERTEX_POINT('',#11327);
#3398=VERTEX_POINT('',#11337);
#3399=VERTEX_POINT('',#11341);
#3400=VERTEX_POINT('',#11349);
#3401=VERTEX_POINT('',#11353);
#3402=VERTEX_POINT('',#11359);
#3403=VERTEX_POINT('',#11367);
#3404=VERTEX_POINT('',#11371);
#3405=VERTEX_POINT('',#11377);
#3406=VERTEX_POINT('',#11379);
#3407=VERTEX_POINT('',#11385);
#3408=VERTEX_POINT('',#11391);
#3409=VERTEX_POINT('',#11393);
#3410=VERTEX_POINT('',#11397);
#3411=VERTEX_POINT('',#11405);
#3412=VERTEX_POINT('',#11409);
#3413=VERTEX_POINT('',#11413);
#3414=VERTEX_POINT('',#11419);
#3415=VERTEX_POINT('',#11425);
#3416=VERTEX_POINT('',#11429);
#3417=VERTEX_POINT('',#11435);
#3418=VERTEX_POINT('',#11439);
#3419=VERTEX_POINT('',#11445);
#3420=VERTEX_POINT('',#11449);
#3421=VERTEX_POINT('',#11453);
#3422=VERTEX_POINT('',#11457);
#3423=VERTEX_POINT('',#11465);
#3424=VERTEX_POINT('',#11469);
#3425=VERTEX_POINT('',#11477);
#3426=VERTEX_POINT('',#11483);
#3427=VERTEX_POINT('',#11487);
#3428=VERTEX_POINT('',#11493);
#3429=VERTEX_POINT('',#11501);
#3430=VERTEX_POINT('',#11507);
#3431=VERTEX_POINT('',#11517);
#3432=VERTEX_POINT('',#11521);
#3433=VERTEX_POINT('',#11527);
#3434=VERTEX_POINT('',#11541);
#3435=VERTEX_POINT('',#11545);
#3436=VERTEX_POINT('',#11551);
#3437=VERTEX_POINT('',#11553);
#3438=VERTEX_POINT('',#11559);
#3439=VERTEX_POINT('',#11563);
#3440=VERTEX_POINT('',#11569);
#3441=VERTEX_POINT('',#11573);
#3442=VERTEX_POINT('',#11577);
#3443=VERTEX_POINT('',#11581);
#3444=VERTEX_POINT('',#11587);
#3445=VERTEX_POINT('',#11591);
#3446=VERTEX_POINT('',#11595);
#3447=VERTEX_POINT('',#11599);
#3448=VERTEX_POINT('',#11603);
#3449=VERTEX_POINT('',#11607);
#3450=VERTEX_POINT('',#11617);
#3451=VERTEX_POINT('',#11627);
#3452=VERTEX_POINT('',#11631);
#3453=VERTEX_POINT('',#11635);
#3454=VERTEX_POINT('',#11641);
#3455=VERTEX_POINT('',#11643);
#3456=VERTEX_POINT('',#11649);
#3457=VERTEX_POINT('',#11653);
#3458=VERTEX_POINT('',#11659);
#3459=VERTEX_POINT('',#11661);
#3460=VERTEX_POINT('',#11667);
#3461=VERTEX_POINT('',#11671);
#3462=VERTEX_POINT('',#11677);
#3463=VERTEX_POINT('',#11681);
#3464=VERTEX_POINT('',#11685);
#3465=VERTEX_POINT('',#11689);
#3466=VERTEX_POINT('',#11693);
#3467=VERTEX_POINT('',#11697);
#3468=VERTEX_POINT('',#11705);
#3469=VERTEX_POINT('',#11711);
#3470=VERTEX_POINT('',#11719);
#3471=VERTEX_POINT('',#11723);
#3472=VERTEX_POINT('',#11729);
#3473=VERTEX_POINT('',#11735);
#3474=VERTEX_POINT('',#11739);
#3475=VERTEX_POINT('',#11743);
#3476=VERTEX_POINT('',#11747);
#3477=VERTEX_POINT('',#11751);
#3478=VERTEX_POINT('',#11757);
#3479=VERTEX_POINT('',#11761);
#3480=VERTEX_POINT('',#11765);
#3481=VERTEX_POINT('',#11773);
#3482=VERTEX_POINT('',#11775);
#3483=VERTEX_POINT('',#11781);
#3484=VERTEX_POINT('',#11785);
#3485=VERTEX_POINT('',#11789);
#3486=VERTEX_POINT('',#11798);
#3487=VERTEX_POINT('',#11810);
#3488=VERTEX_POINT('',#11811);
#3489=VERTEX_POINT('',#11818);
#3490=VERTEX_POINT('',#11822);
#3491=VERTEX_POINT('',#11826);
#3492=VERTEX_POINT('',#11832);
#3493=VERTEX_POINT('',#11836);
#3494=VERTEX_POINT('',#11840);
#3495=VERTEX_POINT('',#11844);
#3496=VERTEX_POINT('',#11848);
#3497=VERTEX_POINT('',#11854);
#3498=VERTEX_POINT('',#11858);
#3499=VERTEX_POINT('',#11865);
#3500=VERTEX_POINT('',#11871);
#3501=VERTEX_POINT('',#11877);
#3502=VERTEX_POINT('',#11887);
#3503=VERTEX_POINT('',#11889);
#3504=VERTEX_POINT('',#11897);
#3505=VERTEX_POINT('',#11901);
#3506=VERTEX_POINT('',#11911);
#3507=VERTEX_POINT('',#11920);
#3508=VERTEX_POINT('',#11937);
#3509=VERTEX_POINT('',#11945);
#3510=VERTEX_POINT('',#11951);
#3511=VERTEX_POINT('',#11955);
#3512=VERTEX_POINT('',#11966);
#3513=VERTEX_POINT('',#11973);
#3514=VERTEX_POINT('',#11975);
#3515=VERTEX_POINT('',#11979);
#3516=VERTEX_POINT('',#11983);
#3517=VERTEX_POINT('',#11989);
#3518=VERTEX_POINT('',#11995);
#3519=VERTEX_POINT('',#11997);
#3520=VERTEX_POINT('',#12001);
#3521=VERTEX_POINT('',#12016);
#3522=VERTEX_POINT('',#12020);
#3523=VERTEX_POINT('',#12035);
#3524=VERTEX_POINT('',#12039);
#3525=VERTEX_POINT('',#12043);
#3526=VERTEX_POINT('',#12047);
#3527=VERTEX_POINT('',#12051);
#3528=VERTEX_POINT('',#12055);
#3529=VERTEX_POINT('',#12061);
#3530=VERTEX_POINT('',#12067);
#3531=VERTEX_POINT('',#12079);
#3532=VERTEX_POINT('',#12083);
#3533=VERTEX_POINT('',#12087);
#3534=VERTEX_POINT('',#12097);
#3535=VERTEX_POINT('',#12101);
#3536=VERTEX_POINT('',#12133);
#3537=VERTEX_POINT('',#12137);
#3538=VERTEX_POINT('',#12141);
#3539=VERTEX_POINT('',#12145);
#3540=VERTEX_POINT('',#12149);
#3541=VERTEX_POINT('',#12155);
#3542=VERTEX_POINT('',#12159);
#3543=VERTEX_POINT('',#12165);
#3544=VERTEX_POINT('',#12169);
#3545=VERTEX_POINT('',#12175);
#3546=VERTEX_POINT('',#12181);
#3547=VERTEX_POINT('',#12187);
#3548=VERTEX_POINT('',#12193);
#3549=VERTEX_POINT('',#12199);
#3550=VERTEX_POINT('',#12211);
#3551=VERTEX_POINT('',#12218);
#3552=VERTEX_POINT('',#12222);
#3553=VERTEX_POINT('',#12226);
#3554=VERTEX_POINT('',#12230);
#3555=VERTEX_POINT('',#12234);
#3556=VERTEX_POINT('',#12243);
#3557=VERTEX_POINT('',#12249);
#3558=VERTEX_POINT('',#12258);
#3559=VERTEX_POINT('',#12262);
#3560=VERTEX_POINT('',#12268);
#3561=VERTEX_POINT('',#12276);
#3562=VERTEX_POINT('',#12280);
#3563=VERTEX_POINT('',#12286);
#3564=VERTEX_POINT('',#12292);
#3565=VERTEX_POINT('',#12298);
#3566=VERTEX_POINT('',#12306);
#3567=VERTEX_POINT('',#12316);
#3568=VERTEX_POINT('',#12356);
#3569=VERTEX_POINT('',#12360);
#3570=VERTEX_POINT('',#12369);
#3571=VERTEX_POINT('',#12375);
#3572=VERTEX_POINT('',#12399);
#3573=VERTEX_POINT('',#12401);
#3574=VERTEX_POINT('',#12409);
#3575=VERTEX_POINT('',#12415);
#3576=VERTEX_POINT('',#12421);
#3577=VERTEX_POINT('',#12427);
#3578=VERTEX_POINT('',#12433);
#3579=VERTEX_POINT('',#12439);
#3580=VERTEX_POINT('',#12447);
#3581=VERTEX_POINT('',#12453);
#3582=VERTEX_POINT('',#12465);
#3583=VERTEX_POINT('',#12473);
#3584=VERTEX_POINT('',#12479);
#3585=VERTEX_POINT('',#12483);
#3586=VERTEX_POINT('',#12489);
#3587=VERTEX_POINT('',#12495);
#3588=VERTEX_POINT('',#12505);
#3589=VERTEX_POINT('',#12511);
#3590=VERTEX_POINT('',#12515);
#3591=VERTEX_POINT('',#12523);
#3592=VERTEX_POINT('',#12529);
#3593=VERTEX_POINT('',#12552);
#3594=VERTEX_POINT('',#12560);
#3595=VERTEX_POINT('',#12568);
#3596=VERTEX_POINT('',#12578);
#3597=EDGE_CURVE('',#3211,#3212,#1327,.T.);
#3598=EDGE_CURVE('',#3211,#3213,#1328,.T.);
#3599=EDGE_CURVE('',#3214,#3213,#1329,.T.);
#3600=EDGE_CURVE('',#3212,#3214,#1330,.T.);
#3601=EDGE_CURVE('',#3212,#3215,#1331,.T.);
#3602=EDGE_CURVE('',#3216,#3214,#1332,.T.);
#3603=EDGE_CURVE('',#3215,#3216,#1333,.T.);
#3604=EDGE_CURVE('',#3215,#3217,#1334,.T.);
#3605=EDGE_CURVE('',#3218,#3216,#1335,.T.);
#3606=EDGE_CURVE('',#3217,#3218,#1336,.T.);
#3607=EDGE_CURVE('',#3217,#3211,#1337,.T.);
#3608=EDGE_CURVE('',#3213,#3218,#1338,.T.);
#3609=EDGE_CURVE('',#3219,#3220,#1339,.T.);
#3610=EDGE_CURVE('',#3219,#3221,#1340,.T.);
#3611=EDGE_CURVE('',#3222,#3221,#1341,.T.);
#3612=EDGE_CURVE('',#3220,#3222,#1342,.T.);
#3613=EDGE_CURVE('',#3220,#3223,#1343,.T.);
#3614=EDGE_CURVE('',#3224,#3222,#1344,.T.);
#3615=EDGE_CURVE('',#3223,#3224,#1345,.T.);
#3616=EDGE_CURVE('',#3223,#3225,#1346,.T.);
#3617=EDGE_CURVE('',#3226,#3224,#1347,.T.);
#3618=EDGE_CURVE('',#3225,#3226,#1348,.T.);
#3619=EDGE_CURVE('',#3225,#3227,#1349,.T.);
#3620=EDGE_CURVE('',#3228,#3226,#1350,.T.);
#3621=EDGE_CURVE('',#3227,#3228,#1351,.T.);
#3622=EDGE_CURVE('',#3227,#3229,#1352,.T.);
#3623=EDGE_CURVE('',#3230,#3228,#1353,.T.);
#3624=EDGE_CURVE('',#3229,#3230,#1354,.T.);
#3625=EDGE_CURVE('',#3219,#3229,#1355,.T.);
#3626=EDGE_CURVE('',#3221,#3230,#1356,.T.);
#3627=EDGE_CURVE('',#3231,#3232,#1357,.T.);
#3628=EDGE_CURVE('',#3232,#3233,#1358,.T.);
#3629=EDGE_CURVE('',#3233,#3234,#1359,.T.);
#3630=EDGE_CURVE('',#3234,#3231,#1360,.T.);
#3631=EDGE_CURVE('',#3235,#3236,#1361,.T.);
#3632=EDGE_CURVE('',#3236,#3237,#1362,.T.);
#3633=EDGE_CURVE('',#3237,#3238,#1363,.T.);
#3634=EDGE_CURVE('',#3238,#3235,#1364,.T.);
#3635=EDGE_CURVE('',#3234,#3237,#1365,.T.);
#3636=EDGE_CURVE('',#3231,#3236,#1366,.T.);
#3637=EDGE_CURVE('',#3233,#3238,#1367,.T.);
#3638=EDGE_CURVE('',#3232,#3235,#1368,.T.);
#3639=EDGE_CURVE('',#3239,#3240,#1369,.T.);
#3640=EDGE_CURVE('',#3240,#3241,#1370,.T.);
#3641=EDGE_CURVE('',#3241,#3242,#1371,.T.);
#3642=EDGE_CURVE('',#3242,#3239,#1372,.T.);
#3643=EDGE_CURVE('',#3243,#3244,#1373,.T.);
#3644=EDGE_CURVE('',#3244,#3245,#1374,.T.);
#3645=EDGE_CURVE('',#3245,#3246,#1375,.T.);
#3646=EDGE_CURVE('',#3246,#3243,#1376,.T.);
#3647=EDGE_CURVE('',#3246,#3241,#1377,.T.);
#3648=EDGE_CURVE('',#3243,#3240,#1378,.T.);
#3649=EDGE_CURVE('',#3245,#3242,#1379,.T.);
#3650=EDGE_CURVE('',#3244,#3239,#1380,.T.);
#3651=EDGE_CURVE('',#3247,#3248,#1381,.T.);
#3652=EDGE_CURVE('',#3248,#3249,#1382,.T.);
#3653=EDGE_CURVE('',#3250,#3249,#1383,.T.);
#3654=EDGE_CURVE('',#3247,#3250,#1384,.T.);
#3655=EDGE_CURVE('',#3251,#3247,#1385,.T.);
#3656=EDGE_CURVE('',#3252,#3250,#1386,.T.);
#3657=EDGE_CURVE('',#3251,#3252,#1387,.T.);
#3658=EDGE_CURVE('',#3253,#3251,#1388,.T.);
#3659=EDGE_CURVE('',#3254,#3252,#1389,.T.);
#3660=EDGE_CURVE('',#3253,#3254,#1390,.T.);
#3661=EDGE_CURVE('',#3255,#3253,#1391,.T.);
#3662=EDGE_CURVE('',#3256,#3254,#1392,.T.);
#3663=EDGE_CURVE('',#3255,#3256,#1393,.T.);
#3664=EDGE_CURVE('',#3257,#3255,#1394,.T.);
#3665=EDGE_CURVE('',#3258,#3256,#1395,.T.);
#3666=EDGE_CURVE('',#3257,#3258,#1396,.T.);
#3667=EDGE_CURVE('',#3259,#3257,#1397,.T.);
#3668=EDGE_CURVE('',#3260,#3258,#1398,.T.);
#3669=EDGE_CURVE('',#3259,#3260,#1399,.T.);
#3670=EDGE_CURVE('',#3261,#3259,#1400,.T.);
#3671=EDGE_CURVE('',#3262,#3260,#1401,.T.);
#3672=EDGE_CURVE('',#3261,#3262,#1402,.T.);
#3673=EDGE_CURVE('',#3248,#3261,#1403,.T.);
#3674=EDGE_CURVE('',#3249,#3262,#1404,.T.);
#3675=EDGE_CURVE('',#3263,#3264,#1405,.T.);
#3676=EDGE_CURVE('',#3264,#3265,#1406,.T.);
#3677=EDGE_CURVE('',#3265,#3266,#1407,.T.);
#3678=EDGE_CURVE('',#3266,#3263,#1408,.T.);
#3679=EDGE_CURVE('',#3267,#3268,#1409,.T.);
#3680=EDGE_CURVE('',#3268,#3269,#1410,.T.);
#3681=EDGE_CURVE('',#3269,#3270,#1411,.T.);
#3682=EDGE_CURVE('',#3270,#3267,#1412,.T.);
#3683=EDGE_CURVE('',#3266,#3269,#1413,.T.);
#3684=EDGE_CURVE('',#3263,#3268,#1414,.T.);
#3685=EDGE_CURVE('',#3265,#3270,#1415,.T.);
#3686=EDGE_CURVE('',#3264,#3267,#1416,.T.);
#3687=EDGE_CURVE('',#3271,#3271,#55,.T.);
#3688=EDGE_CURVE('',#3271,#3272,#1417,.T.);
#3689=EDGE_CURVE('',#3272,#3272,#56,.T.);
#3690=EDGE_CURVE('',#3273,#3274,#1418,.T.);
#3691=EDGE_CURVE('',#3274,#3275,#1419,.T.);
#3692=EDGE_CURVE('',#3275,#3276,#1420,.T.);
#3693=EDGE_CURVE('',#3276,#3273,#1421,.T.);
#3694=EDGE_CURVE('',#3277,#3278,#1422,.T.);
#3695=EDGE_CURVE('',#3278,#3279,#1423,.T.);
#3696=EDGE_CURVE('',#3279,#3280,#1424,.T.);
#3697=EDGE_CURVE('',#3280,#3277,#1425,.T.);
#3698=EDGE_CURVE('',#3276,#3279,#1426,.T.);
#3699=EDGE_CURVE('',#3273,#3278,#1427,.T.);
#3700=EDGE_CURVE('',#3275,#3280,#1428,.T.);
#3701=EDGE_CURVE('',#3274,#3277,#1429,.T.);
#3702=EDGE_CURVE('',#3281,#3281,#57,.T.);
#3703=EDGE_CURVE('',#3281,#3282,#1430,.T.);
#3704=EDGE_CURVE('',#3282,#3282,#58,.T.);
#3705=EDGE_CURVE('',#3283,#3284,#1431,.T.);
#3706=EDGE_CURVE('',#3284,#3285,#1432,.T.);
#3707=EDGE_CURVE('',#3285,#3286,#1433,.T.);
#3708=EDGE_CURVE('',#3286,#3283,#1434,.T.);
#3709=EDGE_CURVE('',#3287,#3288,#1435,.T.);
#3710=EDGE_CURVE('',#3288,#3289,#1436,.T.);
#3711=EDGE_CURVE('',#3289,#3290,#1437,.T.);
#3712=EDGE_CURVE('',#3290,#3287,#1438,.T.);
#3713=EDGE_CURVE('',#3286,#3289,#1439,.T.);
#3714=EDGE_CURVE('',#3283,#3288,#1440,.T.);
#3715=EDGE_CURVE('',#3285,#3290,#1441,.T.);
#3716=EDGE_CURVE('',#3284,#3287,#1442,.T.);
#3717=EDGE_CURVE('',#3291,#3291,#59,.T.);
#3718=EDGE_CURVE('',#3291,#3292,#1443,.T.);
#3719=EDGE_CURVE('',#3292,#3292,#60,.T.);
#3720=EDGE_CURVE('',#3293,#3293,#61,.T.);
#3721=EDGE_CURVE('',#3293,#3294,#1444,.T.);
#3722=EDGE_CURVE('',#3294,#3294,#62,.T.);
#3723=EDGE_CURVE('',#3295,#3295,#63,.T.);
#3724=EDGE_CURVE('',#3295,#3296,#1445,.T.);
#3725=EDGE_CURVE('',#3296,#3296,#64,.T.);
#3726=EDGE_CURVE('',#3297,#3297,#65,.T.);
#3727=EDGE_CURVE('',#3297,#3298,#1446,.T.);
#3728=EDGE_CURVE('',#3298,#3298,#66,.T.);
#3729=EDGE_CURVE('',#3299,#3300,#1447,.T.);
#3730=EDGE_CURVE('',#3301,#3299,#1448,.T.);
#3731=EDGE_CURVE('',#3302,#3301,#1449,.T.);
#3732=EDGE_CURVE('',#3300,#3302,#1450,.T.);
#3733=EDGE_CURVE('',#3302,#3303,#1451,.T.);
#3734=EDGE_CURVE('',#3304,#3303,#1452,.T.);
#3735=EDGE_CURVE('',#3300,#3304,#1453,.T.);
#3736=EDGE_CURVE('',#3301,#3305,#1454,.T.);
#3737=EDGE_CURVE('',#3303,#3305,#1455,.T.);
#3738=EDGE_CURVE('',#3306,#3304,#1456,.T.);
#3739=EDGE_CURVE('',#3305,#3306,#1457,.T.);
#3740=EDGE_CURVE('',#3299,#3306,#1458,.T.);
#3741=EDGE_CURVE('',#3307,#3308,#1459,.T.);
#3742=EDGE_CURVE('',#3309,#3307,#1460,.T.);
#3743=EDGE_CURVE('',#3309,#3310,#1461,.T.);
#3744=EDGE_CURVE('',#3311,#3310,#1462,.T.);
#3745=EDGE_CURVE('',#3312,#3311,#1463,.T.);
#3746=EDGE_CURVE('',#3313,#3312,#1464,.T.);
#3747=EDGE_CURVE('',#3314,#3313,#1465,.T.);
#3748=EDGE_CURVE('',#3315,#3314,#1466,.T.);
#3749=EDGE_CURVE('',#3316,#3315,#1467,.T.);
#3750=EDGE_CURVE('',#3317,#3316,#1468,.T.);
#3751=EDGE_CURVE('',#3318,#3317,#1469,.T.);
#3752=EDGE_CURVE('',#3319,#3318,#1470,.T.);
#3753=EDGE_CURVE('',#3320,#3319,#1471,.T.);
#3754=EDGE_CURVE('',#3321,#3320,#1472,.T.);
#3755=EDGE_CURVE('',#3322,#3321,#1473,.T.);
#3756=EDGE_CURVE('',#3323,#3322,#1474,.T.);
#3757=EDGE_CURVE('',#3324,#3323,#1475,.T.);
#3758=EDGE_CURVE('',#3325,#3324,#1476,.T.);
#3759=EDGE_CURVE('',#3326,#3325,#1477,.T.);
#3760=EDGE_CURVE('',#3327,#3326,#1478,.T.);
#3761=EDGE_CURVE('',#3328,#3327,#1479,.T.);
#3762=EDGE_CURVE('',#3329,#3328,#1480,.T.);
#3763=EDGE_CURVE('',#3330,#3329,#1481,.T.);
#3764=EDGE_CURVE('',#3331,#3330,#1482,.T.);
#3765=EDGE_CURVE('',#3332,#3331,#1483,.T.);
#3766=EDGE_CURVE('',#3333,#3332,#1484,.T.);
#3767=EDGE_CURVE('',#3334,#3333,#1485,.T.);
#3768=EDGE_CURVE('',#3335,#3334,#1486,.T.);
#3769=EDGE_CURVE('',#3336,#3335,#1487,.T.);
#3770=EDGE_CURVE('',#3337,#3336,#1488,.T.);
#3771=EDGE_CURVE('',#3338,#3337,#1489,.T.);
#3772=EDGE_CURVE('',#3339,#3338,#1490,.T.);
#3773=EDGE_CURVE('',#3340,#3339,#1491,.T.);
#3774=EDGE_CURVE('',#3341,#3340,#1492,.T.);
#3775=EDGE_CURVE('',#3342,#3341,#1493,.T.);
#3776=EDGE_CURVE('',#3343,#3342,#1494,.T.);
#3777=EDGE_CURVE('',#3344,#3343,#1495,.T.);
#3778=EDGE_CURVE('',#3345,#3344,#1496,.T.);
#3779=EDGE_CURVE('',#3308,#3345,#1497,.T.);
#3780=EDGE_CURVE('',#3346,#3307,#1498,.T.);
#3781=EDGE_CURVE('',#3347,#3346,#1499,.T.);
#3782=EDGE_CURVE('',#3348,#3347,#1500,.T.);
#3783=EDGE_CURVE('',#3348,#3309,#1501,.T.);
#3784=EDGE_CURVE('',#3349,#3347,#1502,.T.);
#3785=EDGE_CURVE('',#3350,#3349,#1503,.T.);
#3786=EDGE_CURVE('',#3351,#3350,#1504,.T.);
#3787=EDGE_CURVE('',#3352,#3351,#1505,.T.);
#3788=EDGE_CURVE('',#3352,#3348,#1506,.T.);
#3789=EDGE_CURVE('',#3353,#3351,#1507,.T.);
#3790=EDGE_CURVE('',#3354,#3353,#1508,.T.);
#3791=EDGE_CURVE('',#3355,#3354,#1509,.T.);
#3792=EDGE_CURVE('',#3356,#3355,#1510,.T.);
#3793=EDGE_CURVE('',#3311,#3356,#1511,.T.);
#3794=EDGE_CURVE('',#3310,#3352,#1512,.T.);
#3795=EDGE_CURVE('',#3357,#3335,#1513,.T.);
#3796=EDGE_CURVE('',#3357,#3336,#1514,.T.);
#3797=EDGE_CURVE('',#3357,#3334,#1515,.T.);
#3798=EDGE_CURVE('',#3357,#3333,#1516,.T.);
#3799=EDGE_CURVE('',#3357,#3332,#1517,.T.);
#3800=EDGE_CURVE('',#3357,#3331,#1518,.T.);
#3801=EDGE_CURVE('',#3357,#3330,#1519,.T.);
#3802=EDGE_CURVE('',#3357,#3329,#1520,.T.);
#3803=EDGE_CURVE('',#3357,#3328,#1521,.T.);
#3804=EDGE_CURVE('',#3357,#3327,#1522,.T.);
#3805=EDGE_CURVE('',#3357,#3326,#1523,.T.);
#3806=EDGE_CURVE('',#3357,#3325,#1524,.T.);
#3807=EDGE_CURVE('',#3357,#3324,#1525,.T.);
#3808=EDGE_CURVE('',#3357,#3323,#1526,.T.);
#3809=EDGE_CURVE('',#3357,#3322,#1527,.T.);
#3810=EDGE_CURVE('',#3357,#3321,#1528,.T.);
#3811=EDGE_CURVE('',#3357,#3320,#1529,.T.);
#3812=EDGE_CURVE('',#3357,#3319,#1530,.T.);
#3813=EDGE_CURVE('',#3357,#3318,#1531,.T.);
#3814=EDGE_CURVE('',#3357,#3317,#1532,.T.);
#3815=EDGE_CURVE('',#3357,#3316,#1533,.T.);
#3816=EDGE_CURVE('',#3357,#3315,#1534,.T.);
#3817=EDGE_CURVE('',#3357,#3314,#1535,.T.);
#3818=EDGE_CURVE('',#3357,#3313,#1536,.T.);
#3819=EDGE_CURVE('',#3358,#3312,#1537,.T.);
#3820=EDGE_CURVE('',#3358,#3357,#1538,.T.);
#3821=EDGE_CURVE('',#3359,#3360,#1539,.T.);
#3822=EDGE_CURVE('',#3361,#3359,#1540,.T.);
#3823=EDGE_CURVE('',#3361,#3360,#1541,.T.);
#3824=EDGE_CURVE('',#3362,#3359,#1542,.T.);
#3825=EDGE_CURVE('',#3362,#3360,#1543,.T.);
#3826=EDGE_CURVE('',#3361,#3362,#1544,.T.);
#3827=EDGE_CURVE('',#3363,#3361,#1545,.T.);
#3828=EDGE_CURVE('',#3363,#3360,#1546,.T.);
#3829=EDGE_CURVE('',#3360,#3364,#1547,.T.);
#3830=EDGE_CURVE('',#3362,#3364,#1548,.T.);
#3831=EDGE_CURVE('',#3360,#3365,#1549,.T.);
#3832=EDGE_CURVE('',#3364,#3365,#1550,.T.);
#3833=EDGE_CURVE('',#3366,#3363,#1551,.T.);
#3834=EDGE_CURVE('',#3366,#3360,#1552,.T.);
#3835=EDGE_CURVE('',#3360,#3367,#1553,.T.);
#3836=EDGE_CURVE('',#3365,#3367,#1554,.T.);
#3837=EDGE_CURVE('',#3368,#3366,#1555,.T.);
#3838=EDGE_CURVE('',#3368,#3360,#1556,.T.);
#3839=EDGE_CURVE('',#3360,#3369,#1557,.T.);
#3840=EDGE_CURVE('',#3367,#3369,#1558,.T.);
#3841=EDGE_CURVE('',#3370,#3368,#1559,.T.);
#3842=EDGE_CURVE('',#3370,#3360,#1560,.T.);
#3843=EDGE_CURVE('',#3360,#3371,#1561,.T.);
#3844=EDGE_CURVE('',#3371,#3369,#1562,.T.);
#3845=EDGE_CURVE('',#3370,#3372,#1563,.T.);
#3846=EDGE_CURVE('',#3372,#3360,#1564,.T.);
#3847=EDGE_CURVE('',#3360,#3373,#1565,.T.);
#3848=EDGE_CURVE('',#3373,#3371,#1566,.T.);
#3849=EDGE_CURVE('',#3372,#3374,#1567,.T.);
#3850=EDGE_CURVE('',#3374,#3360,#1568,.T.);
#3851=EDGE_CURVE('',#3375,#3360,#1569,.T.);
#3852=EDGE_CURVE('',#3375,#3373,#1570,.T.);
#3853=EDGE_CURVE('',#3374,#3376,#1571,.T.);
#3854=EDGE_CURVE('',#3376,#3360,#1572,.T.);
#3855=EDGE_CURVE('',#3377,#3360,#1573,.T.);
#3856=EDGE_CURVE('',#3377,#3375,#1574,.T.);
#3857=EDGE_CURVE('',#3376,#3377,#1575,.T.);
#3858=EDGE_CURVE('',#3378,#3362,#1576,.T.);
#3859=EDGE_CURVE('',#3378,#3361,#1577,.T.);
#3860=EDGE_CURVE('',#3378,#3363,#1578,.T.);
#3861=EDGE_CURVE('',#3362,#3379,#1579,.T.);
#3862=EDGE_CURVE('',#3380,#3379,#1580,.T.);
#3863=EDGE_CURVE('',#3380,#3362,#1581,.T.);
#3864=EDGE_CURVE('',#3378,#3380,#1582,.T.);
#3865=EDGE_CURVE('',#3379,#3381,#1583,.T.);
#3866=EDGE_CURVE('',#3362,#3381,#1584,.T.);
#3867=EDGE_CURVE('',#3364,#3381,#1585,.T.);
#3868=EDGE_CURVE('',#3378,#3366,#1586,.T.);
#3869=EDGE_CURVE('',#3381,#3365,#1587,.T.);
#3870=EDGE_CURVE('',#3381,#3367,#1588,.T.);
#3871=EDGE_CURVE('',#3382,#3378,#1589,.T.);
#3872=EDGE_CURVE('',#3382,#3366,#1590,.T.);
#3873=EDGE_CURVE('',#3382,#3368,#1591,.T.);
#3874=EDGE_CURVE('',#3381,#3369,#1592,.T.);
#3875=EDGE_CURVE('',#3382,#3370,#1593,.T.);
#3876=EDGE_CURVE('',#3369,#3383,#1594,.T.);
#3877=EDGE_CURVE('',#3371,#3383,#1595,.T.);
#3878=EDGE_CURVE('',#3381,#3383,#1596,.T.);
#3879=EDGE_CURVE('',#3382,#3384,#1597,.T.);
#3880=EDGE_CURVE('',#3370,#3384,#1598,.T.);
#3881=EDGE_CURVE('',#3372,#3384,#1599,.T.);
#3882=EDGE_CURVE('',#3373,#3383,#1600,.T.);
#3883=EDGE_CURVE('',#3384,#3374,#1601,.T.);
#3884=EDGE_CURVE('',#3373,#3385,#1602,.T.);
#3885=EDGE_CURVE('',#3375,#3385,#1603,.T.);
#3886=EDGE_CURVE('',#3385,#3383,#1604,.T.);
#3887=EDGE_CURVE('',#3384,#3386,#1605,.T.);
#3888=EDGE_CURVE('',#3374,#3386,#1606,.T.);
#3889=EDGE_CURVE('',#3376,#3386,#1607,.T.);
#3890=EDGE_CURVE('',#3377,#3385,#1608,.T.);
#3891=EDGE_CURVE('',#3377,#3386,#1609,.T.);
#3892=EDGE_CURVE('',#3386,#3385,#1610,.T.);
#3893=EDGE_CURVE('',#3382,#3380,#1611,.T.);
#3894=EDGE_CURVE('',#3380,#3387,#1612,.T.);
#3895=EDGE_CURVE('',#3387,#3379,#1613,.T.);
#3896=EDGE_CURVE('',#3387,#3388,#1614,.T.);
#3897=EDGE_CURVE('',#3388,#3379,#1615,.T.);
#3898=EDGE_CURVE('',#3379,#3389,#1616,.T.);
#3899=EDGE_CURVE('',#3388,#3389,#1617,.T.);
#3900=EDGE_CURVE('',#3379,#3390,#1618,.T.);
#3901=EDGE_CURVE('',#3389,#3390,#1619,.T.);
#3902=EDGE_CURVE('',#3390,#3381,#1620,.T.);
#3903=EDGE_CURVE('',#3391,#3387,#1621,.T.);
#3904=EDGE_CURVE('',#3391,#3380,#1622,.T.);
#3905=EDGE_CURVE('',#3392,#3380,#1623,.T.);
#3906=EDGE_CURVE('',#3391,#3392,#1624,.T.);
#3907=EDGE_CURVE('',#3392,#3393,#1625,.T.);
#3908=EDGE_CURVE('',#3380,#3393,#1626,.T.);
#3909=EDGE_CURVE('',#3382,#3393,#1627,.T.);
#3910=EDGE_CURVE('',#3390,#3383,#1628,.T.);
#3911=EDGE_CURVE('',#3382,#3394,#1629,.T.);
#3912=EDGE_CURVE('',#3393,#3394,#1630,.T.);
#3913=EDGE_CURVE('',#3382,#3395,#1631,.T.);
#3914=EDGE_CURVE('',#3394,#3395,#1632,.T.);
#3915=EDGE_CURVE('',#3384,#3395,#1633,.T.);
#3916=EDGE_CURVE('',#3396,#3385,#1634,.T.);
#3917=EDGE_CURVE('',#3396,#3383,#1635,.T.);
#3918=EDGE_CURVE('',#3390,#3396,#1636,.T.);
#3919=EDGE_CURVE('',#3395,#3397,#1637,.T.);
#3920=EDGE_CURVE('',#3384,#3397,#1638,.T.);
#3921=EDGE_CURVE('',#3386,#3397,#1639,.T.);
#3922=EDGE_CURVE('',#3386,#3396,#1640,.T.);
#3923=EDGE_CURVE('',#3397,#3396,#1641,.T.);
#3924=EDGE_CURVE('',#3398,#3388,#1642,.T.);
#3925=EDGE_CURVE('',#3387,#3398,#1643,.T.);
#3926=EDGE_CURVE('',#3399,#3398,#1644,.T.);
#3927=EDGE_CURVE('',#3399,#3387,#1645,.T.);
#3928=EDGE_CURVE('',#3399,#3391,#1646,.T.);
#3929=EDGE_CURVE('',#3398,#3389,#1647,.T.);
#3930=EDGE_CURVE('',#3389,#3400,#1648,.T.);
#3931=EDGE_CURVE('',#3398,#3400,#1649,.T.);
#3932=EDGE_CURVE('',#3389,#3401,#1650,.T.);
#3933=EDGE_CURVE('',#3390,#3401,#1651,.T.);
#3934=EDGE_CURVE('',#3401,#3400,#1652,.T.);
#3935=EDGE_CURVE('',#3401,#3402,#1653,.T.);
#3936=EDGE_CURVE('',#3390,#3402,#1654,.T.);
#3937=EDGE_CURVE('',#3396,#3402,#1655,.T.);
#3938=EDGE_CURVE('',#3399,#3392,#1656,.T.);
#3939=EDGE_CURVE('',#3392,#3403,#1657,.T.);
#3940=EDGE_CURVE('',#3403,#3393,#1658,.T.);
#3941=EDGE_CURVE('',#3404,#3392,#1659,.T.);
#3942=EDGE_CURVE('',#3404,#3403,#1660,.T.);
#3943=EDGE_CURVE('',#3399,#3404,#1661,.T.);
#3944=EDGE_CURVE('',#3405,#3393,#1662,.T.);
#3945=EDGE_CURVE('',#3406,#3393,#1663,.T.);
#3946=EDGE_CURVE('',#3406,#3405,#1664,.T.);
#3947=EDGE_CURVE('',#3403,#3406,#1665,.T.);
#3948=EDGE_CURVE('',#3407,#3393,#1666,.T.);
#3949=EDGE_CURVE('',#3405,#3407,#1667,.T.);
#3950=EDGE_CURVE('',#3407,#3394,#1668,.T.);
#3951=EDGE_CURVE('',#3408,#3394,#1669,.T.);
#3952=EDGE_CURVE('',#3408,#3409,#1670,.T.);
#3953=EDGE_CURVE('',#3409,#3394,#1671,.T.);
#3954=EDGE_CURVE('',#3408,#3410,#1672,.T.);
#3955=EDGE_CURVE('',#3410,#3394,#1673,.T.);
#3956=EDGE_CURVE('',#3409,#3395,#1674,.T.);
#3957=EDGE_CURVE('',#3407,#3410,#1675,.T.);
#3958=EDGE_CURVE('',#3411,#3397,#1676,.T.);
#3959=EDGE_CURVE('',#3395,#3411,#1677,.T.);
#3960=EDGE_CURVE('',#3412,#3395,#1678,.T.);
#3961=EDGE_CURVE('',#3412,#3411,#1679,.T.);
#3962=EDGE_CURVE('',#3412,#3413,#1680,.T.);
#3963=EDGE_CURVE('',#3413,#3395,#1681,.T.);
#3964=EDGE_CURVE('',#3413,#3409,#1682,.T.);
#3965=EDGE_CURVE('',#3402,#3414,#1683,.T.);
#3966=EDGE_CURVE('',#3396,#3414,#1684,.T.);
#3967=EDGE_CURVE('',#3397,#3414,#1685,.T.);
#3968=EDGE_CURVE('',#3415,#3414,#1686,.T.);
#3969=EDGE_CURVE('',#3397,#3415,#1687,.T.);
#3970=EDGE_CURVE('',#3416,#3415,#1688,.T.);
#3971=EDGE_CURVE('',#3416,#3397,#1689,.T.);
#3972=EDGE_CURVE('',#3411,#3416,#1690,.T.);
#3973=EDGE_CURVE('',#3400,#3417,#1691,.T.);
#3974=EDGE_CURVE('',#3398,#3417,#1692,.T.);
#3975=EDGE_CURVE('',#3418,#3417,#1693,.T.);
#3976=EDGE_CURVE('',#3418,#3398,#1694,.T.);
#3977=EDGE_CURVE('',#3399,#3418,#1695,.T.);
#3978=EDGE_CURVE('',#3419,#3418,#1696,.T.);
#3979=EDGE_CURVE('',#3419,#3399,#1697,.T.);
#3980=EDGE_CURVE('',#3419,#3420,#1698,.T.);
#3981=EDGE_CURVE('',#3420,#3399,#1699,.T.);
#3982=EDGE_CURVE('',#3420,#3421,#1700,.T.);
#3983=EDGE_CURVE('',#3421,#3399,#1701,.T.);
#3984=EDGE_CURVE('',#3421,#3422,#1702,.T.);
#3985=EDGE_CURVE('',#3422,#3399,#1703,.T.);
#3986=EDGE_CURVE('',#3422,#3404,#1704,.T.);
#3987=EDGE_CURVE('',#3402,#3400,#1705,.T.);
#3988=EDGE_CURVE('',#3400,#3423,#1706,.T.);
#3989=EDGE_CURVE('',#3402,#3423,#1707,.T.);
#3990=EDGE_CURVE('',#3417,#3424,#1708,.T.);
#3991=EDGE_CURVE('',#3400,#3424,#1709,.T.);
#3992=EDGE_CURVE('',#3423,#3424,#1710,.T.);
#3993=EDGE_CURVE('',#3414,#3423,#1711,.T.);
#3994=EDGE_CURVE('',#3404,#3425,#1712,.T.);
#3995=EDGE_CURVE('',#3425,#3403,#1713,.T.);
#3996=EDGE_CURVE('',#3425,#3406,#1714,.T.);
#3997=EDGE_CURVE('',#3404,#3426,#1715,.T.);
#3998=EDGE_CURVE('',#3422,#3426,#1716,.T.);
#3999=EDGE_CURVE('',#3404,#3427,#1717,.T.);
#4000=EDGE_CURVE('',#3425,#3427,#1718,.T.);
#4001=EDGE_CURVE('',#3426,#3427,#1719,.T.);
#4002=EDGE_CURVE('',#3428,#3406,#1720,.T.);
#4003=EDGE_CURVE('',#3428,#3405,#1721,.T.);
#4004=EDGE_CURVE('',#3428,#3407,#1722,.T.);
#4005=EDGE_CURVE('',#3425,#3428,#1723,.T.);
#4006=EDGE_CURVE('',#3429,#3410,#1724,.T.);
#4007=EDGE_CURVE('',#3429,#3407,#1725,.T.);
#4008=EDGE_CURVE('',#3428,#3429,#1726,.T.);
#4009=EDGE_CURVE('',#3430,#3408,#1727,.T.);
#4010=EDGE_CURVE('',#3430,#3409,#1728,.T.);
#4011=EDGE_CURVE('',#3429,#3408,#1729,.T.);
#4012=EDGE_CURVE('',#3430,#3429,#1730,.T.);
#4013=EDGE_CURVE('',#3430,#3413,#1731,.T.);
#4014=EDGE_CURVE('',#3411,#3431,#1732,.T.);
#4015=EDGE_CURVE('',#3431,#3416,#1733,.T.);
#4016=EDGE_CURVE('',#3432,#3411,#1734,.T.);
#4017=EDGE_CURVE('',#3432,#3431,#1735,.T.);
#4018=EDGE_CURVE('',#3432,#3412,#1736,.T.);
#4019=EDGE_CURVE('',#3433,#3413,#1737,.T.);
#4020=EDGE_CURVE('',#3433,#3412,#1738,.T.);
#4021=EDGE_CURVE('',#3432,#3433,#1739,.T.);
#4022=EDGE_CURVE('',#3433,#3430,#1740,.T.);
#4023=EDGE_CURVE('',#3415,#3423,#1741,.T.);
#4024=EDGE_CURVE('',#3431,#3415,#1742,.T.);
#4025=EDGE_CURVE('',#3431,#3423,#1743,.T.);
#4026=EDGE_CURVE('',#3434,#3417,#1744,.T.);
#4027=EDGE_CURVE('',#3418,#3434,#1745,.T.);
#4028=EDGE_CURVE('',#3434,#3435,#1746,.T.);
#4029=EDGE_CURVE('',#3435,#3417,#1747,.T.);
#4030=EDGE_CURVE('',#3435,#3424,#1748,.T.);
#4031=EDGE_CURVE('',#3436,#3418,#1749,.T.);
#4032=EDGE_CURVE('',#3437,#3436,#1750,.T.);
#4033=EDGE_CURVE('',#3437,#3418,#1751,.T.);
#4034=EDGE_CURVE('',#3419,#3437,#1752,.T.);
#4035=EDGE_CURVE('',#3438,#3418,#1753,.T.);
#4036=EDGE_CURVE('',#3436,#3438,#1754,.T.);
#4037=EDGE_CURVE('',#3418,#3439,#1755,.T.);
#4038=EDGE_CURVE('',#3438,#3439,#1756,.T.);
#4039=EDGE_CURVE('',#3439,#3434,#1757,.T.);
#4040=EDGE_CURVE('',#3440,#3437,#1758,.T.);
#4041=EDGE_CURVE('',#3419,#3440,#1759,.T.);
#4042=EDGE_CURVE('',#3441,#3440,#1760,.T.);
#4043=EDGE_CURVE('',#3419,#3441,#1761,.T.);
#4044=EDGE_CURVE('',#3442,#3441,#1762,.T.);
#4045=EDGE_CURVE('',#3419,#3442,#1763,.T.);
#4046=EDGE_CURVE('',#3443,#3442,#1764,.T.);
#4047=EDGE_CURVE('',#3419,#3443,#1765,.T.);
#4048=EDGE_CURVE('',#3420,#3443,#1766,.T.);
#4049=EDGE_CURVE('',#3420,#3444,#1767,.T.);
#4050=EDGE_CURVE('',#3421,#3444,#1768,.T.);
#4051=EDGE_CURVE('',#3420,#3445,#1769,.T.);
#4052=EDGE_CURVE('',#3444,#3445,#1770,.T.);
#4053=EDGE_CURVE('',#3420,#3446,#1771,.T.);
#4054=EDGE_CURVE('',#3446,#3445,#1772,.T.);
#4055=EDGE_CURVE('',#3420,#3447,#1773,.T.);
#4056=EDGE_CURVE('',#3446,#3447,#1774,.T.);
#4057=EDGE_CURVE('',#3420,#3448,#1775,.T.);
#4058=EDGE_CURVE('',#3448,#3447,#1776,.T.);
#4059=EDGE_CURVE('',#3443,#3449,#1777,.T.);
#4060=EDGE_CURVE('',#3420,#3449,#1778,.T.);
#4061=EDGE_CURVE('',#3448,#3449,#1779,.T.);
#4062=EDGE_CURVE('',#3422,#3444,#1780,.T.);
#4063=EDGE_CURVE('',#3444,#3426,#1781,.T.);
#4064=EDGE_CURVE('',#3450,#3431,#1782,.T.);
#4065=EDGE_CURVE('',#3450,#3423,#1783,.T.);
#4066=EDGE_CURVE('',#3450,#3424,#1784,.T.);
#4067=EDGE_CURVE('',#3450,#3435,#1785,.T.);
#4068=EDGE_CURVE('',#3427,#3428,#1786,.T.);
#4069=EDGE_CURVE('',#3451,#3426,#1787,.T.);
#4070=EDGE_CURVE('',#3451,#3427,#1788,.T.);
#4071=EDGE_CURVE('',#3452,#3451,#1789,.T.);
#4072=EDGE_CURVE('',#3452,#3426,#1790,.T.);
#4073=EDGE_CURVE('',#3452,#3453,#1791,.T.);
#4074=EDGE_CURVE('',#3453,#3426,#1792,.T.);
#4075=EDGE_CURVE('',#3444,#3453,#1793,.T.);
#4076=EDGE_CURVE('',#3454,#3427,#1794,.T.);
#4077=EDGE_CURVE('',#3454,#3455,#1795,.T.);
#4078=EDGE_CURVE('',#3455,#3427,#1796,.T.);
#4079=EDGE_CURVE('',#3455,#3428,#1797,.T.);
#4080=EDGE_CURVE('',#3456,#3427,#1798,.T.);
#4081=EDGE_CURVE('',#3456,#3454,#1799,.T.);
#4082=EDGE_CURVE('',#3457,#3456,#1800,.T.);
#4083=EDGE_CURVE('',#3457,#3427,#1801,.T.);
#4084=EDGE_CURVE('',#3451,#3457,#1802,.T.);
#4085=EDGE_CURVE('',#3458,#3428,#1803,.T.);
#4086=EDGE_CURVE('',#3459,#3458,#1804,.T.);
#4087=EDGE_CURVE('',#3459,#3428,#1805,.T.);
#4088=EDGE_CURVE('',#3459,#3429,#1806,.T.);
#4089=EDGE_CURVE('',#3460,#3428,#1807,.T.);
#4090=EDGE_CURVE('',#3460,#3458,#1808,.T.);
#4091=EDGE_CURVE('',#3461,#3428,#1809,.T.);
#4092=EDGE_CURVE('',#3461,#3460,#1810,.T.);
#4093=EDGE_CURVE('',#3455,#3461,#1811,.T.);
#4094=EDGE_CURVE('',#3462,#3459,#1812,.T.);
#4095=EDGE_CURVE('',#3462,#3429,#1813,.T.);
#4096=EDGE_CURVE('',#3463,#3429,#1814,.T.);
#4097=EDGE_CURVE('',#3462,#3463,#1815,.T.);
#4098=EDGE_CURVE('',#3464,#3463,#1816,.T.);
#4099=EDGE_CURVE('',#3464,#3429,#1817,.T.);
#4100=EDGE_CURVE('',#3465,#3464,#1818,.T.);
#4101=EDGE_CURVE('',#3465,#3429,#1819,.T.);
#4102=EDGE_CURVE('',#3466,#3465,#1820,.T.);
#4103=EDGE_CURVE('',#3466,#3429,#1821,.T.);
#4104=EDGE_CURVE('',#3466,#3467,#1822,.T.);
#4105=EDGE_CURVE('',#3467,#3429,#1823,.T.);
#4106=EDGE_CURVE('',#3433,#3429,#1824,.T.);
#4107=EDGE_CURVE('',#3433,#3467,#1825,.T.);
#4108=EDGE_CURVE('',#3468,#3432,#1826,.T.);
#4109=EDGE_CURVE('',#3468,#3431,#1827,.T.);
#4110=EDGE_CURVE('',#3468,#3450,#1828,.T.);
#4111=EDGE_CURVE('',#3469,#3433,#1829,.T.);
#4112=EDGE_CURVE('',#3469,#3432,#1830,.T.);
#4113=EDGE_CURVE('',#3468,#3469,#1831,.T.);
#4114=EDGE_CURVE('',#3469,#3467,#1832,.T.);
#4115=EDGE_CURVE('',#3470,#3435,#1833,.T.);
#4116=EDGE_CURVE('',#3470,#3434,#1834,.T.);
#4117=EDGE_CURVE('',#3470,#3471,#1835,.T.);
#4118=EDGE_CURVE('',#3471,#3434,#1836,.T.);
#4119=EDGE_CURVE('',#3439,#3471,#1837,.T.);
#4120=EDGE_CURVE('',#3472,#3435,#1838,.T.);
#4121=EDGE_CURVE('',#3472,#3470,#1839,.T.);
#4122=EDGE_CURVE('',#3472,#3450,#1840,.T.);
#4123=EDGE_CURVE('',#3473,#3436,#1841,.T.);
#4124=EDGE_CURVE('',#3437,#3473,#1842,.T.);
#4125=EDGE_CURVE('',#3438,#3474,#1843,.T.);
#4126=EDGE_CURVE('',#3436,#3474,#1844,.T.);
#4127=EDGE_CURVE('',#3475,#3474,#1845,.T.);
#4128=EDGE_CURVE('',#3436,#3475,#1846,.T.);
#4129=EDGE_CURVE('',#3476,#3475,#1847,.T.);
#4130=EDGE_CURVE('',#3436,#3476,#1848,.T.);
#4131=EDGE_CURVE('',#3477,#3476,#1849,.T.);
#4132=EDGE_CURVE('',#3436,#3477,#1850,.T.);
#4133=EDGE_CURVE('',#3473,#3477,#1851,.T.);
#4134=EDGE_CURVE('',#3478,#3473,#1852,.T.);
#4135=EDGE_CURVE('',#3437,#3478,#1853,.T.);
#4136=EDGE_CURVE('',#3440,#3479,#1854,.T.);
#4137=EDGE_CURVE('',#3479,#3437,#1855,.T.);
#4138=EDGE_CURVE('',#3480,#3478,#1856,.T.);
#4139=EDGE_CURVE('',#3480,#3437,#1857,.T.);
#4140=EDGE_CURVE('',#3479,#3480,#1858,.T.);
#4141=EDGE_CURVE('',#3474,#3439,#1859,.T.);
#4142=EDGE_CURVE('',#3481,#3439,#1860,.T.);
#4143=EDGE_CURVE('',#3482,#3439,#1861,.T.);
#4144=EDGE_CURVE('',#3481,#3482,#1862,.T.);
#4145=EDGE_CURVE('',#3481,#3474,#1863,.T.);
#4146=EDGE_CURVE('',#3483,#3439,#1864,.T.);
#4147=EDGE_CURVE('',#3482,#3483,#1865,.T.);
#4148=EDGE_CURVE('',#3484,#3439,#1866,.T.);
#4149=EDGE_CURVE('',#3483,#3484,#1867,.T.);
#4150=EDGE_CURVE('',#3439,#3485,#1868,.T.);
#4151=EDGE_CURVE('',#3484,#3485,#1869,.T.);
#4152=EDGE_CURVE('',#3485,#3471,#1870,.T.);
#4153=EDGE_CURVE('',#3358,#3441,#1871,.T.);
#4154=EDGE_CURVE('',#3358,#3440,#1872,.T.);
#4155=EDGE_CURVE('',#3486,#3440,#1873,.T.);
#4156=EDGE_CURVE('',#3358,#3486,#1874,.T.);
#4157=EDGE_CURVE('',#3486,#3479,#1875,.T.);
#4158=EDGE_CURVE('',#3358,#3442,#1876,.T.);
#4159=EDGE_CURVE('',#3358,#3443,#1877,.T.);
#4160=EDGE_CURVE('',#3358,#3449,#1878,.T.);
#4161=EDGE_CURVE('',#3487,#3488,#1879,.T.);
#4162=EDGE_CURVE('',#3444,#3487,#1880,.T.);
#4163=EDGE_CURVE('',#3444,#3488,#1881,.T.);
#4164=EDGE_CURVE('',#3445,#3488,#1882,.T.);
#4165=EDGE_CURVE('',#3487,#3489,#1883,.T.);
#4166=EDGE_CURVE('',#3444,#3489,#1884,.T.);
#4167=EDGE_CURVE('',#3444,#3490,#1885,.T.);
#4168=EDGE_CURVE('',#3489,#3490,#1886,.T.);
#4169=EDGE_CURVE('',#3490,#3491,#1887,.T.);
#4170=EDGE_CURVE('',#3444,#3491,#1888,.T.);
#4171=EDGE_CURVE('',#3491,#3453,#1889,.T.);
#4172=EDGE_CURVE('',#3445,#3492,#1890,.T.);
#4173=EDGE_CURVE('',#3488,#3492,#1891,.T.);
#4174=EDGE_CURVE('',#3492,#3493,#1892,.T.);
#4175=EDGE_CURVE('',#3445,#3493,#1893,.T.);
#4176=EDGE_CURVE('',#3493,#3494,#1894,.T.);
#4177=EDGE_CURVE('',#3445,#3494,#1895,.T.);
#4178=EDGE_CURVE('',#3494,#3495,#1896,.T.);
#4179=EDGE_CURVE('',#3445,#3495,#1897,.T.);
#4180=EDGE_CURVE('',#3496,#3445,#1898,.T.);
#4181=EDGE_CURVE('',#3446,#3496,#1899,.T.);
#4182=EDGE_CURVE('',#3496,#3495,#1900,.T.);
#4183=EDGE_CURVE('',#3447,#3497,#1901,.T.);
#4184=EDGE_CURVE('',#3446,#3497,#1902,.T.);
#4185=EDGE_CURVE('',#3446,#3498,#1903,.T.);
#4186=EDGE_CURVE('',#3497,#3498,#1904,.T.);
#4187=EDGE_CURVE('',#3496,#3469,#1905,.T.);
#4188=EDGE_CURVE('',#3446,#3469,#1906,.T.);
#4189=EDGE_CURVE('',#3498,#3499,#1907,.T.);
#4190=EDGE_CURVE('',#3446,#3499,#1908,.T.);
#4191=EDGE_CURVE('',#3446,#3468,#1909,.T.);
#4192=EDGE_CURVE('',#3499,#3500,#1910,.T.);
#4193=EDGE_CURVE('',#3446,#3500,#1911,.T.);
#4194=EDGE_CURVE('',#3468,#3500,#1912,.T.);
#4195=EDGE_CURVE('',#3501,#3447,#1913,.T.);
#4196=EDGE_CURVE('',#3501,#3497,#1914,.T.);
#4197=EDGE_CURVE('',#3501,#3448,#1915,.T.);
#4198=EDGE_CURVE('',#3358,#3448,#1916,.T.);
#4199=EDGE_CURVE('',#3501,#3358,#1917,.T.);
#4200=EDGE_CURVE('',#3502,#3450,#1918,.T.);
#4201=EDGE_CURVE('',#3502,#3503,#1919,.T.);
#4202=EDGE_CURVE('',#3503,#3450,#1920,.T.);
#4203=EDGE_CURVE('',#3468,#3502,#1921,.T.);
#4204=EDGE_CURVE('',#3503,#3472,#1922,.T.);
#4205=EDGE_CURVE('',#3504,#3457,#1923,.T.);
#4206=EDGE_CURVE('',#3504,#3451,#1924,.T.);
#4207=EDGE_CURVE('',#3505,#3451,#1925,.T.);
#4208=EDGE_CURVE('',#3505,#3504,#1926,.T.);
#4209=EDGE_CURVE('',#3505,#3452,#1927,.T.);
#4210=EDGE_CURVE('',#3505,#3453,#1928,.T.);
#4211=EDGE_CURVE('',#3505,#3491,#1929,.T.);
#4212=EDGE_CURVE('',#3506,#3455,#1930,.T.);
#4213=EDGE_CURVE('',#3506,#3454,#1931,.T.);
#4214=EDGE_CURVE('',#3504,#3454,#1932,.T.);
#4215=EDGE_CURVE('',#3504,#3506,#1933,.T.);
#4216=EDGE_CURVE('',#3504,#3456,#1934,.T.);
#4217=EDGE_CURVE('',#3507,#3455,#1935,.T.);
#4218=EDGE_CURVE('',#3507,#3461,#1936,.T.);
#4219=EDGE_CURVE('',#3506,#3507,#1937,.T.);
#4220=EDGE_CURVE('',#3507,#3459,#1938,.T.);
#4221=EDGE_CURVE('',#3507,#3458,#1939,.T.);
#4222=EDGE_CURVE('',#3507,#3460,#1940,.T.);
#4223=EDGE_CURVE('',#3507,#3462,#1941,.T.);
#4224=EDGE_CURVE('',#3507,#3463,#1942,.T.);
#4225=EDGE_CURVE('',#3508,#3507,#1943,.T.);
#4226=EDGE_CURVE('',#3508,#3463,#1944,.T.);
#4227=EDGE_CURVE('',#3508,#3464,#1945,.T.);
#4228=EDGE_CURVE('',#3508,#3465,#1946,.T.);
#4229=EDGE_CURVE('',#3509,#3465,#1947,.T.);
#4230=EDGE_CURVE('',#3509,#3466,#1948,.T.);
#4231=EDGE_CURVE('',#3509,#3508,#1949,.T.);
#4232=EDGE_CURVE('',#3509,#3510,#1950,.T.);
#4233=EDGE_CURVE('',#3510,#3466,#1951,.T.);
#4234=EDGE_CURVE('',#3511,#3466,#1952,.T.);
#4235=EDGE_CURVE('',#3511,#3467,#1953,.T.);
#4236=EDGE_CURVE('',#3511,#3510,#1954,.T.);
#4237=EDGE_CURVE('',#3511,#3495,#1955,.T.);
#4238=EDGE_CURVE('',#3495,#3467,#1956,.T.);
#4239=EDGE_CURVE('',#3469,#3495,#1957,.T.);
#4240=EDGE_CURVE('',#3500,#3512,#1958,.T.);
#4241=EDGE_CURVE('',#3468,#3512,#1959,.T.);
#4242=EDGE_CURVE('',#3512,#3502,#1960,.T.);
#4243=EDGE_CURVE('',#3513,#3470,#1961,.T.);
#4244=EDGE_CURVE('',#3513,#3514,#1962,.T.);
#4245=EDGE_CURVE('',#3514,#3470,#1963,.T.);
#4246=EDGE_CURVE('',#3515,#3470,#1964,.T.);
#4247=EDGE_CURVE('',#3515,#3513,#1965,.T.);
#4248=EDGE_CURVE('',#3514,#3516,#1966,.T.);
#4249=EDGE_CURVE('',#3516,#3470,#1967,.T.);
#4250=EDGE_CURVE('',#3472,#3515,#1968,.T.);
#4251=EDGE_CURVE('',#3516,#3517,#1969,.T.);
#4252=EDGE_CURVE('',#3470,#3517,#1970,.T.);
#4253=EDGE_CURVE('',#3517,#3471,#1971,.T.);
#4254=EDGE_CURVE('',#3518,#3471,#1972,.T.);
#4255=EDGE_CURVE('',#3518,#3519,#1973,.T.);
#4256=EDGE_CURVE('',#3519,#3471,#1974,.T.);
#4257=EDGE_CURVE('',#3518,#3520,#1975,.T.);
#4258=EDGE_CURVE('',#3471,#3520,#1976,.T.);
#4259=EDGE_CURVE('',#3485,#3519,#1977,.T.);
#4260=EDGE_CURVE('',#3517,#3520,#1978,.T.);
#4261=EDGE_CURVE('',#3503,#3515,#1979,.T.);
#4262=EDGE_CURVE('',#3486,#3478,#1980,.T.);
#4263=EDGE_CURVE('',#3486,#3473,#1981,.T.);
#4264=EDGE_CURVE('',#3486,#3477,#1982,.T.);
#4265=EDGE_CURVE('',#3475,#3521,#1983,.T.);
#4266=EDGE_CURVE('',#3521,#3474,#1984,.T.);
#4267=EDGE_CURVE('',#3521,#3522,#1985,.T.);
#4268=EDGE_CURVE('',#3522,#3474,#1986,.T.);
#4269=EDGE_CURVE('',#3522,#3481,#1987,.T.);
#4270=EDGE_CURVE('',#3486,#3475,#1988,.T.);
#4271=EDGE_CURVE('',#3486,#3521,#1989,.T.);
#4272=EDGE_CURVE('',#3486,#3476,#1990,.T.);
#4273=EDGE_CURVE('',#3486,#3480,#1991,.T.);
#4274=EDGE_CURVE('',#3523,#3482,#1992,.T.);
#4275=EDGE_CURVE('',#3481,#3523,#1993,.T.);
#4276=EDGE_CURVE('',#3524,#3481,#1994,.T.);
#4277=EDGE_CURVE('',#3522,#3524,#1995,.T.);
#4278=EDGE_CURVE('',#3524,#3525,#1996,.T.);
#4279=EDGE_CURVE('',#3481,#3525,#1997,.T.);
#4280=EDGE_CURVE('',#3481,#3526,#1998,.T.);
#4281=EDGE_CURVE('',#3525,#3526,#1999,.T.);
#4282=EDGE_CURVE('',#3481,#3527,#2000,.T.);
#4283=EDGE_CURVE('',#3526,#3527,#2001,.T.);
#4284=EDGE_CURVE('',#3481,#3528,#2002,.T.);
#4285=EDGE_CURVE('',#3527,#3528,#2003,.T.);
#4286=EDGE_CURVE('',#3528,#3523,#2004,.T.);
#4287=EDGE_CURVE('',#3523,#3529,#2005,.T.);
#4288=EDGE_CURVE('',#3482,#3529,#2006,.T.);
#4289=EDGE_CURVE('',#3483,#3529,#2007,.T.);
#4290=EDGE_CURVE('',#3483,#3530,#2008,.T.);
#4291=EDGE_CURVE('',#3529,#3530,#2009,.T.);
#4292=EDGE_CURVE('',#3530,#3484,#2010,.T.);
#4293=EDGE_CURVE('',#3530,#3518,#2011,.T.);
#4294=EDGE_CURVE('',#3484,#3518,#2012,.T.);
#4295=EDGE_CURVE('',#3518,#3485,#2013,.T.);
#4296=EDGE_CURVE('',#3355,#3531,#2014,.T.);
#4297=EDGE_CURVE('',#3356,#3531,#2015,.T.);
#4298=EDGE_CURVE('',#3357,#3532,#2016,.T.);
#4299=EDGE_CURVE('',#3358,#3532,#2017,.T.);
#4300=EDGE_CURVE('',#3533,#3531,#2018,.T.);
#4301=EDGE_CURVE('',#3358,#3533,#2019,.T.);
#4302=EDGE_CURVE('',#3486,#3532,#2020,.T.);
#4303=EDGE_CURVE('',#3501,#3533,#2021,.T.);
#4304=EDGE_CURVE('',#3532,#3521,#2022,.T.);
#4305=EDGE_CURVE('',#3534,#3488,#2023,.T.);
#4306=EDGE_CURVE('',#3534,#3487,#2024,.T.);
#4307=EDGE_CURVE('',#3535,#3488,#2025,.T.);
#4308=EDGE_CURVE('',#3534,#3535,#2026,.T.);
#4309=EDGE_CURVE('',#3535,#3492,#2027,.T.);
#4310=EDGE_CURVE('',#3534,#3505,#2028,.T.);
#4311=EDGE_CURVE('',#3505,#3487,#2029,.T.);
#4312=EDGE_CURVE('',#3505,#3489,#2030,.T.);
#4313=EDGE_CURVE('',#3505,#3490,#2031,.T.);
#4314=EDGE_CURVE('',#3535,#3493,#2032,.T.);
#4315=EDGE_CURVE('',#3535,#3494,#2033,.T.);
#4316=EDGE_CURVE('',#3494,#3511,#2034,.T.);
#4317=EDGE_CURVE('',#3535,#3511,#2035,.T.);
#4318=EDGE_CURVE('',#3533,#3497,#2036,.T.);
#4319=EDGE_CURVE('',#3533,#3498,#2037,.T.);
#4320=EDGE_CURVE('',#3533,#3499,#2038,.T.);
#4321=EDGE_CURVE('',#3533,#3500,#2039,.T.);
#4322=EDGE_CURVE('',#3533,#3512,#2040,.T.);
#4323=EDGE_CURVE('',#3502,#3536,#2041,.T.);
#4324=EDGE_CURVE('',#3536,#3503,#2042,.T.);
#4325=EDGE_CURVE('',#3502,#3537,#2043,.T.);
#4326=EDGE_CURVE('',#3537,#3536,#2044,.T.);
#4327=EDGE_CURVE('',#3512,#3538,#2045,.T.);
#4328=EDGE_CURVE('',#3538,#3502,#2046,.T.);
#4329=EDGE_CURVE('',#3539,#3537,#2047,.T.);
#4330=EDGE_CURVE('',#3539,#3502,#2048,.T.);
#4331=EDGE_CURVE('',#3538,#3540,#2049,.T.);
#4332=EDGE_CURVE('',#3540,#3502,#2050,.T.);
#4333=EDGE_CURVE('',#3540,#3539,#2051,.T.);
#4334=EDGE_CURVE('',#3541,#3515,#2052,.T.);
#4335=EDGE_CURVE('',#3503,#3541,#2053,.T.);
#4336=EDGE_CURVE('',#3503,#3542,#2054,.T.);
#4337=EDGE_CURVE('',#3542,#3541,#2055,.T.);
#4338=EDGE_CURVE('',#3536,#3542,#2056,.T.);
#4339=EDGE_CURVE('',#3543,#3506,#2057,.T.);
#4340=EDGE_CURVE('',#3504,#3543,#2058,.T.);
#4341=EDGE_CURVE('',#3544,#3543,#2059,.T.);
#4342=EDGE_CURVE('',#3544,#3504,#2060,.T.);
#4343=EDGE_CURVE('',#3505,#3544,#2061,.T.);
#4344=EDGE_CURVE('',#3545,#3544,#2062,.T.);
#4345=EDGE_CURVE('',#3545,#3505,#2063,.T.);
#4346=EDGE_CURVE('',#3534,#3545,#2064,.T.);
#4347=EDGE_CURVE('',#3546,#3507,#2065,.T.);
#4348=EDGE_CURVE('',#3546,#3506,#2066,.T.);
#4349=EDGE_CURVE('',#3543,#3546,#2067,.T.);
#4350=EDGE_CURVE('',#3547,#3508,#2068,.T.);
#4351=EDGE_CURVE('',#3547,#3507,#2069,.T.);
#4352=EDGE_CURVE('',#3546,#3547,#2070,.T.);
#4353=EDGE_CURVE('',#3509,#3548,#2071,.T.);
#4354=EDGE_CURVE('',#3548,#3508,#2072,.T.);
#4355=EDGE_CURVE('',#3548,#3547,#2073,.T.);
#4356=EDGE_CURVE('',#3549,#3548,#2074,.T.);
#4357=EDGE_CURVE('',#3549,#3509,#2075,.T.);
#4358=EDGE_CURVE('',#3535,#3549,#2076,.T.);
#4359=EDGE_CURVE('',#3535,#3509,#2077,.T.);
#4360=EDGE_CURVE('',#3535,#3510,#2078,.T.);
#4361=EDGE_CURVE('',#3533,#3538,#2079,.T.);
#4362=EDGE_CURVE('',#3513,#3550,#2080,.T.);
#4363=EDGE_CURVE('',#3550,#3514,#2081,.T.);
#4364=EDGE_CURVE('',#3525,#3515,#2082,.T.);
#4365=EDGE_CURVE('',#3525,#3513,#2083,.T.);
#4366=EDGE_CURVE('',#3513,#3551,#2084,.T.);
#4367=EDGE_CURVE('',#3551,#3550,#2085,.T.);
#4368=EDGE_CURVE('',#3525,#3552,#2086,.T.);
#4369=EDGE_CURVE('',#3552,#3513,#2087,.T.);
#4370=EDGE_CURVE('',#3513,#3553,#2088,.T.);
#4371=EDGE_CURVE('',#3553,#3551,#2089,.T.);
#4372=EDGE_CURVE('',#3552,#3554,#2090,.T.);
#4373=EDGE_CURVE('',#3513,#3554,#2091,.T.);
#4374=EDGE_CURVE('',#3513,#3555,#2092,.T.);
#4375=EDGE_CURVE('',#3555,#3553,#2093,.T.);
#4376=EDGE_CURVE('',#3554,#3555,#2094,.T.);
#4377=EDGE_CURVE('',#3514,#3520,#2095,.T.);
#4378=EDGE_CURVE('',#3516,#3520,#2096,.T.);
#4379=EDGE_CURVE('',#3556,#3520,#2097,.T.);
#4380=EDGE_CURVE('',#3514,#3556,#2098,.T.);
#4381=EDGE_CURVE('',#3550,#3556,#2099,.T.);
#4382=EDGE_CURVE('',#3541,#3557,#2100,.T.);
#4383=EDGE_CURVE('',#3557,#3515,#2101,.T.);
#4384=EDGE_CURVE('',#3557,#3525,#2102,.T.);
#4385=EDGE_CURVE('',#3529,#3518,#2103,.T.);
#4386=EDGE_CURVE('',#3529,#3558,#2104,.T.);
#4387=EDGE_CURVE('',#3558,#3518,#2105,.T.);
#4388=EDGE_CURVE('',#3558,#3559,#2106,.T.);
#4389=EDGE_CURVE('',#3559,#3518,#2107,.T.);
#4390=EDGE_CURVE('',#3559,#3520,#2108,.T.);
#4391=EDGE_CURVE('',#3560,#3559,#2109,.T.);
#4392=EDGE_CURVE('',#3560,#3520,#2110,.T.);
#4393=EDGE_CURVE('',#3560,#3556,#2111,.T.);
#4394=EDGE_CURVE('',#3532,#3522,#2112,.T.);
#4395=EDGE_CURVE('',#3561,#3524,#2113,.T.);
#4396=EDGE_CURVE('',#3522,#3561,#2114,.T.);
#4397=EDGE_CURVE('',#3562,#3561,#2115,.T.);
#4398=EDGE_CURVE('',#3522,#3562,#2116,.T.);
#4399=EDGE_CURVE('',#3532,#3562,#2117,.T.);
#4400=EDGE_CURVE('',#3528,#3563,#2118,.T.);
#4401=EDGE_CURVE('',#3563,#3523,#2119,.T.);
#4402=EDGE_CURVE('',#3563,#3529,#2120,.T.);
#4403=EDGE_CURVE('',#3557,#3564,#2121,.T.);
#4404=EDGE_CURVE('',#3564,#3524,#2122,.T.);
#4405=EDGE_CURVE('',#3557,#3524,#2123,.T.);
#4406=EDGE_CURVE('',#3565,#3524,#2124,.T.);
#4407=EDGE_CURVE('',#3565,#3564,#2125,.T.);
#4408=EDGE_CURVE('',#3561,#3565,#2126,.T.);
#4409=EDGE_CURVE('',#3526,#3552,#2127,.T.);
#4410=EDGE_CURVE('',#3526,#3566,#2128,.T.);
#4411=EDGE_CURVE('',#3566,#3527,#2129,.T.);
#4412=EDGE_CURVE('',#3566,#3552,#2130,.T.);
#4413=EDGE_CURVE('',#3527,#3563,#2131,.T.);
#4414=EDGE_CURVE('',#3566,#3563,#2132,.T.);
#4415=EDGE_CURVE('',#3563,#3567,#2133,.T.);
#4416=EDGE_CURVE('',#3529,#3567,#2134,.T.);
#4417=EDGE_CURVE('',#3567,#3558,#2135,.T.);
#4418=EDGE_CURVE('',#3531,#3354,#2136,.T.);
#4419=EDGE_CURVE('',#3357,#3346,#2137,.T.);
#4420=EDGE_CURVE('',#3532,#3349,#2138,.T.);
#4421=EDGE_CURVE('',#3357,#3307,#2139,.T.);
#4422=EDGE_CURVE('',#3357,#3308,#2140,.T.);
#4423=EDGE_CURVE('',#3357,#3345,#2141,.T.);
#4424=EDGE_CURVE('',#3357,#3344,#2142,.T.);
#4425=EDGE_CURVE('',#3357,#3343,#2143,.T.);
#4426=EDGE_CURVE('',#3357,#3342,#2144,.T.);
#4427=EDGE_CURVE('',#3357,#3341,#2145,.T.);
#4428=EDGE_CURVE('',#3357,#3340,#2146,.T.);
#4429=EDGE_CURVE('',#3357,#3339,#2147,.T.);
#4430=EDGE_CURVE('',#3357,#3338,#2148,.T.);
#4431=EDGE_CURVE('',#3357,#3337,#2149,.T.);
#4432=EDGE_CURVE('',#3531,#3351,#2150,.T.);
#4433=EDGE_CURVE('',#3533,#3351,#2151,.T.);
#4434=EDGE_CURVE('',#3531,#3353,#2152,.T.);
#4435=EDGE_CURVE('',#3532,#3568,#2153,.T.);
#4436=EDGE_CURVE('',#3568,#3350,#2154,.T.);
#4437=EDGE_CURVE('',#3532,#3569,#2155,.T.);
#4438=EDGE_CURVE('',#3568,#3569,#2156,.T.);
#4439=EDGE_CURVE('',#3569,#3562,#2157,.T.);
#4440=EDGE_CURVE('',#3568,#3351,#2158,.T.);
#4441=EDGE_CURVE('',#3533,#3568,#2159,.T.);
#4442=EDGE_CURVE('',#3570,#3568,#2160,.T.);
#4443=EDGE_CURVE('',#3533,#3570,#2161,.T.);
#4444=EDGE_CURVE('',#3570,#3538,#2162,.T.);
#4445=EDGE_CURVE('',#3545,#3571,#2163,.T.);
#4446=EDGE_CURVE('',#3534,#3571,#2164,.T.);
#4447=EDGE_CURVE('',#3535,#3571,#2165,.T.);
#4448=EDGE_CURVE('',#3571,#3549,#2166,.T.);
#4449=EDGE_CURVE('',#3570,#3542,#2167,.T.);
#4450=EDGE_CURVE('',#3570,#3536,#2168,.T.);
#4451=EDGE_CURVE('',#3570,#3537,#2169,.T.);
#4452=EDGE_CURVE('',#3570,#3539,#2170,.T.);
#4453=EDGE_CURVE('',#3570,#3540,#2171,.T.);
#4454=EDGE_CURVE('',#3542,#3557,#2172,.T.);
#4455=EDGE_CURVE('',#3568,#3542,#2173,.T.);
#4456=EDGE_CURVE('',#3568,#3557,#2174,.T.);
#4457=EDGE_CURVE('',#3572,#3543,#2175,.T.);
#4458=EDGE_CURVE('',#3573,#3543,#2176,.T.);
#4459=EDGE_CURVE('',#3573,#3572,#2177,.T.);
#4460=EDGE_CURVE('',#3572,#3546,#2178,.T.);
#4461=EDGE_CURVE('',#3573,#3544,#2179,.T.);
#4462=EDGE_CURVE('',#3574,#3545,#2180,.T.);
#4463=EDGE_CURVE('',#3574,#3544,#2181,.T.);
#4464=EDGE_CURVE('',#3574,#3573,#2182,.T.);
#4465=EDGE_CURVE('',#3575,#3545,#2183,.T.);
#4466=EDGE_CURVE('',#3574,#3575,#2184,.T.);
#4467=EDGE_CURVE('',#3575,#3571,#2185,.T.);
#4468=EDGE_CURVE('',#3576,#3546,#2186,.T.);
#4469=EDGE_CURVE('',#3572,#3576,#2187,.T.);
#4470=EDGE_CURVE('',#3576,#3547,#2188,.T.);
#4471=EDGE_CURVE('',#3577,#3548,#2189,.T.);
#4472=EDGE_CURVE('',#3577,#3547,#2190,.T.);
#4473=EDGE_CURVE('',#3576,#3577,#2191,.T.);
#4474=EDGE_CURVE('',#3578,#3577,#2192,.T.);
#4475=EDGE_CURVE('',#3578,#3548,#2193,.T.);
#4476=EDGE_CURVE('',#3578,#3549,#2194,.T.);
#4477=EDGE_CURVE('',#3579,#3571,#2195,.T.);
#4478=EDGE_CURVE('',#3579,#3549,#2196,.T.);
#4479=EDGE_CURVE('',#3579,#3578,#2197,.T.);
#4480=EDGE_CURVE('',#3551,#3556,#2198,.T.);
#4481=EDGE_CURVE('',#3580,#3556,#2199,.T.);
#4482=EDGE_CURVE('',#3551,#3580,#2200,.T.);
#4483=EDGE_CURVE('',#3553,#3580,#2201,.T.);
#4484=EDGE_CURVE('',#3554,#3581,#2202,.T.);
#4485=EDGE_CURVE('',#3552,#3581,#2203,.T.);
#4486=EDGE_CURVE('',#3566,#3581,#2204,.T.);
#4487=EDGE_CURVE('',#3555,#3580,#2205,.T.);
#4488=EDGE_CURVE('',#3554,#3580,#2206,.T.);
#4489=EDGE_CURVE('',#3581,#3580,#2207,.T.);
#4490=EDGE_CURVE('',#3582,#3560,#2208,.T.);
#4491=EDGE_CURVE('',#3582,#3556,#2209,.T.);
#4492=EDGE_CURVE('',#3582,#3580,#2210,.T.);
#4493=EDGE_CURVE('',#3569,#3557,#2211,.T.);
#4494=EDGE_CURVE('',#3557,#3583,#2212,.T.);
#4495=EDGE_CURVE('',#3583,#3564,#2213,.T.);
#4496=EDGE_CURVE('',#3569,#3583,#2214,.T.);
#4497=EDGE_CURVE('',#3567,#3584,#2215,.T.);
#4498=EDGE_CURVE('',#3584,#3558,#2216,.T.);
#4499=EDGE_CURVE('',#3584,#3585,#2217,.T.);
#4500=EDGE_CURVE('',#3558,#3585,#2218,.T.);
#4501=EDGE_CURVE('',#3585,#3559,#2219,.T.);
#4502=EDGE_CURVE('',#3586,#3585,#2220,.T.);
#4503=EDGE_CURVE('',#3586,#3559,#2221,.T.);
#4504=EDGE_CURVE('',#3586,#3560,#2222,.T.);
#4505=EDGE_CURVE('',#3587,#3586,#2223,.T.);
#4506=EDGE_CURVE('',#3587,#3560,#2224,.T.);
#4507=EDGE_CURVE('',#3587,#3582,#2225,.T.);
#4508=EDGE_CURVE('',#3569,#3565,#2226,.T.);
#4509=EDGE_CURVE('',#3569,#3561,#2227,.T.);
#4510=EDGE_CURVE('',#3566,#3588,#2228,.T.);
#4511=EDGE_CURVE('',#3563,#3588,#2229,.T.);
#4512=EDGE_CURVE('',#3588,#3567,#2230,.T.);
#4513=EDGE_CURVE('',#3583,#3589,#2231,.T.);
#4514=EDGE_CURVE('',#3589,#3564,#2232,.T.);
#4515=EDGE_CURVE('',#3589,#3590,#2233,.T.);
#4516=EDGE_CURVE('',#3590,#3564,#2234,.T.);
#4517=EDGE_CURVE('',#3565,#3590,#2235,.T.);
#4518=EDGE_CURVE('',#3569,#3590,#2236,.T.);
#4519=EDGE_CURVE('',#3581,#3591,#2237,.T.);
#4520=EDGE_CURVE('',#3566,#3591,#2238,.T.);
#4521=EDGE_CURVE('',#3591,#3588,#2239,.T.);
#4522=EDGE_CURVE('',#3588,#3592,#2240,.T.);
#4523=EDGE_CURVE('',#3592,#3567,#2241,.T.);
#4524=EDGE_CURVE('',#3592,#3584,#2242,.T.);
#4525=EDGE_CURVE('',#3569,#3589,#2243,.T.);
#4526=EDGE_CURVE('',#3575,#3579,#2244,.T.);
#4527=EDGE_CURVE('',#3574,#3572,#2245,.T.);
#4528=EDGE_CURVE('',#3574,#3577,#2246,.T.);
#4529=EDGE_CURVE('',#3572,#3577,#2247,.T.);
#4530=EDGE_CURVE('',#3574,#3579,#2248,.T.);
#4531=EDGE_CURVE('',#3579,#3577,#2249,.T.);
#4532=EDGE_CURVE('',#3593,#3582,#2250,.T.);
#4533=EDGE_CURVE('',#3593,#3580,#2251,.T.);
#4534=EDGE_CURVE('',#3581,#3593,#2252,.T.);
#4535=EDGE_CURVE('',#3591,#3593,#2253,.T.);
#4536=EDGE_CURVE('',#3594,#3587,#2254,.T.);
#4537=EDGE_CURVE('',#3594,#3582,#2255,.T.);
#4538=EDGE_CURVE('',#3593,#3594,#2256,.T.);
#4539=EDGE_CURVE('',#3592,#3585,#2257,.T.);
#4540=EDGE_CURVE('',#3595,#3592,#2258,.T.);
#4541=EDGE_CURVE('',#3595,#3585,#2259,.T.);
#4542=EDGE_CURVE('',#3587,#3585,#2260,.T.);
#4543=EDGE_CURVE('',#3595,#3587,#2261,.T.);
#4544=EDGE_CURVE('',#3595,#3594,#2262,.T.);
#4545=EDGE_CURVE('',#3591,#3596,#2263,.T.);
#4546=EDGE_CURVE('',#3588,#3596,#2264,.T.);
#4547=EDGE_CURVE('',#3596,#3592,#2265,.T.);
#4548=EDGE_CURVE('',#3595,#3593,#2266,.T.);
#4549=EDGE_CURVE('',#3591,#3595,#2267,.T.);
#4550=EDGE_CURVE('',#3595,#3596,#2268,.T.);
#4551=ORIENTED_EDGE('',*,*,#3597,.F.);
#4552=ORIENTED_EDGE('',*,*,#3598,.T.);
#4553=ORIENTED_EDGE('',*,*,#3599,.F.);
#4554=ORIENTED_EDGE('',*,*,#3600,.F.);
#4555=ORIENTED_EDGE('',*,*,#3601,.F.);
#4556=ORIENTED_EDGE('',*,*,#3600,.T.);
#4557=ORIENTED_EDGE('',*,*,#3602,.F.);
#4558=ORIENTED_EDGE('',*,*,#3603,.F.);
#4559=ORIENTED_EDGE('',*,*,#3604,.F.);
#4560=ORIENTED_EDGE('',*,*,#3603,.T.);
#4561=ORIENTED_EDGE('',*,*,#3605,.F.);
#4562=ORIENTED_EDGE('',*,*,#3606,.F.);
#4563=ORIENTED_EDGE('',*,*,#3607,.F.);
#4564=ORIENTED_EDGE('',*,*,#3606,.T.);
#4565=ORIENTED_EDGE('',*,*,#3608,.F.);
#4566=ORIENTED_EDGE('',*,*,#3598,.F.);
#4567=ORIENTED_EDGE('',*,*,#3608,.T.);
#4568=ORIENTED_EDGE('',*,*,#3605,.T.);
#4569=ORIENTED_EDGE('',*,*,#3602,.T.);
#4570=ORIENTED_EDGE('',*,*,#3599,.T.);
#4571=ORIENTED_EDGE('',*,*,#3607,.T.);
#4572=ORIENTED_EDGE('',*,*,#3597,.T.);
#4573=ORIENTED_EDGE('',*,*,#3601,.T.);
#4574=ORIENTED_EDGE('',*,*,#3604,.T.);
#4575=ORIENTED_EDGE('',*,*,#3609,.F.);
#4576=ORIENTED_EDGE('',*,*,#3610,.T.);
#4577=ORIENTED_EDGE('',*,*,#3611,.F.);
#4578=ORIENTED_EDGE('',*,*,#3612,.F.);
#4579=ORIENTED_EDGE('',*,*,#3613,.F.);
#4580=ORIENTED_EDGE('',*,*,#3612,.T.);
#4581=ORIENTED_EDGE('',*,*,#3614,.F.);
#4582=ORIENTED_EDGE('',*,*,#3615,.F.);
#4583=ORIENTED_EDGE('',*,*,#3616,.F.);
#4584=ORIENTED_EDGE('',*,*,#3615,.T.);
#4585=ORIENTED_EDGE('',*,*,#3617,.F.);
#4586=ORIENTED_EDGE('',*,*,#3618,.F.);
#4587=ORIENTED_EDGE('',*,*,#3619,.F.);
#4588=ORIENTED_EDGE('',*,*,#3618,.T.);
#4589=ORIENTED_EDGE('',*,*,#3620,.F.);
#4590=ORIENTED_EDGE('',*,*,#3621,.F.);
#4591=ORIENTED_EDGE('',*,*,#3622,.F.);
#4592=ORIENTED_EDGE('',*,*,#3621,.T.);
#4593=ORIENTED_EDGE('',*,*,#3623,.F.);
#4594=ORIENTED_EDGE('',*,*,#3624,.F.);
#4595=ORIENTED_EDGE('',*,*,#3625,.T.);
#4596=ORIENTED_EDGE('',*,*,#3624,.T.);
#4597=ORIENTED_EDGE('',*,*,#3626,.F.);
#4598=ORIENTED_EDGE('',*,*,#3610,.F.);
#4599=ORIENTED_EDGE('',*,*,#3626,.T.);
#4600=ORIENTED_EDGE('',*,*,#3623,.T.);
#4601=ORIENTED_EDGE('',*,*,#3620,.T.);
#4602=ORIENTED_EDGE('',*,*,#3617,.T.);
#4603=ORIENTED_EDGE('',*,*,#3614,.T.);
#4604=ORIENTED_EDGE('',*,*,#3611,.T.);
#4605=ORIENTED_EDGE('',*,*,#3625,.F.);
#4606=ORIENTED_EDGE('',*,*,#3609,.T.);
#4607=ORIENTED_EDGE('',*,*,#3613,.T.);
#4608=ORIENTED_EDGE('',*,*,#3616,.T.);
#4609=ORIENTED_EDGE('',*,*,#3619,.T.);
#4610=ORIENTED_EDGE('',*,*,#3622,.T.);
#4611=ORIENTED_EDGE('',*,*,#3627,.T.);
#4612=ORIENTED_EDGE('',*,*,#3628,.T.);
#4613=ORIENTED_EDGE('',*,*,#3629,.T.);
#4614=ORIENTED_EDGE('',*,*,#3630,.T.);
#4615=ORIENTED_EDGE('',*,*,#3631,.T.);
#4616=ORIENTED_EDGE('',*,*,#3632,.T.);
#4617=ORIENTED_EDGE('',*,*,#3633,.T.);
#4618=ORIENTED_EDGE('',*,*,#3634,.T.);
#4619=ORIENTED_EDGE('',*,*,#3635,.T.);
#4620=ORIENTED_EDGE('',*,*,#3632,.F.);
#4621=ORIENTED_EDGE('',*,*,#3636,.F.);
#4622=ORIENTED_EDGE('',*,*,#3630,.F.);
#4623=ORIENTED_EDGE('',*,*,#3637,.T.);
#4624=ORIENTED_EDGE('',*,*,#3633,.F.);
#4625=ORIENTED_EDGE('',*,*,#3635,.F.);
#4626=ORIENTED_EDGE('',*,*,#3629,.F.);
#4627=ORIENTED_EDGE('',*,*,#3638,.T.);
#4628=ORIENTED_EDGE('',*,*,#3634,.F.);
#4629=ORIENTED_EDGE('',*,*,#3637,.F.);
#4630=ORIENTED_EDGE('',*,*,#3628,.F.);
#4631=ORIENTED_EDGE('',*,*,#3636,.T.);
#4632=ORIENTED_EDGE('',*,*,#3631,.F.);
#4633=ORIENTED_EDGE('',*,*,#3638,.F.);
#4634=ORIENTED_EDGE('',*,*,#3627,.F.);
#4635=ORIENTED_EDGE('',*,*,#3639,.T.);
#4636=ORIENTED_EDGE('',*,*,#3640,.T.);
#4637=ORIENTED_EDGE('',*,*,#3641,.T.);
#4638=ORIENTED_EDGE('',*,*,#3642,.T.);
#4639=ORIENTED_EDGE('',*,*,#3643,.T.);
#4640=ORIENTED_EDGE('',*,*,#3644,.T.);
#4641=ORIENTED_EDGE('',*,*,#3645,.T.);
#4642=ORIENTED_EDGE('',*,*,#3646,.T.);
#4643=ORIENTED_EDGE('',*,*,#3647,.T.);
#4644=ORIENTED_EDGE('',*,*,#3640,.F.);
#4645=ORIENTED_EDGE('',*,*,#3648,.F.);
#4646=ORIENTED_EDGE('',*,*,#3646,.F.);
#4647=ORIENTED_EDGE('',*,*,#3649,.T.);
#4648=ORIENTED_EDGE('',*,*,#3641,.F.);
#4649=ORIENTED_EDGE('',*,*,#3647,.F.);
#4650=ORIENTED_EDGE('',*,*,#3645,.F.);
#4651=ORIENTED_EDGE('',*,*,#3650,.T.);
#4652=ORIENTED_EDGE('',*,*,#3642,.F.);
#4653=ORIENTED_EDGE('',*,*,#3649,.F.);
#4654=ORIENTED_EDGE('',*,*,#3644,.F.);
#4655=ORIENTED_EDGE('',*,*,#3648,.T.);
#4656=ORIENTED_EDGE('',*,*,#3639,.F.);
#4657=ORIENTED_EDGE('',*,*,#3650,.F.);
#4658=ORIENTED_EDGE('',*,*,#3643,.F.);
#4659=ORIENTED_EDGE('',*,*,#3651,.T.);
#4660=ORIENTED_EDGE('',*,*,#3652,.T.);
#4661=ORIENTED_EDGE('',*,*,#3653,.F.);
#4662=ORIENTED_EDGE('',*,*,#3654,.F.);
#4663=ORIENTED_EDGE('',*,*,#3655,.T.);
#4664=ORIENTED_EDGE('',*,*,#3654,.T.);
#4665=ORIENTED_EDGE('',*,*,#3656,.F.);
#4666=ORIENTED_EDGE('',*,*,#3657,.F.);
#4667=ORIENTED_EDGE('',*,*,#3658,.T.);
#4668=ORIENTED_EDGE('',*,*,#3657,.T.);
#4669=ORIENTED_EDGE('',*,*,#3659,.F.);
#4670=ORIENTED_EDGE('',*,*,#3660,.F.);
#4671=ORIENTED_EDGE('',*,*,#3661,.T.);
#4672=ORIENTED_EDGE('',*,*,#3660,.T.);
#4673=ORIENTED_EDGE('',*,*,#3662,.F.);
#4674=ORIENTED_EDGE('',*,*,#3663,.F.);
#4675=ORIENTED_EDGE('',*,*,#3664,.T.);
#4676=ORIENTED_EDGE('',*,*,#3663,.T.);
#4677=ORIENTED_EDGE('',*,*,#3665,.F.);
#4678=ORIENTED_EDGE('',*,*,#3666,.F.);
#4679=ORIENTED_EDGE('',*,*,#3667,.T.);
#4680=ORIENTED_EDGE('',*,*,#3666,.T.);
#4681=ORIENTED_EDGE('',*,*,#3668,.F.);
#4682=ORIENTED_EDGE('',*,*,#3669,.F.);
#4683=ORIENTED_EDGE('',*,*,#3670,.T.);
#4684=ORIENTED_EDGE('',*,*,#3669,.T.);
#4685=ORIENTED_EDGE('',*,*,#3671,.F.);
#4686=ORIENTED_EDGE('',*,*,#3672,.F.);
#4687=ORIENTED_EDGE('',*,*,#3673,.T.);
#4688=ORIENTED_EDGE('',*,*,#3672,.T.);
#4689=ORIENTED_EDGE('',*,*,#3674,.F.);
#4690=ORIENTED_EDGE('',*,*,#3652,.F.);
#4691=ORIENTED_EDGE('',*,*,#3674,.T.);
#4692=ORIENTED_EDGE('',*,*,#3671,.T.);
#4693=ORIENTED_EDGE('',*,*,#3668,.T.);
#4694=ORIENTED_EDGE('',*,*,#3665,.T.);
#4695=ORIENTED_EDGE('',*,*,#3662,.T.);
#4696=ORIENTED_EDGE('',*,*,#3659,.T.);
#4697=ORIENTED_EDGE('',*,*,#3656,.T.);
#4698=ORIENTED_EDGE('',*,*,#3653,.T.);
#4699=ORIENTED_EDGE('',*,*,#3673,.F.);
#4700=ORIENTED_EDGE('',*,*,#3651,.F.);
#4701=ORIENTED_EDGE('',*,*,#3655,.F.);
#4702=ORIENTED_EDGE('',*,*,#3658,.F.);
#4703=ORIENTED_EDGE('',*,*,#3661,.F.);
#4704=ORIENTED_EDGE('',*,*,#3664,.F.);
#4705=ORIENTED_EDGE('',*,*,#3667,.F.);
#4706=ORIENTED_EDGE('',*,*,#3670,.F.);
#4707=ORIENTED_EDGE('',*,*,#3675,.T.);
#4708=ORIENTED_EDGE('',*,*,#3676,.T.);
#4709=ORIENTED_EDGE('',*,*,#3677,.T.);
#4710=ORIENTED_EDGE('',*,*,#3678,.T.);
#4711=ORIENTED_EDGE('',*,*,#3679,.T.);
#4712=ORIENTED_EDGE('',*,*,#3680,.T.);
#4713=ORIENTED_EDGE('',*,*,#3681,.T.);
#4714=ORIENTED_EDGE('',*,*,#3682,.T.);
#4715=ORIENTED_EDGE('',*,*,#3683,.T.);
#4716=ORIENTED_EDGE('',*,*,#3680,.F.);
#4717=ORIENTED_EDGE('',*,*,#3684,.F.);
#4718=ORIENTED_EDGE('',*,*,#3678,.F.);
#4719=ORIENTED_EDGE('',*,*,#3685,.T.);
#4720=ORIENTED_EDGE('',*,*,#3681,.F.);
#4721=ORIENTED_EDGE('',*,*,#3683,.F.);
#4722=ORIENTED_EDGE('',*,*,#3677,.F.);
#4723=ORIENTED_EDGE('',*,*,#3686,.T.);
#4724=ORIENTED_EDGE('',*,*,#3682,.F.);
#4725=ORIENTED_EDGE('',*,*,#3685,.F.);
#4726=ORIENTED_EDGE('',*,*,#3676,.F.);
#4727=ORIENTED_EDGE('',*,*,#3684,.T.);
#4728=ORIENTED_EDGE('',*,*,#3679,.F.);
#4729=ORIENTED_EDGE('',*,*,#3686,.F.);
#4730=ORIENTED_EDGE('',*,*,#3675,.F.);
#4731=ORIENTED_EDGE('',*,*,#3687,.F.);
#4732=ORIENTED_EDGE('',*,*,#3688,.T.);
#4733=ORIENTED_EDGE('',*,*,#3689,.F.);
#4734=ORIENTED_EDGE('',*,*,#3688,.F.);
#4735=ORIENTED_EDGE('',*,*,#3689,.T.);
#4736=ORIENTED_EDGE('',*,*,#3687,.T.);
#4737=ORIENTED_EDGE('',*,*,#3690,.T.);
#4738=ORIENTED_EDGE('',*,*,#3691,.T.);
#4739=ORIENTED_EDGE('',*,*,#3692,.T.);
#4740=ORIENTED_EDGE('',*,*,#3693,.T.);
#4741=ORIENTED_EDGE('',*,*,#3694,.T.);
#4742=ORIENTED_EDGE('',*,*,#3695,.T.);
#4743=ORIENTED_EDGE('',*,*,#3696,.T.);
#4744=ORIENTED_EDGE('',*,*,#3697,.T.);
#4745=ORIENTED_EDGE('',*,*,#3698,.T.);
#4746=ORIENTED_EDGE('',*,*,#3695,.F.);
#4747=ORIENTED_EDGE('',*,*,#3699,.F.);
#4748=ORIENTED_EDGE('',*,*,#3693,.F.);
#4749=ORIENTED_EDGE('',*,*,#3700,.T.);
#4750=ORIENTED_EDGE('',*,*,#3696,.F.);
#4751=ORIENTED_EDGE('',*,*,#3698,.F.);
#4752=ORIENTED_EDGE('',*,*,#3692,.F.);
#4753=ORIENTED_EDGE('',*,*,#3701,.T.);
#4754=ORIENTED_EDGE('',*,*,#3697,.F.);
#4755=ORIENTED_EDGE('',*,*,#3700,.F.);
#4756=ORIENTED_EDGE('',*,*,#3691,.F.);
#4757=ORIENTED_EDGE('',*,*,#3699,.T.);
#4758=ORIENTED_EDGE('',*,*,#3694,.F.);
#4759=ORIENTED_EDGE('',*,*,#3701,.F.);
#4760=ORIENTED_EDGE('',*,*,#3690,.F.);
#4761=ORIENTED_EDGE('',*,*,#3702,.F.);
#4762=ORIENTED_EDGE('',*,*,#3703,.T.);
#4763=ORIENTED_EDGE('',*,*,#3704,.F.);
#4764=ORIENTED_EDGE('',*,*,#3703,.F.);
#4765=ORIENTED_EDGE('',*,*,#3704,.T.);
#4766=ORIENTED_EDGE('',*,*,#3702,.T.);
#4767=ORIENTED_EDGE('',*,*,#3705,.T.);
#4768=ORIENTED_EDGE('',*,*,#3706,.T.);
#4769=ORIENTED_EDGE('',*,*,#3707,.T.);
#4770=ORIENTED_EDGE('',*,*,#3708,.T.);
#4771=ORIENTED_EDGE('',*,*,#3709,.T.);
#4772=ORIENTED_EDGE('',*,*,#3710,.T.);
#4773=ORIENTED_EDGE('',*,*,#3711,.T.);
#4774=ORIENTED_EDGE('',*,*,#3712,.T.);
#4775=ORIENTED_EDGE('',*,*,#3713,.T.);
#4776=ORIENTED_EDGE('',*,*,#3710,.F.);
#4777=ORIENTED_EDGE('',*,*,#3714,.F.);
#4778=ORIENTED_EDGE('',*,*,#3708,.F.);
#4779=ORIENTED_EDGE('',*,*,#3715,.T.);
#4780=ORIENTED_EDGE('',*,*,#3711,.F.);
#4781=ORIENTED_EDGE('',*,*,#3713,.F.);
#4782=ORIENTED_EDGE('',*,*,#3707,.F.);
#4783=ORIENTED_EDGE('',*,*,#3716,.T.);
#4784=ORIENTED_EDGE('',*,*,#3712,.F.);
#4785=ORIENTED_EDGE('',*,*,#3715,.F.);
#4786=ORIENTED_EDGE('',*,*,#3706,.F.);
#4787=ORIENTED_EDGE('',*,*,#3714,.T.);
#4788=ORIENTED_EDGE('',*,*,#3709,.F.);
#4789=ORIENTED_EDGE('',*,*,#3716,.F.);
#4790=ORIENTED_EDGE('',*,*,#3705,.F.);
#4791=ORIENTED_EDGE('',*,*,#3717,.F.);
#4792=ORIENTED_EDGE('',*,*,#3718,.T.);
#4793=ORIENTED_EDGE('',*,*,#3719,.F.);
#4794=ORIENTED_EDGE('',*,*,#3718,.F.);
#4795=ORIENTED_EDGE('',*,*,#3719,.T.);
#4796=ORIENTED_EDGE('',*,*,#3717,.T.);
#4797=ORIENTED_EDGE('',*,*,#3720,.F.);
#4798=ORIENTED_EDGE('',*,*,#3721,.T.);
#4799=ORIENTED_EDGE('',*,*,#3722,.F.);
#4800=ORIENTED_EDGE('',*,*,#3721,.F.);
#4801=ORIENTED_EDGE('',*,*,#3722,.T.);
#4802=ORIENTED_EDGE('',*,*,#3720,.T.);
#4803=ORIENTED_EDGE('',*,*,#3723,.F.);
#4804=ORIENTED_EDGE('',*,*,#3724,.T.);
#4805=ORIENTED_EDGE('',*,*,#3725,.F.);
#4806=ORIENTED_EDGE('',*,*,#3724,.F.);
#4807=ORIENTED_EDGE('',*,*,#3725,.T.);
#4808=ORIENTED_EDGE('',*,*,#3723,.T.);
#4809=ORIENTED_EDGE('',*,*,#3726,.F.);
#4810=ORIENTED_EDGE('',*,*,#3727,.T.);
#4811=ORIENTED_EDGE('',*,*,#3728,.F.);
#4812=ORIENTED_EDGE('',*,*,#3727,.F.);
#4813=ORIENTED_EDGE('',*,*,#3728,.T.);
#4814=ORIENTED_EDGE('',*,*,#3726,.T.);
#4815=ORIENTED_EDGE('',*,*,#3729,.F.);
#4816=ORIENTED_EDGE('',*,*,#3730,.F.);
#4817=ORIENTED_EDGE('',*,*,#3731,.F.);
#4818=ORIENTED_EDGE('',*,*,#3732,.F.);
#4819=ORIENTED_EDGE('',*,*,#3732,.T.);
#4820=ORIENTED_EDGE('',*,*,#3733,.T.);
#4821=ORIENTED_EDGE('',*,*,#3734,.F.);
#4822=ORIENTED_EDGE('',*,*,#3735,.F.);
#4823=ORIENTED_EDGE('',*,*,#3731,.T.);
#4824=ORIENTED_EDGE('',*,*,#3736,.T.);
#4825=ORIENTED_EDGE('',*,*,#3737,.F.);
#4826=ORIENTED_EDGE('',*,*,#3733,.F.);
#4827=ORIENTED_EDGE('',*,*,#3738,.T.);
#4828=ORIENTED_EDGE('',*,*,#3734,.T.);
#4829=ORIENTED_EDGE('',*,*,#3737,.T.);
#4830=ORIENTED_EDGE('',*,*,#3739,.T.);
#4831=ORIENTED_EDGE('',*,*,#3730,.T.);
#4832=ORIENTED_EDGE('',*,*,#3740,.T.);
#4833=ORIENTED_EDGE('',*,*,#3739,.F.);
#4834=ORIENTED_EDGE('',*,*,#3736,.F.);
#4835=ORIENTED_EDGE('',*,*,#3729,.T.);
#4836=ORIENTED_EDGE('',*,*,#3735,.T.);
#4837=ORIENTED_EDGE('',*,*,#3738,.F.);
#4838=ORIENTED_EDGE('',*,*,#3740,.F.);
#4839=ORIENTED_EDGE('',*,*,#3741,.F.);
#4840=ORIENTED_EDGE('',*,*,#3742,.F.);
#4841=ORIENTED_EDGE('',*,*,#3743,.T.);
#4842=ORIENTED_EDGE('',*,*,#3744,.F.);
#4843=ORIENTED_EDGE('',*,*,#3745,.F.);
#4844=ORIENTED_EDGE('',*,*,#3746,.F.);
#4845=ORIENTED_EDGE('',*,*,#3747,.F.);
#4846=ORIENTED_EDGE('',*,*,#3748,.F.);
#4847=ORIENTED_EDGE('',*,*,#3749,.F.);
#4848=ORIENTED_EDGE('',*,*,#3750,.F.);
#4849=ORIENTED_EDGE('',*,*,#3751,.F.);
#4850=ORIENTED_EDGE('',*,*,#3752,.F.);
#4851=ORIENTED_EDGE('',*,*,#3753,.F.);
#4852=ORIENTED_EDGE('',*,*,#3754,.F.);
#4853=ORIENTED_EDGE('',*,*,#3755,.F.);
#4854=ORIENTED_EDGE('',*,*,#3756,.F.);
#4855=ORIENTED_EDGE('',*,*,#3757,.F.);
#4856=ORIENTED_EDGE('',*,*,#3758,.F.);
#4857=ORIENTED_EDGE('',*,*,#3759,.F.);
#4858=ORIENTED_EDGE('',*,*,#3760,.F.);
#4859=ORIENTED_EDGE('',*,*,#3761,.F.);
#4860=ORIENTED_EDGE('',*,*,#3762,.F.);
#4861=ORIENTED_EDGE('',*,*,#3763,.F.);
#4862=ORIENTED_EDGE('',*,*,#3764,.F.);
#4863=ORIENTED_EDGE('',*,*,#3765,.F.);
#4864=ORIENTED_EDGE('',*,*,#3766,.F.);
#4865=ORIENTED_EDGE('',*,*,#3767,.F.);
#4866=ORIENTED_EDGE('',*,*,#3768,.F.);
#4867=ORIENTED_EDGE('',*,*,#3769,.F.);
#4868=ORIENTED_EDGE('',*,*,#3770,.F.);
#4869=ORIENTED_EDGE('',*,*,#3771,.F.);
#4870=ORIENTED_EDGE('',*,*,#3772,.F.);
#4871=ORIENTED_EDGE('',*,*,#3773,.F.);
#4872=ORIENTED_EDGE('',*,*,#3774,.F.);
#4873=ORIENTED_EDGE('',*,*,#3775,.F.);
#4874=ORIENTED_EDGE('',*,*,#3776,.F.);
#4875=ORIENTED_EDGE('',*,*,#3777,.F.);
#4876=ORIENTED_EDGE('',*,*,#3778,.F.);
#4877=ORIENTED_EDGE('',*,*,#3779,.F.);
#4878=ORIENTED_EDGE('',*,*,#3780,.F.);
#4879=ORIENTED_EDGE('',*,*,#3781,.F.);
#4880=ORIENTED_EDGE('',*,*,#3782,.F.);
#4881=ORIENTED_EDGE('',*,*,#3783,.T.);
#4882=ORIENTED_EDGE('',*,*,#3742,.T.);
#4883=ORIENTED_EDGE('',*,*,#3784,.F.);
#4884=ORIENTED_EDGE('',*,*,#3785,.F.);
#4885=ORIENTED_EDGE('',*,*,#3786,.F.);
#4886=ORIENTED_EDGE('',*,*,#3787,.F.);
#4887=ORIENTED_EDGE('',*,*,#3788,.T.);
#4888=ORIENTED_EDGE('',*,*,#3782,.T.);
#4889=ORIENTED_EDGE('',*,*,#3789,.F.);
#4890=ORIENTED_EDGE('',*,*,#3790,.F.);
#4891=ORIENTED_EDGE('',*,*,#3791,.F.);
#4892=ORIENTED_EDGE('',*,*,#3792,.F.);
#4893=ORIENTED_EDGE('',*,*,#3793,.F.);
#4894=ORIENTED_EDGE('',*,*,#3744,.T.);
#4895=ORIENTED_EDGE('',*,*,#3794,.T.);
#4896=ORIENTED_EDGE('',*,*,#3787,.T.);
#4897=ORIENTED_EDGE('',*,*,#3743,.F.);
#4898=ORIENTED_EDGE('',*,*,#3783,.F.);
#4899=ORIENTED_EDGE('',*,*,#3788,.F.);
#4900=ORIENTED_EDGE('',*,*,#3794,.F.);
#4901=ORIENTED_EDGE('',*,*,#3769,.T.);
#4902=ORIENTED_EDGE('',*,*,#3795,.F.);
#4903=ORIENTED_EDGE('',*,*,#3796,.T.);
#4904=ORIENTED_EDGE('',*,*,#3768,.T.);
#4905=ORIENTED_EDGE('',*,*,#3797,.F.);
#4906=ORIENTED_EDGE('',*,*,#3795,.T.);
#4907=ORIENTED_EDGE('',*,*,#3767,.T.);
#4908=ORIENTED_EDGE('',*,*,#3798,.F.);
#4909=ORIENTED_EDGE('',*,*,#3797,.T.);
#4910=ORIENTED_EDGE('',*,*,#3766,.T.);
#4911=ORIENTED_EDGE('',*,*,#3799,.F.);
#4912=ORIENTED_EDGE('',*,*,#3798,.T.);
#4913=ORIENTED_EDGE('',*,*,#3765,.T.);
#4914=ORIENTED_EDGE('',*,*,#3800,.F.);
#4915=ORIENTED_EDGE('',*,*,#3799,.T.);
#4916=ORIENTED_EDGE('',*,*,#3764,.T.);
#4917=ORIENTED_EDGE('',*,*,#3801,.F.);
#4918=ORIENTED_EDGE('',*,*,#3800,.T.);
#4919=ORIENTED_EDGE('',*,*,#3763,.T.);
#4920=ORIENTED_EDGE('',*,*,#3802,.F.);
#4921=ORIENTED_EDGE('',*,*,#3801,.T.);
#4922=ORIENTED_EDGE('',*,*,#3762,.T.);
#4923=ORIENTED_EDGE('',*,*,#3803,.F.);
#4924=ORIENTED_EDGE('',*,*,#3802,.T.);
#4925=ORIENTED_EDGE('',*,*,#3761,.T.);
#4926=ORIENTED_EDGE('',*,*,#3804,.F.);
#4927=ORIENTED_EDGE('',*,*,#3803,.T.);
#4928=ORIENTED_EDGE('',*,*,#3760,.T.);
#4929=ORIENTED_EDGE('',*,*,#3805,.F.);
#4930=ORIENTED_EDGE('',*,*,#3804,.T.);
#4931=ORIENTED_EDGE('',*,*,#3759,.T.);
#4932=ORIENTED_EDGE('',*,*,#3806,.F.);
#4933=ORIENTED_EDGE('',*,*,#3805,.T.);
#4934=ORIENTED_EDGE('',*,*,#3758,.T.);
#4935=ORIENTED_EDGE('',*,*,#3807,.F.);
#4936=ORIENTED_EDGE('',*,*,#3806,.T.);
#4937=ORIENTED_EDGE('',*,*,#3757,.T.);
#4938=ORIENTED_EDGE('',*,*,#3808,.F.);
#4939=ORIENTED_EDGE('',*,*,#3807,.T.);
#4940=ORIENTED_EDGE('',*,*,#3756,.T.);
#4941=ORIENTED_EDGE('',*,*,#3809,.F.);
#4942=ORIENTED_EDGE('',*,*,#3808,.T.);
#4943=ORIENTED_EDGE('',*,*,#3755,.T.);
#4944=ORIENTED_EDGE('',*,*,#3810,.F.);
#4945=ORIENTED_EDGE('',*,*,#3809,.T.);
#4946=ORIENTED_EDGE('',*,*,#3754,.T.);
#4947=ORIENTED_EDGE('',*,*,#3811,.F.);
#4948=ORIENTED_EDGE('',*,*,#3810,.T.);
#4949=ORIENTED_EDGE('',*,*,#3753,.T.);
#4950=ORIENTED_EDGE('',*,*,#3812,.F.);
#4951=ORIENTED_EDGE('',*,*,#3811,.T.);
#4952=ORIENTED_EDGE('',*,*,#3752,.T.);
#4953=ORIENTED_EDGE('',*,*,#3813,.F.);
#4954=ORIENTED_EDGE('',*,*,#3812,.T.);
#4955=ORIENTED_EDGE('',*,*,#3751,.T.);
#4956=ORIENTED_EDGE('',*,*,#3814,.F.);
#4957=ORIENTED_EDGE('',*,*,#3813,.T.);
#4958=ORIENTED_EDGE('',*,*,#3750,.T.);
#4959=ORIENTED_EDGE('',*,*,#3815,.F.);
#4960=ORIENTED_EDGE('',*,*,#3814,.T.);
#4961=ORIENTED_EDGE('',*,*,#3749,.T.);
#4962=ORIENTED_EDGE('',*,*,#3816,.F.);
#4963=ORIENTED_EDGE('',*,*,#3815,.T.);
#4964=ORIENTED_EDGE('',*,*,#3748,.T.);
#4965=ORIENTED_EDGE('',*,*,#3817,.F.);
#4966=ORIENTED_EDGE('',*,*,#3816,.T.);
#4967=ORIENTED_EDGE('',*,*,#3747,.T.);
#4968=ORIENTED_EDGE('',*,*,#3818,.F.);
#4969=ORIENTED_EDGE('',*,*,#3817,.T.);
#4970=ORIENTED_EDGE('',*,*,#3746,.T.);
#4971=ORIENTED_EDGE('',*,*,#3819,.F.);
#4972=ORIENTED_EDGE('',*,*,#3820,.T.);
#4973=ORIENTED_EDGE('',*,*,#3818,.T.);
#4974=ORIENTED_EDGE('',*,*,#3821,.F.);
#4975=ORIENTED_EDGE('',*,*,#3822,.F.);
#4976=ORIENTED_EDGE('',*,*,#3823,.T.);
#4977=ORIENTED_EDGE('',*,*,#3824,.T.);
#4978=ORIENTED_EDGE('',*,*,#3821,.T.);
#4979=ORIENTED_EDGE('',*,*,#3825,.F.);
#4980=ORIENTED_EDGE('',*,*,#3826,.F.);
#4981=ORIENTED_EDGE('',*,*,#3822,.T.);
#4982=ORIENTED_EDGE('',*,*,#3824,.F.);
#4983=ORIENTED_EDGE('',*,*,#3823,.F.);
#4984=ORIENTED_EDGE('',*,*,#3827,.F.);
#4985=ORIENTED_EDGE('',*,*,#3828,.T.);
#4986=ORIENTED_EDGE('',*,*,#3825,.T.);
#4987=ORIENTED_EDGE('',*,*,#3829,.T.);
#4988=ORIENTED_EDGE('',*,*,#3830,.F.);
#4989=ORIENTED_EDGE('',*,*,#3831,.T.);
#4990=ORIENTED_EDGE('',*,*,#3832,.F.);
#4991=ORIENTED_EDGE('',*,*,#3829,.F.);
#4992=ORIENTED_EDGE('',*,*,#3828,.F.);
#4993=ORIENTED_EDGE('',*,*,#3833,.F.);
#4994=ORIENTED_EDGE('',*,*,#3834,.T.);
#4995=ORIENTED_EDGE('',*,*,#3835,.T.);
#4996=ORIENTED_EDGE('',*,*,#3836,.F.);
#4997=ORIENTED_EDGE('',*,*,#3831,.F.);
#4998=ORIENTED_EDGE('',*,*,#3834,.F.);
#4999=ORIENTED_EDGE('',*,*,#3837,.F.);
#5000=ORIENTED_EDGE('',*,*,#3838,.T.);
#5001=ORIENTED_EDGE('',*,*,#3839,.T.);
#5002=ORIENTED_EDGE('',*,*,#3840,.F.);
#5003=ORIENTED_EDGE('',*,*,#3835,.F.);
#5004=ORIENTED_EDGE('',*,*,#3838,.F.);
#5005=ORIENTED_EDGE('',*,*,#3841,.F.);
#5006=ORIENTED_EDGE('',*,*,#3842,.T.);
#5007=ORIENTED_EDGE('',*,*,#3843,.T.);
#5008=ORIENTED_EDGE('',*,*,#3844,.T.);
#5009=ORIENTED_EDGE('',*,*,#3839,.F.);
#5010=ORIENTED_EDGE('',*,*,#3842,.F.);
#5011=ORIENTED_EDGE('',*,*,#3845,.T.);
#5012=ORIENTED_EDGE('',*,*,#3846,.T.);
#5013=ORIENTED_EDGE('',*,*,#3847,.T.);
#5014=ORIENTED_EDGE('',*,*,#3848,.T.);
#5015=ORIENTED_EDGE('',*,*,#3843,.F.);
#5016=ORIENTED_EDGE('',*,*,#3846,.F.);
#5017=ORIENTED_EDGE('',*,*,#3849,.T.);
#5018=ORIENTED_EDGE('',*,*,#3850,.T.);
#5019=ORIENTED_EDGE('',*,*,#3851,.F.);
#5020=ORIENTED_EDGE('',*,*,#3852,.T.);
#5021=ORIENTED_EDGE('',*,*,#3847,.F.);
#5022=ORIENTED_EDGE('',*,*,#3850,.F.);
#5023=ORIENTED_EDGE('',*,*,#3853,.T.);
#5024=ORIENTED_EDGE('',*,*,#3854,.T.);
#5025=ORIENTED_EDGE('',*,*,#3855,.F.);
#5026=ORIENTED_EDGE('',*,*,#3856,.T.);
#5027=ORIENTED_EDGE('',*,*,#3851,.T.);
#5028=ORIENTED_EDGE('',*,*,#3854,.F.);
#5029=ORIENTED_EDGE('',*,*,#3857,.T.);
#5030=ORIENTED_EDGE('',*,*,#3855,.T.);
#5031=ORIENTED_EDGE('',*,*,#3858,.F.);
#5032=ORIENTED_EDGE('',*,*,#3859,.T.);
#5033=ORIENTED_EDGE('',*,*,#3826,.T.);
#5034=ORIENTED_EDGE('',*,*,#3860,.T.);
#5035=ORIENTED_EDGE('',*,*,#3827,.T.);
#5036=ORIENTED_EDGE('',*,*,#3859,.F.);
#5037=ORIENTED_EDGE('',*,*,#3861,.T.);
#5038=ORIENTED_EDGE('',*,*,#3862,.F.);
#5039=ORIENTED_EDGE('',*,*,#3863,.T.);
#5040=ORIENTED_EDGE('',*,*,#3863,.F.);
#5041=ORIENTED_EDGE('',*,*,#3864,.F.);
#5042=ORIENTED_EDGE('',*,*,#3858,.T.);
#5043=ORIENTED_EDGE('',*,*,#3865,.F.);
#5044=ORIENTED_EDGE('',*,*,#3861,.F.);
#5045=ORIENTED_EDGE('',*,*,#3866,.T.);
#5046=ORIENTED_EDGE('',*,*,#3866,.F.);
#5047=ORIENTED_EDGE('',*,*,#3830,.T.);
#5048=ORIENTED_EDGE('',*,*,#3867,.T.);
#5049=ORIENTED_EDGE('',*,*,#3868,.T.);
#5050=ORIENTED_EDGE('',*,*,#3833,.T.);
#5051=ORIENTED_EDGE('',*,*,#3860,.F.);
#5052=ORIENTED_EDGE('',*,*,#3867,.F.);
#5053=ORIENTED_EDGE('',*,*,#3832,.T.);
#5054=ORIENTED_EDGE('',*,*,#3869,.F.);
#5055=ORIENTED_EDGE('',*,*,#3869,.T.);
#5056=ORIENTED_EDGE('',*,*,#3836,.T.);
#5057=ORIENTED_EDGE('',*,*,#3870,.F.);
#5058=ORIENTED_EDGE('',*,*,#3871,.F.);
#5059=ORIENTED_EDGE('',*,*,#3872,.T.);
#5060=ORIENTED_EDGE('',*,*,#3868,.F.);
#5061=ORIENTED_EDGE('',*,*,#3873,.T.);
#5062=ORIENTED_EDGE('',*,*,#3837,.T.);
#5063=ORIENTED_EDGE('',*,*,#3872,.F.);
#5064=ORIENTED_EDGE('',*,*,#3870,.T.);
#5065=ORIENTED_EDGE('',*,*,#3840,.T.);
#5066=ORIENTED_EDGE('',*,*,#3874,.F.);
#5067=ORIENTED_EDGE('',*,*,#3875,.T.);
#5068=ORIENTED_EDGE('',*,*,#3841,.T.);
#5069=ORIENTED_EDGE('',*,*,#3873,.F.);
#5070=ORIENTED_EDGE('',*,*,#3876,.F.);
#5071=ORIENTED_EDGE('',*,*,#3844,.F.);
#5072=ORIENTED_EDGE('',*,*,#3877,.T.);
#5073=ORIENTED_EDGE('',*,*,#3878,.F.);
#5074=ORIENTED_EDGE('',*,*,#3874,.T.);
#5075=ORIENTED_EDGE('',*,*,#3876,.T.);
#5076=ORIENTED_EDGE('',*,*,#3879,.T.);
#5077=ORIENTED_EDGE('',*,*,#3880,.F.);
#5078=ORIENTED_EDGE('',*,*,#3875,.F.);
#5079=ORIENTED_EDGE('',*,*,#3881,.F.);
#5080=ORIENTED_EDGE('',*,*,#3845,.F.);
#5081=ORIENTED_EDGE('',*,*,#3880,.T.);
#5082=ORIENTED_EDGE('',*,*,#3877,.F.);
#5083=ORIENTED_EDGE('',*,*,#3848,.F.);
#5084=ORIENTED_EDGE('',*,*,#3882,.T.);
#5085=ORIENTED_EDGE('',*,*,#3883,.T.);
#5086=ORIENTED_EDGE('',*,*,#3849,.F.);
#5087=ORIENTED_EDGE('',*,*,#3881,.T.);
#5088=ORIENTED_EDGE('',*,*,#3884,.F.);
#5089=ORIENTED_EDGE('',*,*,#3852,.F.);
#5090=ORIENTED_EDGE('',*,*,#3885,.T.);
#5091=ORIENTED_EDGE('',*,*,#3886,.T.);
#5092=ORIENTED_EDGE('',*,*,#3882,.F.);
#5093=ORIENTED_EDGE('',*,*,#3884,.T.);
#5094=ORIENTED_EDGE('',*,*,#3887,.T.);
#5095=ORIENTED_EDGE('',*,*,#3888,.F.);
#5096=ORIENTED_EDGE('',*,*,#3883,.F.);
#5097=ORIENTED_EDGE('',*,*,#3889,.F.);
#5098=ORIENTED_EDGE('',*,*,#3853,.F.);
#5099=ORIENTED_EDGE('',*,*,#3888,.T.);
#5100=ORIENTED_EDGE('',*,*,#3885,.F.);
#5101=ORIENTED_EDGE('',*,*,#3856,.F.);
#5102=ORIENTED_EDGE('',*,*,#3890,.T.);
#5103=ORIENTED_EDGE('',*,*,#3891,.F.);
#5104=ORIENTED_EDGE('',*,*,#3857,.F.);
#5105=ORIENTED_EDGE('',*,*,#3889,.T.);
#5106=ORIENTED_EDGE('',*,*,#3892,.T.);
#5107=ORIENTED_EDGE('',*,*,#3890,.F.);
#5108=ORIENTED_EDGE('',*,*,#3891,.T.);
#5109=ORIENTED_EDGE('',*,*,#3871,.T.);
#5110=ORIENTED_EDGE('',*,*,#3864,.T.);
#5111=ORIENTED_EDGE('',*,*,#3893,.F.);
#5112=ORIENTED_EDGE('',*,*,#3894,.F.);
#5113=ORIENTED_EDGE('',*,*,#3862,.T.);
#5114=ORIENTED_EDGE('',*,*,#3895,.F.);
#5115=ORIENTED_EDGE('',*,*,#3896,.F.);
#5116=ORIENTED_EDGE('',*,*,#3895,.T.);
#5117=ORIENTED_EDGE('',*,*,#3897,.F.);
#5118=ORIENTED_EDGE('',*,*,#3897,.T.);
#5119=ORIENTED_EDGE('',*,*,#3898,.T.);
#5120=ORIENTED_EDGE('',*,*,#3899,.F.);
#5121=ORIENTED_EDGE('',*,*,#3898,.F.);
#5122=ORIENTED_EDGE('',*,*,#3900,.T.);
#5123=ORIENTED_EDGE('',*,*,#3901,.F.);
#5124=ORIENTED_EDGE('',*,*,#3902,.F.);
#5125=ORIENTED_EDGE('',*,*,#3900,.F.);
#5126=ORIENTED_EDGE('',*,*,#3865,.T.);
#5127=ORIENTED_EDGE('',*,*,#3894,.T.);
#5128=ORIENTED_EDGE('',*,*,#3903,.F.);
#5129=ORIENTED_EDGE('',*,*,#3904,.T.);
#5130=ORIENTED_EDGE('',*,*,#3905,.T.);
#5131=ORIENTED_EDGE('',*,*,#3904,.F.);
#5132=ORIENTED_EDGE('',*,*,#3906,.T.);
#5133=ORIENTED_EDGE('',*,*,#3905,.F.);
#5134=ORIENTED_EDGE('',*,*,#3907,.T.);
#5135=ORIENTED_EDGE('',*,*,#3908,.F.);
#5136=ORIENTED_EDGE('',*,*,#3909,.F.);
#5137=ORIENTED_EDGE('',*,*,#3893,.T.);
#5138=ORIENTED_EDGE('',*,*,#3908,.T.);
#5139=ORIENTED_EDGE('',*,*,#3878,.T.);
#5140=ORIENTED_EDGE('',*,*,#3910,.F.);
#5141=ORIENTED_EDGE('',*,*,#3902,.T.);
#5142=ORIENTED_EDGE('',*,*,#3911,.F.);
#5143=ORIENTED_EDGE('',*,*,#3909,.T.);
#5144=ORIENTED_EDGE('',*,*,#3912,.T.);
#5145=ORIENTED_EDGE('',*,*,#3913,.F.);
#5146=ORIENTED_EDGE('',*,*,#3911,.T.);
#5147=ORIENTED_EDGE('',*,*,#3914,.T.);
#5148=ORIENTED_EDGE('',*,*,#3879,.F.);
#5149=ORIENTED_EDGE('',*,*,#3913,.T.);
#5150=ORIENTED_EDGE('',*,*,#3915,.F.);
#5151=ORIENTED_EDGE('',*,*,#3916,.F.);
#5152=ORIENTED_EDGE('',*,*,#3917,.T.);
#5153=ORIENTED_EDGE('',*,*,#3886,.F.);
#5154=ORIENTED_EDGE('',*,*,#3917,.F.);
#5155=ORIENTED_EDGE('',*,*,#3918,.F.);
#5156=ORIENTED_EDGE('',*,*,#3910,.T.);
#5157=ORIENTED_EDGE('',*,*,#3915,.T.);
#5158=ORIENTED_EDGE('',*,*,#3919,.T.);
#5159=ORIENTED_EDGE('',*,*,#3920,.F.);
#5160=ORIENTED_EDGE('',*,*,#3920,.T.);
#5161=ORIENTED_EDGE('',*,*,#3921,.F.);
#5162=ORIENTED_EDGE('',*,*,#3887,.F.);
#5163=ORIENTED_EDGE('',*,*,#3922,.T.);
#5164=ORIENTED_EDGE('',*,*,#3916,.T.);
#5165=ORIENTED_EDGE('',*,*,#3892,.F.);
#5166=ORIENTED_EDGE('',*,*,#3921,.T.);
#5167=ORIENTED_EDGE('',*,*,#3923,.T.);
#5168=ORIENTED_EDGE('',*,*,#3922,.F.);
#5169=ORIENTED_EDGE('',*,*,#3924,.F.);
#5170=ORIENTED_EDGE('',*,*,#3925,.F.);
#5171=ORIENTED_EDGE('',*,*,#3896,.T.);
#5172=ORIENTED_EDGE('',*,*,#3925,.T.);
#5173=ORIENTED_EDGE('',*,*,#3926,.F.);
#5174=ORIENTED_EDGE('',*,*,#3927,.T.);
#5175=ORIENTED_EDGE('',*,*,#3928,.T.);
#5176=ORIENTED_EDGE('',*,*,#3903,.T.);
#5177=ORIENTED_EDGE('',*,*,#3927,.F.);
#5178=ORIENTED_EDGE('',*,*,#3899,.T.);
#5179=ORIENTED_EDGE('',*,*,#3929,.F.);
#5180=ORIENTED_EDGE('',*,*,#3924,.T.);
#5181=ORIENTED_EDGE('',*,*,#3930,.T.);
#5182=ORIENTED_EDGE('',*,*,#3931,.F.);
#5183=ORIENTED_EDGE('',*,*,#3929,.T.);
#5184=ORIENTED_EDGE('',*,*,#3932,.F.);
#5185=ORIENTED_EDGE('',*,*,#3901,.T.);
#5186=ORIENTED_EDGE('',*,*,#3933,.T.);
#5187=ORIENTED_EDGE('',*,*,#3934,.T.);
#5188=ORIENTED_EDGE('',*,*,#3930,.F.);
#5189=ORIENTED_EDGE('',*,*,#3932,.T.);
#5190=ORIENTED_EDGE('',*,*,#3935,.F.);
#5191=ORIENTED_EDGE('',*,*,#3933,.F.);
#5192=ORIENTED_EDGE('',*,*,#3936,.T.);
#5193=ORIENTED_EDGE('',*,*,#3918,.T.);
#5194=ORIENTED_EDGE('',*,*,#3937,.T.);
#5195=ORIENTED_EDGE('',*,*,#3936,.F.);
#5196=ORIENTED_EDGE('',*,*,#3906,.F.);
#5197=ORIENTED_EDGE('',*,*,#3928,.F.);
#5198=ORIENTED_EDGE('',*,*,#3938,.T.);
#5199=ORIENTED_EDGE('',*,*,#3939,.T.);
#5200=ORIENTED_EDGE('',*,*,#3940,.T.);
#5201=ORIENTED_EDGE('',*,*,#3907,.F.);
#5202=ORIENTED_EDGE('',*,*,#3939,.F.);
#5203=ORIENTED_EDGE('',*,*,#3941,.F.);
#5204=ORIENTED_EDGE('',*,*,#3942,.T.);
#5205=ORIENTED_EDGE('',*,*,#3938,.F.);
#5206=ORIENTED_EDGE('',*,*,#3943,.T.);
#5207=ORIENTED_EDGE('',*,*,#3941,.T.);
#5208=ORIENTED_EDGE('',*,*,#3944,.T.);
#5209=ORIENTED_EDGE('',*,*,#3945,.F.);
#5210=ORIENTED_EDGE('',*,*,#3946,.T.);
#5211=ORIENTED_EDGE('',*,*,#3947,.T.);
#5212=ORIENTED_EDGE('',*,*,#3945,.T.);
#5213=ORIENTED_EDGE('',*,*,#3940,.F.);
#5214=ORIENTED_EDGE('',*,*,#3948,.T.);
#5215=ORIENTED_EDGE('',*,*,#3944,.F.);
#5216=ORIENTED_EDGE('',*,*,#3949,.T.);
#5217=ORIENTED_EDGE('',*,*,#3948,.F.);
#5218=ORIENTED_EDGE('',*,*,#3950,.T.);
#5219=ORIENTED_EDGE('',*,*,#3912,.F.);
#5220=ORIENTED_EDGE('',*,*,#3951,.F.);
#5221=ORIENTED_EDGE('',*,*,#3952,.T.);
#5222=ORIENTED_EDGE('',*,*,#3953,.T.);
#5223=ORIENTED_EDGE('',*,*,#3954,.F.);
#5224=ORIENTED_EDGE('',*,*,#3951,.T.);
#5225=ORIENTED_EDGE('',*,*,#3955,.F.);
#5226=ORIENTED_EDGE('',*,*,#3953,.F.);
#5227=ORIENTED_EDGE('',*,*,#3956,.T.);
#5228=ORIENTED_EDGE('',*,*,#3914,.F.);
#5229=ORIENTED_EDGE('',*,*,#3955,.T.);
#5230=ORIENTED_EDGE('',*,*,#3950,.F.);
#5231=ORIENTED_EDGE('',*,*,#3957,.T.);
#5232=ORIENTED_EDGE('',*,*,#3958,.T.);
#5233=ORIENTED_EDGE('',*,*,#3919,.F.);
#5234=ORIENTED_EDGE('',*,*,#3959,.T.);
#5235=ORIENTED_EDGE('',*,*,#3959,.F.);
#5236=ORIENTED_EDGE('',*,*,#3960,.F.);
#5237=ORIENTED_EDGE('',*,*,#3961,.T.);
#5238=ORIENTED_EDGE('',*,*,#3962,.F.);
#5239=ORIENTED_EDGE('',*,*,#3960,.T.);
#5240=ORIENTED_EDGE('',*,*,#3963,.F.);
#5241=ORIENTED_EDGE('',*,*,#3964,.F.);
#5242=ORIENTED_EDGE('',*,*,#3963,.T.);
#5243=ORIENTED_EDGE('',*,*,#3956,.F.);
#5244=ORIENTED_EDGE('',*,*,#3965,.F.);
#5245=ORIENTED_EDGE('',*,*,#3937,.F.);
#5246=ORIENTED_EDGE('',*,*,#3966,.T.);
#5247=ORIENTED_EDGE('',*,*,#3966,.F.);
#5248=ORIENTED_EDGE('',*,*,#3923,.F.);
#5249=ORIENTED_EDGE('',*,*,#3967,.T.);
#5250=ORIENTED_EDGE('',*,*,#3968,.T.);
#5251=ORIENTED_EDGE('',*,*,#3967,.F.);
#5252=ORIENTED_EDGE('',*,*,#3969,.T.);
#5253=ORIENTED_EDGE('',*,*,#3970,.T.);
#5254=ORIENTED_EDGE('',*,*,#3969,.F.);
#5255=ORIENTED_EDGE('',*,*,#3971,.F.);
#5256=ORIENTED_EDGE('',*,*,#3971,.T.);
#5257=ORIENTED_EDGE('',*,*,#3958,.F.);
#5258=ORIENTED_EDGE('',*,*,#3972,.T.);
#5259=ORIENTED_EDGE('',*,*,#3931,.T.);
#5260=ORIENTED_EDGE('',*,*,#3973,.T.);
#5261=ORIENTED_EDGE('',*,*,#3974,.F.);
#5262=ORIENTED_EDGE('',*,*,#3974,.T.);
#5263=ORIENTED_EDGE('',*,*,#3975,.F.);
#5264=ORIENTED_EDGE('',*,*,#3976,.T.);
#5265=ORIENTED_EDGE('',*,*,#3926,.T.);
#5266=ORIENTED_EDGE('',*,*,#3976,.F.);
#5267=ORIENTED_EDGE('',*,*,#3977,.F.);
#5268=ORIENTED_EDGE('',*,*,#3977,.T.);
#5269=ORIENTED_EDGE('',*,*,#3978,.F.);
#5270=ORIENTED_EDGE('',*,*,#3979,.T.);
#5271=ORIENTED_EDGE('',*,*,#3979,.F.);
#5272=ORIENTED_EDGE('',*,*,#3980,.T.);
#5273=ORIENTED_EDGE('',*,*,#3981,.T.);
#5274=ORIENTED_EDGE('',*,*,#3981,.F.);
#5275=ORIENTED_EDGE('',*,*,#3982,.T.);
#5276=ORIENTED_EDGE('',*,*,#3983,.T.);
#5277=ORIENTED_EDGE('',*,*,#3984,.T.);
#5278=ORIENTED_EDGE('',*,*,#3985,.T.);
#5279=ORIENTED_EDGE('',*,*,#3983,.F.);
#5280=ORIENTED_EDGE('',*,*,#3985,.F.);
#5281=ORIENTED_EDGE('',*,*,#3986,.T.);
#5282=ORIENTED_EDGE('',*,*,#3943,.F.);
#5283=ORIENTED_EDGE('',*,*,#3987,.T.);
#5284=ORIENTED_EDGE('',*,*,#3934,.F.);
#5285=ORIENTED_EDGE('',*,*,#3935,.T.);
#5286=ORIENTED_EDGE('',*,*,#3988,.F.);
#5287=ORIENTED_EDGE('',*,*,#3987,.F.);
#5288=ORIENTED_EDGE('',*,*,#3989,.T.);
#5289=ORIENTED_EDGE('',*,*,#3990,.F.);
#5290=ORIENTED_EDGE('',*,*,#3973,.F.);
#5291=ORIENTED_EDGE('',*,*,#3991,.T.);
#5292=ORIENTED_EDGE('',*,*,#3991,.F.);
#5293=ORIENTED_EDGE('',*,*,#3988,.T.);
#5294=ORIENTED_EDGE('',*,*,#3992,.T.);
#5295=ORIENTED_EDGE('',*,*,#3989,.F.);
#5296=ORIENTED_EDGE('',*,*,#3965,.T.);
#5297=ORIENTED_EDGE('',*,*,#3993,.T.);
#5298=ORIENTED_EDGE('',*,*,#3942,.F.);
#5299=ORIENTED_EDGE('',*,*,#3994,.T.);
#5300=ORIENTED_EDGE('',*,*,#3995,.T.);
#5301=ORIENTED_EDGE('',*,*,#3995,.F.);
#5302=ORIENTED_EDGE('',*,*,#3996,.T.);
#5303=ORIENTED_EDGE('',*,*,#3947,.F.);
#5304=ORIENTED_EDGE('',*,*,#3997,.F.);
#5305=ORIENTED_EDGE('',*,*,#3986,.F.);
#5306=ORIENTED_EDGE('',*,*,#3998,.T.);
#5307=ORIENTED_EDGE('',*,*,#3999,.T.);
#5308=ORIENTED_EDGE('',*,*,#4000,.F.);
#5309=ORIENTED_EDGE('',*,*,#3994,.F.);
#5310=ORIENTED_EDGE('',*,*,#3997,.T.);
#5311=ORIENTED_EDGE('',*,*,#4001,.T.);
#5312=ORIENTED_EDGE('',*,*,#3999,.F.);
#5313=ORIENTED_EDGE('',*,*,#4002,.F.);
#5314=ORIENTED_EDGE('',*,*,#4003,.T.);
#5315=ORIENTED_EDGE('',*,*,#3946,.F.);
#5316=ORIENTED_EDGE('',*,*,#3949,.F.);
#5317=ORIENTED_EDGE('',*,*,#4003,.F.);
#5318=ORIENTED_EDGE('',*,*,#4004,.T.);
#5319=ORIENTED_EDGE('',*,*,#4002,.T.);
#5320=ORIENTED_EDGE('',*,*,#3996,.F.);
#5321=ORIENTED_EDGE('',*,*,#4005,.T.);
#5322=ORIENTED_EDGE('',*,*,#4006,.T.);
#5323=ORIENTED_EDGE('',*,*,#3957,.F.);
#5324=ORIENTED_EDGE('',*,*,#4007,.F.);
#5325=ORIENTED_EDGE('',*,*,#4007,.T.);
#5326=ORIENTED_EDGE('',*,*,#4004,.F.);
#5327=ORIENTED_EDGE('',*,*,#4008,.T.);
#5328=ORIENTED_EDGE('',*,*,#4009,.F.);
#5329=ORIENTED_EDGE('',*,*,#4010,.T.);
#5330=ORIENTED_EDGE('',*,*,#3952,.F.);
#5331=ORIENTED_EDGE('',*,*,#3954,.T.);
#5332=ORIENTED_EDGE('',*,*,#4006,.F.);
#5333=ORIENTED_EDGE('',*,*,#4011,.T.);
#5334=ORIENTED_EDGE('',*,*,#4012,.F.);
#5335=ORIENTED_EDGE('',*,*,#4009,.T.);
#5336=ORIENTED_EDGE('',*,*,#4011,.F.);
#5337=ORIENTED_EDGE('',*,*,#3964,.T.);
#5338=ORIENTED_EDGE('',*,*,#4010,.F.);
#5339=ORIENTED_EDGE('',*,*,#4013,.T.);
#5340=ORIENTED_EDGE('',*,*,#3972,.F.);
#5341=ORIENTED_EDGE('',*,*,#4014,.T.);
#5342=ORIENTED_EDGE('',*,*,#4015,.T.);
#5343=ORIENTED_EDGE('',*,*,#4016,.F.);
#5344=ORIENTED_EDGE('',*,*,#4017,.T.);
#5345=ORIENTED_EDGE('',*,*,#4014,.F.);
#5346=ORIENTED_EDGE('',*,*,#4018,.F.);
#5347=ORIENTED_EDGE('',*,*,#4016,.T.);
#5348=ORIENTED_EDGE('',*,*,#3961,.F.);
#5349=ORIENTED_EDGE('',*,*,#4019,.F.);
#5350=ORIENTED_EDGE('',*,*,#4020,.T.);
#5351=ORIENTED_EDGE('',*,*,#3962,.T.);
#5352=ORIENTED_EDGE('',*,*,#4020,.F.);
#5353=ORIENTED_EDGE('',*,*,#4021,.F.);
#5354=ORIENTED_EDGE('',*,*,#4018,.T.);
#5355=ORIENTED_EDGE('',*,*,#4013,.F.);
#5356=ORIENTED_EDGE('',*,*,#4022,.F.);
#5357=ORIENTED_EDGE('',*,*,#4019,.T.);
#5358=ORIENTED_EDGE('',*,*,#4023,.T.);
#5359=ORIENTED_EDGE('',*,*,#3993,.F.);
#5360=ORIENTED_EDGE('',*,*,#3968,.F.);
#5361=ORIENTED_EDGE('',*,*,#4015,.F.);
#5362=ORIENTED_EDGE('',*,*,#4024,.T.);
#5363=ORIENTED_EDGE('',*,*,#3970,.F.);
#5364=ORIENTED_EDGE('',*,*,#4024,.F.);
#5365=ORIENTED_EDGE('',*,*,#4025,.T.);
#5366=ORIENTED_EDGE('',*,*,#4023,.F.);
#5367=ORIENTED_EDGE('',*,*,#3975,.T.);
#5368=ORIENTED_EDGE('',*,*,#4026,.F.);
#5369=ORIENTED_EDGE('',*,*,#4027,.F.);
#5370=ORIENTED_EDGE('',*,*,#4028,.F.);
#5371=ORIENTED_EDGE('',*,*,#4026,.T.);
#5372=ORIENTED_EDGE('',*,*,#4029,.F.);
#5373=ORIENTED_EDGE('',*,*,#4029,.T.);
#5374=ORIENTED_EDGE('',*,*,#3990,.T.);
#5375=ORIENTED_EDGE('',*,*,#4030,.F.);
#5376=ORIENTED_EDGE('',*,*,#4031,.F.);
#5377=ORIENTED_EDGE('',*,*,#4032,.F.);
#5378=ORIENTED_EDGE('',*,*,#4033,.T.);
#5379=ORIENTED_EDGE('',*,*,#4033,.F.);
#5380=ORIENTED_EDGE('',*,*,#4034,.F.);
#5381=ORIENTED_EDGE('',*,*,#3978,.T.);
#5382=ORIENTED_EDGE('',*,*,#4035,.F.);
#5383=ORIENTED_EDGE('',*,*,#4036,.F.);
#5384=ORIENTED_EDGE('',*,*,#4031,.T.);
#5385=ORIENTED_EDGE('',*,*,#4037,.T.);
#5386=ORIENTED_EDGE('',*,*,#4038,.F.);
#5387=ORIENTED_EDGE('',*,*,#4035,.T.);
#5388=ORIENTED_EDGE('',*,*,#4027,.T.);
#5389=ORIENTED_EDGE('',*,*,#4039,.F.);
#5390=ORIENTED_EDGE('',*,*,#4037,.F.);
#5391=ORIENTED_EDGE('',*,*,#4034,.T.);
#5392=ORIENTED_EDGE('',*,*,#4040,.F.);
#5393=ORIENTED_EDGE('',*,*,#4041,.F.);
#5394=ORIENTED_EDGE('',*,*,#4041,.T.);
#5395=ORIENTED_EDGE('',*,*,#4042,.F.);
#5396=ORIENTED_EDGE('',*,*,#4043,.F.);
#5397=ORIENTED_EDGE('',*,*,#4043,.T.);
#5398=ORIENTED_EDGE('',*,*,#4044,.F.);
#5399=ORIENTED_EDGE('',*,*,#4045,.F.);
#5400=ORIENTED_EDGE('',*,*,#4045,.T.);
#5401=ORIENTED_EDGE('',*,*,#4046,.F.);
#5402=ORIENTED_EDGE('',*,*,#4047,.F.);
#5403=ORIENTED_EDGE('',*,*,#4047,.T.);
#5404=ORIENTED_EDGE('',*,*,#4048,.F.);
#5405=ORIENTED_EDGE('',*,*,#3980,.F.);
#5406=ORIENTED_EDGE('',*,*,#4049,.T.);
#5407=ORIENTED_EDGE('',*,*,#4050,.F.);
#5408=ORIENTED_EDGE('',*,*,#3982,.F.);
#5409=ORIENTED_EDGE('',*,*,#4049,.F.);
#5410=ORIENTED_EDGE('',*,*,#4051,.T.);
#5411=ORIENTED_EDGE('',*,*,#4052,.F.);
#5412=ORIENTED_EDGE('',*,*,#4053,.T.);
#5413=ORIENTED_EDGE('',*,*,#4054,.T.);
#5414=ORIENTED_EDGE('',*,*,#4051,.F.);
#5415=ORIENTED_EDGE('',*,*,#4055,.T.);
#5416=ORIENTED_EDGE('',*,*,#4056,.F.);
#5417=ORIENTED_EDGE('',*,*,#4053,.F.);
#5418=ORIENTED_EDGE('',*,*,#4057,.T.);
#5419=ORIENTED_EDGE('',*,*,#4058,.T.);
#5420=ORIENTED_EDGE('',*,*,#4055,.F.);
#5421=ORIENTED_EDGE('',*,*,#4059,.T.);
#5422=ORIENTED_EDGE('',*,*,#4060,.F.);
#5423=ORIENTED_EDGE('',*,*,#4048,.T.);
#5424=ORIENTED_EDGE('',*,*,#4057,.F.);
#5425=ORIENTED_EDGE('',*,*,#4060,.T.);
#5426=ORIENTED_EDGE('',*,*,#4061,.F.);
#5427=ORIENTED_EDGE('',*,*,#4062,.F.);
#5428=ORIENTED_EDGE('',*,*,#3984,.F.);
#5429=ORIENTED_EDGE('',*,*,#4050,.T.);
#5430=ORIENTED_EDGE('',*,*,#4062,.T.);
#5431=ORIENTED_EDGE('',*,*,#4063,.T.);
#5432=ORIENTED_EDGE('',*,*,#3998,.F.);
#5433=ORIENTED_EDGE('',*,*,#4025,.F.);
#5434=ORIENTED_EDGE('',*,*,#4064,.F.);
#5435=ORIENTED_EDGE('',*,*,#4065,.T.);
#5436=ORIENTED_EDGE('',*,*,#4065,.F.);
#5437=ORIENTED_EDGE('',*,*,#4066,.T.);
#5438=ORIENTED_EDGE('',*,*,#3992,.F.);
#5439=ORIENTED_EDGE('',*,*,#4066,.F.);
#5440=ORIENTED_EDGE('',*,*,#4067,.T.);
#5441=ORIENTED_EDGE('',*,*,#4030,.T.);
#5442=ORIENTED_EDGE('',*,*,#4005,.F.);
#5443=ORIENTED_EDGE('',*,*,#4000,.T.);
#5444=ORIENTED_EDGE('',*,*,#4068,.T.);
#5445=ORIENTED_EDGE('',*,*,#4001,.F.);
#5446=ORIENTED_EDGE('',*,*,#4069,.F.);
#5447=ORIENTED_EDGE('',*,*,#4070,.T.);
#5448=ORIENTED_EDGE('',*,*,#4071,.T.);
#5449=ORIENTED_EDGE('',*,*,#4069,.T.);
#5450=ORIENTED_EDGE('',*,*,#4072,.F.);
#5451=ORIENTED_EDGE('',*,*,#4073,.F.);
#5452=ORIENTED_EDGE('',*,*,#4072,.T.);
#5453=ORIENTED_EDGE('',*,*,#4074,.F.);
#5454=ORIENTED_EDGE('',*,*,#4075,.T.);
#5455=ORIENTED_EDGE('',*,*,#4074,.T.);
#5456=ORIENTED_EDGE('',*,*,#4063,.F.);
#5457=ORIENTED_EDGE('',*,*,#4076,.F.);
#5458=ORIENTED_EDGE('',*,*,#4077,.T.);
#5459=ORIENTED_EDGE('',*,*,#4078,.T.);
#5460=ORIENTED_EDGE('',*,*,#4078,.F.);
#5461=ORIENTED_EDGE('',*,*,#4079,.T.);
#5462=ORIENTED_EDGE('',*,*,#4068,.F.);
#5463=ORIENTED_EDGE('',*,*,#4080,.F.);
#5464=ORIENTED_EDGE('',*,*,#4081,.T.);
#5465=ORIENTED_EDGE('',*,*,#4076,.T.);
#5466=ORIENTED_EDGE('',*,*,#4082,.T.);
#5467=ORIENTED_EDGE('',*,*,#4080,.T.);
#5468=ORIENTED_EDGE('',*,*,#4083,.F.);
#5469=ORIENTED_EDGE('',*,*,#4084,.T.);
#5470=ORIENTED_EDGE('',*,*,#4083,.T.);
#5471=ORIENTED_EDGE('',*,*,#4070,.F.);
#5472=ORIENTED_EDGE('',*,*,#4085,.F.);
#5473=ORIENTED_EDGE('',*,*,#4086,.F.);
#5474=ORIENTED_EDGE('',*,*,#4087,.T.);
#5475=ORIENTED_EDGE('',*,*,#4087,.F.);
#5476=ORIENTED_EDGE('',*,*,#4088,.T.);
#5477=ORIENTED_EDGE('',*,*,#4008,.F.);
#5478=ORIENTED_EDGE('',*,*,#4089,.F.);
#5479=ORIENTED_EDGE('',*,*,#4090,.T.);
#5480=ORIENTED_EDGE('',*,*,#4085,.T.);
#5481=ORIENTED_EDGE('',*,*,#4091,.F.);
#5482=ORIENTED_EDGE('',*,*,#4092,.T.);
#5483=ORIENTED_EDGE('',*,*,#4089,.T.);
#5484=ORIENTED_EDGE('',*,*,#4091,.T.);
#5485=ORIENTED_EDGE('',*,*,#4079,.F.);
#5486=ORIENTED_EDGE('',*,*,#4093,.T.);
#5487=ORIENTED_EDGE('',*,*,#4094,.F.);
#5488=ORIENTED_EDGE('',*,*,#4095,.T.);
#5489=ORIENTED_EDGE('',*,*,#4088,.F.);
#5490=ORIENTED_EDGE('',*,*,#4096,.T.);
#5491=ORIENTED_EDGE('',*,*,#4095,.F.);
#5492=ORIENTED_EDGE('',*,*,#4097,.T.);
#5493=ORIENTED_EDGE('',*,*,#4096,.F.);
#5494=ORIENTED_EDGE('',*,*,#4098,.F.);
#5495=ORIENTED_EDGE('',*,*,#4099,.T.);
#5496=ORIENTED_EDGE('',*,*,#4099,.F.);
#5497=ORIENTED_EDGE('',*,*,#4100,.F.);
#5498=ORIENTED_EDGE('',*,*,#4101,.T.);
#5499=ORIENTED_EDGE('',*,*,#4101,.F.);
#5500=ORIENTED_EDGE('',*,*,#4102,.F.);
#5501=ORIENTED_EDGE('',*,*,#4103,.T.);
#5502=ORIENTED_EDGE('',*,*,#4103,.F.);
#5503=ORIENTED_EDGE('',*,*,#4104,.T.);
#5504=ORIENTED_EDGE('',*,*,#4105,.T.);
#5505=ORIENTED_EDGE('',*,*,#4106,.F.);
#5506=ORIENTED_EDGE('',*,*,#4022,.T.);
#5507=ORIENTED_EDGE('',*,*,#4012,.T.);
#5508=ORIENTED_EDGE('',*,*,#4106,.T.);
#5509=ORIENTED_EDGE('',*,*,#4105,.F.);
#5510=ORIENTED_EDGE('',*,*,#4107,.F.);
#5511=ORIENTED_EDGE('',*,*,#4017,.F.);
#5512=ORIENTED_EDGE('',*,*,#4108,.F.);
#5513=ORIENTED_EDGE('',*,*,#4109,.T.);
#5514=ORIENTED_EDGE('',*,*,#4109,.F.);
#5515=ORIENTED_EDGE('',*,*,#4110,.T.);
#5516=ORIENTED_EDGE('',*,*,#4064,.T.);
#5517=ORIENTED_EDGE('',*,*,#4111,.F.);
#5518=ORIENTED_EDGE('',*,*,#4112,.T.);
#5519=ORIENTED_EDGE('',*,*,#4021,.T.);
#5520=ORIENTED_EDGE('',*,*,#4108,.T.);
#5521=ORIENTED_EDGE('',*,*,#4112,.F.);
#5522=ORIENTED_EDGE('',*,*,#4113,.F.);
#5523=ORIENTED_EDGE('',*,*,#4107,.T.);
#5524=ORIENTED_EDGE('',*,*,#4114,.F.);
#5525=ORIENTED_EDGE('',*,*,#4111,.T.);
#5526=ORIENTED_EDGE('',*,*,#4115,.F.);
#5527=ORIENTED_EDGE('',*,*,#4116,.T.);
#5528=ORIENTED_EDGE('',*,*,#4028,.T.);
#5529=ORIENTED_EDGE('',*,*,#4116,.F.);
#5530=ORIENTED_EDGE('',*,*,#4117,.T.);
#5531=ORIENTED_EDGE('',*,*,#4118,.T.);
#5532=ORIENTED_EDGE('',*,*,#4039,.T.);
#5533=ORIENTED_EDGE('',*,*,#4118,.F.);
#5534=ORIENTED_EDGE('',*,*,#4119,.F.);
#5535=ORIENTED_EDGE('',*,*,#4120,.F.);
#5536=ORIENTED_EDGE('',*,*,#4121,.T.);
#5537=ORIENTED_EDGE('',*,*,#4115,.T.);
#5538=ORIENTED_EDGE('',*,*,#4067,.F.);
#5539=ORIENTED_EDGE('',*,*,#4122,.F.);
#5540=ORIENTED_EDGE('',*,*,#4120,.T.);
#5541=ORIENTED_EDGE('',*,*,#4032,.T.);
#5542=ORIENTED_EDGE('',*,*,#4123,.F.);
#5543=ORIENTED_EDGE('',*,*,#4124,.F.);
#5544=ORIENTED_EDGE('',*,*,#4125,.T.);
#5545=ORIENTED_EDGE('',*,*,#4126,.F.);
#5546=ORIENTED_EDGE('',*,*,#4036,.T.);
#5547=ORIENTED_EDGE('',*,*,#4126,.T.);
#5548=ORIENTED_EDGE('',*,*,#4127,.F.);
#5549=ORIENTED_EDGE('',*,*,#4128,.F.);
#5550=ORIENTED_EDGE('',*,*,#4128,.T.);
#5551=ORIENTED_EDGE('',*,*,#4129,.F.);
#5552=ORIENTED_EDGE('',*,*,#4130,.F.);
#5553=ORIENTED_EDGE('',*,*,#4130,.T.);
#5554=ORIENTED_EDGE('',*,*,#4131,.F.);
#5555=ORIENTED_EDGE('',*,*,#4132,.F.);
#5556=ORIENTED_EDGE('',*,*,#4133,.F.);
#5557=ORIENTED_EDGE('',*,*,#4123,.T.);
#5558=ORIENTED_EDGE('',*,*,#4132,.T.);
#5559=ORIENTED_EDGE('',*,*,#4124,.T.);
#5560=ORIENTED_EDGE('',*,*,#4134,.F.);
#5561=ORIENTED_EDGE('',*,*,#4135,.F.);
#5562=ORIENTED_EDGE('',*,*,#4136,.F.);
#5563=ORIENTED_EDGE('',*,*,#4040,.T.);
#5564=ORIENTED_EDGE('',*,*,#4137,.F.);
#5565=ORIENTED_EDGE('',*,*,#4138,.F.);
#5566=ORIENTED_EDGE('',*,*,#4139,.T.);
#5567=ORIENTED_EDGE('',*,*,#4135,.T.);
#5568=ORIENTED_EDGE('',*,*,#4140,.F.);
#5569=ORIENTED_EDGE('',*,*,#4137,.T.);
#5570=ORIENTED_EDGE('',*,*,#4139,.F.);
#5571=ORIENTED_EDGE('',*,*,#4038,.T.);
#5572=ORIENTED_EDGE('',*,*,#4141,.F.);
#5573=ORIENTED_EDGE('',*,*,#4125,.F.);
#5574=ORIENTED_EDGE('',*,*,#4142,.T.);
#5575=ORIENTED_EDGE('',*,*,#4143,.F.);
#5576=ORIENTED_EDGE('',*,*,#4144,.F.);
#5577=ORIENTED_EDGE('',*,*,#4142,.F.);
#5578=ORIENTED_EDGE('',*,*,#4145,.T.);
#5579=ORIENTED_EDGE('',*,*,#4141,.T.);
#5580=ORIENTED_EDGE('',*,*,#4143,.T.);
#5581=ORIENTED_EDGE('',*,*,#4146,.F.);
#5582=ORIENTED_EDGE('',*,*,#4147,.F.);
#5583=ORIENTED_EDGE('',*,*,#4146,.T.);
#5584=ORIENTED_EDGE('',*,*,#4148,.F.);
#5585=ORIENTED_EDGE('',*,*,#4149,.F.);
#5586=ORIENTED_EDGE('',*,*,#4148,.T.);
#5587=ORIENTED_EDGE('',*,*,#4150,.T.);
#5588=ORIENTED_EDGE('',*,*,#4151,.F.);
#5589=ORIENTED_EDGE('',*,*,#4119,.T.);
#5590=ORIENTED_EDGE('',*,*,#4152,.F.);
#5591=ORIENTED_EDGE('',*,*,#4150,.F.);
#5592=ORIENTED_EDGE('',*,*,#4153,.T.);
#5593=ORIENTED_EDGE('',*,*,#4042,.T.);
#5594=ORIENTED_EDGE('',*,*,#4154,.F.);
#5595=ORIENTED_EDGE('',*,*,#4154,.T.);
#5596=ORIENTED_EDGE('',*,*,#4155,.F.);
#5597=ORIENTED_EDGE('',*,*,#4156,.F.);
#5598=ORIENTED_EDGE('',*,*,#4136,.T.);
#5599=ORIENTED_EDGE('',*,*,#4157,.F.);
#5600=ORIENTED_EDGE('',*,*,#4155,.T.);
#5601=ORIENTED_EDGE('',*,*,#4153,.F.);
#5602=ORIENTED_EDGE('',*,*,#4158,.T.);
#5603=ORIENTED_EDGE('',*,*,#4044,.T.);
#5604=ORIENTED_EDGE('',*,*,#4159,.T.);
#5605=ORIENTED_EDGE('',*,*,#4046,.T.);
#5606=ORIENTED_EDGE('',*,*,#4158,.F.);
#5607=ORIENTED_EDGE('',*,*,#4160,.T.);
#5608=ORIENTED_EDGE('',*,*,#4059,.F.);
#5609=ORIENTED_EDGE('',*,*,#4159,.F.);
#5610=ORIENTED_EDGE('',*,*,#4161,.F.);
#5611=ORIENTED_EDGE('',*,*,#4162,.F.);
#5612=ORIENTED_EDGE('',*,*,#4163,.T.);
#5613=ORIENTED_EDGE('',*,*,#4164,.T.);
#5614=ORIENTED_EDGE('',*,*,#4163,.F.);
#5615=ORIENTED_EDGE('',*,*,#4052,.T.);
#5616=ORIENTED_EDGE('',*,*,#4165,.T.);
#5617=ORIENTED_EDGE('',*,*,#4166,.F.);
#5618=ORIENTED_EDGE('',*,*,#4162,.T.);
#5619=ORIENTED_EDGE('',*,*,#4167,.F.);
#5620=ORIENTED_EDGE('',*,*,#4166,.T.);
#5621=ORIENTED_EDGE('',*,*,#4168,.T.);
#5622=ORIENTED_EDGE('',*,*,#4167,.T.);
#5623=ORIENTED_EDGE('',*,*,#4169,.T.);
#5624=ORIENTED_EDGE('',*,*,#4170,.F.);
#5625=ORIENTED_EDGE('',*,*,#4170,.T.);
#5626=ORIENTED_EDGE('',*,*,#4171,.T.);
#5627=ORIENTED_EDGE('',*,*,#4075,.F.);
#5628=ORIENTED_EDGE('',*,*,#4164,.F.);
#5629=ORIENTED_EDGE('',*,*,#4172,.T.);
#5630=ORIENTED_EDGE('',*,*,#4173,.F.);
#5631=ORIENTED_EDGE('',*,*,#4174,.F.);
#5632=ORIENTED_EDGE('',*,*,#4172,.F.);
#5633=ORIENTED_EDGE('',*,*,#4175,.T.);
#5634=ORIENTED_EDGE('',*,*,#4176,.F.);
#5635=ORIENTED_EDGE('',*,*,#4175,.F.);
#5636=ORIENTED_EDGE('',*,*,#4177,.T.);
#5637=ORIENTED_EDGE('',*,*,#4178,.F.);
#5638=ORIENTED_EDGE('',*,*,#4177,.F.);
#5639=ORIENTED_EDGE('',*,*,#4179,.T.);
#5640=ORIENTED_EDGE('',*,*,#4180,.T.);
#5641=ORIENTED_EDGE('',*,*,#4054,.F.);
#5642=ORIENTED_EDGE('',*,*,#4181,.T.);
#5643=ORIENTED_EDGE('',*,*,#4179,.F.);
#5644=ORIENTED_EDGE('',*,*,#4180,.F.);
#5645=ORIENTED_EDGE('',*,*,#4182,.T.);
#5646=ORIENTED_EDGE('',*,*,#4183,.T.);
#5647=ORIENTED_EDGE('',*,*,#4184,.F.);
#5648=ORIENTED_EDGE('',*,*,#4056,.T.);
#5649=ORIENTED_EDGE('',*,*,#4185,.F.);
#5650=ORIENTED_EDGE('',*,*,#4184,.T.);
#5651=ORIENTED_EDGE('',*,*,#4186,.T.);
#5652=ORIENTED_EDGE('',*,*,#4187,.F.);
#5653=ORIENTED_EDGE('',*,*,#4181,.F.);
#5654=ORIENTED_EDGE('',*,*,#4188,.T.);
#5655=ORIENTED_EDGE('',*,*,#4185,.T.);
#5656=ORIENTED_EDGE('',*,*,#4189,.T.);
#5657=ORIENTED_EDGE('',*,*,#4190,.F.);
#5658=ORIENTED_EDGE('',*,*,#4188,.F.);
#5659=ORIENTED_EDGE('',*,*,#4191,.T.);
#5660=ORIENTED_EDGE('',*,*,#4113,.T.);
#5661=ORIENTED_EDGE('',*,*,#4190,.T.);
#5662=ORIENTED_EDGE('',*,*,#4192,.T.);
#5663=ORIENTED_EDGE('',*,*,#4193,.F.);
#5664=ORIENTED_EDGE('',*,*,#4193,.T.);
#5665=ORIENTED_EDGE('',*,*,#4194,.F.);
#5666=ORIENTED_EDGE('',*,*,#4191,.F.);
#5667=ORIENTED_EDGE('',*,*,#4183,.F.);
#5668=ORIENTED_EDGE('',*,*,#4195,.F.);
#5669=ORIENTED_EDGE('',*,*,#4196,.T.);
#5670=ORIENTED_EDGE('',*,*,#4058,.F.);
#5671=ORIENTED_EDGE('',*,*,#4197,.F.);
#5672=ORIENTED_EDGE('',*,*,#4195,.T.);
#5673=ORIENTED_EDGE('',*,*,#4198,.F.);
#5674=ORIENTED_EDGE('',*,*,#4199,.F.);
#5675=ORIENTED_EDGE('',*,*,#4197,.T.);
#5676=ORIENTED_EDGE('',*,*,#4198,.T.);
#5677=ORIENTED_EDGE('',*,*,#4061,.T.);
#5678=ORIENTED_EDGE('',*,*,#4160,.F.);
#5679=ORIENTED_EDGE('',*,*,#4200,.F.);
#5680=ORIENTED_EDGE('',*,*,#4201,.T.);
#5681=ORIENTED_EDGE('',*,*,#4202,.T.);
#5682=ORIENTED_EDGE('',*,*,#4200,.T.);
#5683=ORIENTED_EDGE('',*,*,#4110,.F.);
#5684=ORIENTED_EDGE('',*,*,#4203,.T.);
#5685=ORIENTED_EDGE('',*,*,#4122,.T.);
#5686=ORIENTED_EDGE('',*,*,#4202,.F.);
#5687=ORIENTED_EDGE('',*,*,#4204,.T.);
#5688=ORIENTED_EDGE('',*,*,#4205,.T.);
#5689=ORIENTED_EDGE('',*,*,#4084,.F.);
#5690=ORIENTED_EDGE('',*,*,#4206,.F.);
#5691=ORIENTED_EDGE('',*,*,#4206,.T.);
#5692=ORIENTED_EDGE('',*,*,#4207,.F.);
#5693=ORIENTED_EDGE('',*,*,#4208,.T.);
#5694=ORIENTED_EDGE('',*,*,#4209,.F.);
#5695=ORIENTED_EDGE('',*,*,#4207,.T.);
#5696=ORIENTED_EDGE('',*,*,#4071,.F.);
#5697=ORIENTED_EDGE('',*,*,#4209,.T.);
#5698=ORIENTED_EDGE('',*,*,#4073,.T.);
#5699=ORIENTED_EDGE('',*,*,#4210,.F.);
#5700=ORIENTED_EDGE('',*,*,#4210,.T.);
#5701=ORIENTED_EDGE('',*,*,#4171,.F.);
#5702=ORIENTED_EDGE('',*,*,#4211,.F.);
#5703=ORIENTED_EDGE('',*,*,#4212,.T.);
#5704=ORIENTED_EDGE('',*,*,#4077,.F.);
#5705=ORIENTED_EDGE('',*,*,#4213,.F.);
#5706=ORIENTED_EDGE('',*,*,#4213,.T.);
#5707=ORIENTED_EDGE('',*,*,#4214,.F.);
#5708=ORIENTED_EDGE('',*,*,#4215,.T.);
#5709=ORIENTED_EDGE('',*,*,#4216,.F.);
#5710=ORIENTED_EDGE('',*,*,#4214,.T.);
#5711=ORIENTED_EDGE('',*,*,#4081,.F.);
#5712=ORIENTED_EDGE('',*,*,#4093,.F.);
#5713=ORIENTED_EDGE('',*,*,#4217,.F.);
#5714=ORIENTED_EDGE('',*,*,#4218,.T.);
#5715=ORIENTED_EDGE('',*,*,#4219,.T.);
#5716=ORIENTED_EDGE('',*,*,#4217,.T.);
#5717=ORIENTED_EDGE('',*,*,#4212,.F.);
#5718=ORIENTED_EDGE('',*,*,#4216,.T.);
#5719=ORIENTED_EDGE('',*,*,#4082,.F.);
#5720=ORIENTED_EDGE('',*,*,#4205,.F.);
#5721=ORIENTED_EDGE('',*,*,#4220,.T.);
#5722=ORIENTED_EDGE('',*,*,#4086,.T.);
#5723=ORIENTED_EDGE('',*,*,#4221,.F.);
#5724=ORIENTED_EDGE('',*,*,#4090,.F.);
#5725=ORIENTED_EDGE('',*,*,#4222,.F.);
#5726=ORIENTED_EDGE('',*,*,#4221,.T.);
#5727=ORIENTED_EDGE('',*,*,#4223,.T.);
#5728=ORIENTED_EDGE('',*,*,#4094,.T.);
#5729=ORIENTED_EDGE('',*,*,#4220,.F.);
#5730=ORIENTED_EDGE('',*,*,#4092,.F.);
#5731=ORIENTED_EDGE('',*,*,#4218,.F.);
#5732=ORIENTED_EDGE('',*,*,#4222,.T.);
#5733=ORIENTED_EDGE('',*,*,#4224,.T.);
#5734=ORIENTED_EDGE('',*,*,#4097,.F.);
#5735=ORIENTED_EDGE('',*,*,#4223,.F.);
#5736=ORIENTED_EDGE('',*,*,#4224,.F.);
#5737=ORIENTED_EDGE('',*,*,#4225,.F.);
#5738=ORIENTED_EDGE('',*,*,#4226,.T.);
#5739=ORIENTED_EDGE('',*,*,#4227,.T.);
#5740=ORIENTED_EDGE('',*,*,#4098,.T.);
#5741=ORIENTED_EDGE('',*,*,#4226,.F.);
#5742=ORIENTED_EDGE('',*,*,#4228,.T.);
#5743=ORIENTED_EDGE('',*,*,#4100,.T.);
#5744=ORIENTED_EDGE('',*,*,#4227,.F.);
#5745=ORIENTED_EDGE('',*,*,#4102,.T.);
#5746=ORIENTED_EDGE('',*,*,#4229,.F.);
#5747=ORIENTED_EDGE('',*,*,#4230,.T.);
#5748=ORIENTED_EDGE('',*,*,#4231,.F.);
#5749=ORIENTED_EDGE('',*,*,#4229,.T.);
#5750=ORIENTED_EDGE('',*,*,#4228,.F.);
#5751=ORIENTED_EDGE('',*,*,#4232,.T.);
#5752=ORIENTED_EDGE('',*,*,#4233,.T.);
#5753=ORIENTED_EDGE('',*,*,#4230,.F.);
#5754=ORIENTED_EDGE('',*,*,#4104,.F.);
#5755=ORIENTED_EDGE('',*,*,#4234,.F.);
#5756=ORIENTED_EDGE('',*,*,#4235,.T.);
#5757=ORIENTED_EDGE('',*,*,#4233,.F.);
#5758=ORIENTED_EDGE('',*,*,#4236,.F.);
#5759=ORIENTED_EDGE('',*,*,#4234,.T.);
#5760=ORIENTED_EDGE('',*,*,#4237,.T.);
#5761=ORIENTED_EDGE('',*,*,#4238,.T.);
#5762=ORIENTED_EDGE('',*,*,#4235,.F.);
#5763=ORIENTED_EDGE('',*,*,#4239,.F.);
#5764=ORIENTED_EDGE('',*,*,#4114,.T.);
#5765=ORIENTED_EDGE('',*,*,#4238,.F.);
#5766=ORIENTED_EDGE('',*,*,#4240,.T.);
#5767=ORIENTED_EDGE('',*,*,#4241,.F.);
#5768=ORIENTED_EDGE('',*,*,#4194,.T.);
#5769=ORIENTED_EDGE('',*,*,#4242,.T.);
#5770=ORIENTED_EDGE('',*,*,#4203,.F.);
#5771=ORIENTED_EDGE('',*,*,#4241,.T.);
#5772=ORIENTED_EDGE('',*,*,#4187,.T.);
#5773=ORIENTED_EDGE('',*,*,#4239,.T.);
#5774=ORIENTED_EDGE('',*,*,#4182,.F.);
#5775=ORIENTED_EDGE('',*,*,#4243,.F.);
#5776=ORIENTED_EDGE('',*,*,#4244,.T.);
#5777=ORIENTED_EDGE('',*,*,#4245,.T.);
#5778=ORIENTED_EDGE('',*,*,#4243,.T.);
#5779=ORIENTED_EDGE('',*,*,#4246,.F.);
#5780=ORIENTED_EDGE('',*,*,#4247,.T.);
#5781=ORIENTED_EDGE('',*,*,#4245,.F.);
#5782=ORIENTED_EDGE('',*,*,#4248,.T.);
#5783=ORIENTED_EDGE('',*,*,#4249,.T.);
#5784=ORIENTED_EDGE('',*,*,#4246,.T.);
#5785=ORIENTED_EDGE('',*,*,#4121,.F.);
#5786=ORIENTED_EDGE('',*,*,#4250,.T.);
#5787=ORIENTED_EDGE('',*,*,#4251,.T.);
#5788=ORIENTED_EDGE('',*,*,#4252,.F.);
#5789=ORIENTED_EDGE('',*,*,#4249,.F.);
#5790=ORIENTED_EDGE('',*,*,#4117,.F.);
#5791=ORIENTED_EDGE('',*,*,#4252,.T.);
#5792=ORIENTED_EDGE('',*,*,#4253,.T.);
#5793=ORIENTED_EDGE('',*,*,#4254,.F.);
#5794=ORIENTED_EDGE('',*,*,#4255,.T.);
#5795=ORIENTED_EDGE('',*,*,#4256,.T.);
#5796=ORIENTED_EDGE('',*,*,#4257,.F.);
#5797=ORIENTED_EDGE('',*,*,#4254,.T.);
#5798=ORIENTED_EDGE('',*,*,#4258,.T.);
#5799=ORIENTED_EDGE('',*,*,#4259,.F.);
#5800=ORIENTED_EDGE('',*,*,#4152,.T.);
#5801=ORIENTED_EDGE('',*,*,#4256,.F.);
#5802=ORIENTED_EDGE('',*,*,#4253,.F.);
#5803=ORIENTED_EDGE('',*,*,#4260,.T.);
#5804=ORIENTED_EDGE('',*,*,#4258,.F.);
#5805=ORIENTED_EDGE('',*,*,#4250,.F.);
#5806=ORIENTED_EDGE('',*,*,#4204,.F.);
#5807=ORIENTED_EDGE('',*,*,#4261,.T.);
#5808=ORIENTED_EDGE('',*,*,#4262,.T.);
#5809=ORIENTED_EDGE('',*,*,#4134,.T.);
#5810=ORIENTED_EDGE('',*,*,#4263,.F.);
#5811=ORIENTED_EDGE('',*,*,#4263,.T.);
#5812=ORIENTED_EDGE('',*,*,#4133,.T.);
#5813=ORIENTED_EDGE('',*,*,#4264,.F.);
#5814=ORIENTED_EDGE('',*,*,#4265,.F.);
#5815=ORIENTED_EDGE('',*,*,#4127,.T.);
#5816=ORIENTED_EDGE('',*,*,#4266,.F.);
#5817=ORIENTED_EDGE('',*,*,#4267,.F.);
#5818=ORIENTED_EDGE('',*,*,#4266,.T.);
#5819=ORIENTED_EDGE('',*,*,#4268,.F.);
#5820=ORIENTED_EDGE('',*,*,#4269,.F.);
#5821=ORIENTED_EDGE('',*,*,#4268,.T.);
#5822=ORIENTED_EDGE('',*,*,#4145,.F.);
#5823=ORIENTED_EDGE('',*,*,#4270,.T.);
#5824=ORIENTED_EDGE('',*,*,#4265,.T.);
#5825=ORIENTED_EDGE('',*,*,#4271,.F.);
#5826=ORIENTED_EDGE('',*,*,#4272,.T.);
#5827=ORIENTED_EDGE('',*,*,#4129,.T.);
#5828=ORIENTED_EDGE('',*,*,#4270,.F.);
#5829=ORIENTED_EDGE('',*,*,#4264,.T.);
#5830=ORIENTED_EDGE('',*,*,#4131,.T.);
#5831=ORIENTED_EDGE('',*,*,#4272,.F.);
#5832=ORIENTED_EDGE('',*,*,#4262,.F.);
#5833=ORIENTED_EDGE('',*,*,#4273,.T.);
#5834=ORIENTED_EDGE('',*,*,#4138,.T.);
#5835=ORIENTED_EDGE('',*,*,#4140,.T.);
#5836=ORIENTED_EDGE('',*,*,#4273,.F.);
#5837=ORIENTED_EDGE('',*,*,#4157,.T.);
#5838=ORIENTED_EDGE('',*,*,#4144,.T.);
#5839=ORIENTED_EDGE('',*,*,#4274,.F.);
#5840=ORIENTED_EDGE('',*,*,#4275,.F.);
#5841=ORIENTED_EDGE('',*,*,#4269,.T.);
#5842=ORIENTED_EDGE('',*,*,#4276,.F.);
#5843=ORIENTED_EDGE('',*,*,#4277,.F.);
#5844=ORIENTED_EDGE('',*,*,#4278,.F.);
#5845=ORIENTED_EDGE('',*,*,#4276,.T.);
#5846=ORIENTED_EDGE('',*,*,#4279,.T.);
#5847=ORIENTED_EDGE('',*,*,#4280,.T.);
#5848=ORIENTED_EDGE('',*,*,#4281,.F.);
#5849=ORIENTED_EDGE('',*,*,#4279,.F.);
#5850=ORIENTED_EDGE('',*,*,#4282,.T.);
#5851=ORIENTED_EDGE('',*,*,#4283,.F.);
#5852=ORIENTED_EDGE('',*,*,#4280,.F.);
#5853=ORIENTED_EDGE('',*,*,#4284,.T.);
#5854=ORIENTED_EDGE('',*,*,#4285,.F.);
#5855=ORIENTED_EDGE('',*,*,#4282,.F.);
#5856=ORIENTED_EDGE('',*,*,#4275,.T.);
#5857=ORIENTED_EDGE('',*,*,#4286,.F.);
#5858=ORIENTED_EDGE('',*,*,#4284,.F.);
#5859=ORIENTED_EDGE('',*,*,#4287,.F.);
#5860=ORIENTED_EDGE('',*,*,#4274,.T.);
#5861=ORIENTED_EDGE('',*,*,#4288,.T.);
#5862=ORIENTED_EDGE('',*,*,#4288,.F.);
#5863=ORIENTED_EDGE('',*,*,#4147,.T.);
#5864=ORIENTED_EDGE('',*,*,#4289,.T.);
#5865=ORIENTED_EDGE('',*,*,#4289,.F.);
#5866=ORIENTED_EDGE('',*,*,#4290,.T.);
#5867=ORIENTED_EDGE('',*,*,#4291,.F.);
#5868=ORIENTED_EDGE('',*,*,#4149,.T.);
#5869=ORIENTED_EDGE('',*,*,#4292,.F.);
#5870=ORIENTED_EDGE('',*,*,#4290,.F.);
#5871=ORIENTED_EDGE('',*,*,#4293,.F.);
#5872=ORIENTED_EDGE('',*,*,#4292,.T.);
#5873=ORIENTED_EDGE('',*,*,#4294,.T.);
#5874=ORIENTED_EDGE('',*,*,#4151,.T.);
#5875=ORIENTED_EDGE('',*,*,#4295,.F.);
#5876=ORIENTED_EDGE('',*,*,#4294,.F.);
#5877=ORIENTED_EDGE('',*,*,#4255,.F.);
#5878=ORIENTED_EDGE('',*,*,#4295,.T.);
#5879=ORIENTED_EDGE('',*,*,#4259,.T.);
#5880=ORIENTED_EDGE('',*,*,#3792,.T.);
#5881=ORIENTED_EDGE('',*,*,#4296,.T.);
#5882=ORIENTED_EDGE('',*,*,#4297,.F.);
#5883=ORIENTED_EDGE('',*,*,#4298,.F.);
#5884=ORIENTED_EDGE('',*,*,#3820,.F.);
#5885=ORIENTED_EDGE('',*,*,#4299,.T.);
#5886=ORIENTED_EDGE('',*,*,#3793,.T.);
#5887=ORIENTED_EDGE('',*,*,#4297,.T.);
#5888=ORIENTED_EDGE('',*,*,#4300,.F.);
#5889=ORIENTED_EDGE('',*,*,#4301,.F.);
#5890=ORIENTED_EDGE('',*,*,#3819,.T.);
#5891=ORIENTED_EDGE('',*,*,#3745,.T.);
#5892=ORIENTED_EDGE('',*,*,#4156,.T.);
#5893=ORIENTED_EDGE('',*,*,#4302,.T.);
#5894=ORIENTED_EDGE('',*,*,#4299,.F.);
#5895=ORIENTED_EDGE('',*,*,#4303,.F.);
#5896=ORIENTED_EDGE('',*,*,#4199,.T.);
#5897=ORIENTED_EDGE('',*,*,#4301,.T.);
#5898=ORIENTED_EDGE('',*,*,#4271,.T.);
#5899=ORIENTED_EDGE('',*,*,#4304,.F.);
#5900=ORIENTED_EDGE('',*,*,#4302,.F.);
#5901=ORIENTED_EDGE('',*,*,#4305,.F.);
#5902=ORIENTED_EDGE('',*,*,#4306,.T.);
#5903=ORIENTED_EDGE('',*,*,#4161,.T.);
#5904=ORIENTED_EDGE('',*,*,#4305,.T.);
#5905=ORIENTED_EDGE('',*,*,#4307,.F.);
#5906=ORIENTED_EDGE('',*,*,#4308,.F.);
#5907=ORIENTED_EDGE('',*,*,#4309,.F.);
#5908=ORIENTED_EDGE('',*,*,#4307,.T.);
#5909=ORIENTED_EDGE('',*,*,#4173,.T.);
#5910=ORIENTED_EDGE('',*,*,#4306,.F.);
#5911=ORIENTED_EDGE('',*,*,#4310,.T.);
#5912=ORIENTED_EDGE('',*,*,#4311,.T.);
#5913=ORIENTED_EDGE('',*,*,#4312,.T.);
#5914=ORIENTED_EDGE('',*,*,#4165,.F.);
#5915=ORIENTED_EDGE('',*,*,#4311,.F.);
#5916=ORIENTED_EDGE('',*,*,#4313,.T.);
#5917=ORIENTED_EDGE('',*,*,#4168,.F.);
#5918=ORIENTED_EDGE('',*,*,#4312,.F.);
#5919=ORIENTED_EDGE('',*,*,#4211,.T.);
#5920=ORIENTED_EDGE('',*,*,#4169,.F.);
#5921=ORIENTED_EDGE('',*,*,#4313,.F.);
#5922=ORIENTED_EDGE('',*,*,#4314,.F.);
#5923=ORIENTED_EDGE('',*,*,#4309,.T.);
#5924=ORIENTED_EDGE('',*,*,#4174,.T.);
#5925=ORIENTED_EDGE('',*,*,#4315,.F.);
#5926=ORIENTED_EDGE('',*,*,#4314,.T.);
#5927=ORIENTED_EDGE('',*,*,#4176,.T.);
#5928=ORIENTED_EDGE('',*,*,#4316,.T.);
#5929=ORIENTED_EDGE('',*,*,#4317,.F.);
#5930=ORIENTED_EDGE('',*,*,#4315,.T.);
#5931=ORIENTED_EDGE('',*,*,#4237,.F.);
#5932=ORIENTED_EDGE('',*,*,#4316,.F.);
#5933=ORIENTED_EDGE('',*,*,#4178,.T.);
#5934=ORIENTED_EDGE('',*,*,#4186,.F.);
#5935=ORIENTED_EDGE('',*,*,#4318,.F.);
#5936=ORIENTED_EDGE('',*,*,#4319,.T.);
#5937=ORIENTED_EDGE('',*,*,#4303,.T.);
#5938=ORIENTED_EDGE('',*,*,#4318,.T.);
#5939=ORIENTED_EDGE('',*,*,#4196,.F.);
#5940=ORIENTED_EDGE('',*,*,#4189,.F.);
#5941=ORIENTED_EDGE('',*,*,#4319,.F.);
#5942=ORIENTED_EDGE('',*,*,#4320,.T.);
#5943=ORIENTED_EDGE('',*,*,#4192,.F.);
#5944=ORIENTED_EDGE('',*,*,#4320,.F.);
#5945=ORIENTED_EDGE('',*,*,#4321,.T.);
#5946=ORIENTED_EDGE('',*,*,#4321,.F.);
#5947=ORIENTED_EDGE('',*,*,#4322,.T.);
#5948=ORIENTED_EDGE('',*,*,#4240,.F.);
#5949=ORIENTED_EDGE('',*,*,#4201,.F.);
#5950=ORIENTED_EDGE('',*,*,#4323,.T.);
#5951=ORIENTED_EDGE('',*,*,#4324,.T.);
#5952=ORIENTED_EDGE('',*,*,#4323,.F.);
#5953=ORIENTED_EDGE('',*,*,#4325,.T.);
#5954=ORIENTED_EDGE('',*,*,#4326,.T.);
#5955=ORIENTED_EDGE('',*,*,#4327,.T.);
#5956=ORIENTED_EDGE('',*,*,#4328,.T.);
#5957=ORIENTED_EDGE('',*,*,#4242,.F.);
#5958=ORIENTED_EDGE('',*,*,#4329,.T.);
#5959=ORIENTED_EDGE('',*,*,#4325,.F.);
#5960=ORIENTED_EDGE('',*,*,#4330,.F.);
#5961=ORIENTED_EDGE('',*,*,#4331,.T.);
#5962=ORIENTED_EDGE('',*,*,#4332,.T.);
#5963=ORIENTED_EDGE('',*,*,#4328,.F.);
#5964=ORIENTED_EDGE('',*,*,#4332,.F.);
#5965=ORIENTED_EDGE('',*,*,#4333,.T.);
#5966=ORIENTED_EDGE('',*,*,#4330,.T.);
#5967=ORIENTED_EDGE('',*,*,#4334,.T.);
#5968=ORIENTED_EDGE('',*,*,#4261,.F.);
#5969=ORIENTED_EDGE('',*,*,#4335,.T.);
#5970=ORIENTED_EDGE('',*,*,#4335,.F.);
#5971=ORIENTED_EDGE('',*,*,#4336,.T.);
#5972=ORIENTED_EDGE('',*,*,#4337,.T.);
#5973=ORIENTED_EDGE('',*,*,#4338,.T.);
#5974=ORIENTED_EDGE('',*,*,#4336,.F.);
#5975=ORIENTED_EDGE('',*,*,#4324,.F.);
#5976=ORIENTED_EDGE('',*,*,#4339,.T.);
#5977=ORIENTED_EDGE('',*,*,#4215,.F.);
#5978=ORIENTED_EDGE('',*,*,#4340,.T.);
#5979=ORIENTED_EDGE('',*,*,#4341,.T.);
#5980=ORIENTED_EDGE('',*,*,#4340,.F.);
#5981=ORIENTED_EDGE('',*,*,#4342,.F.);
#5982=ORIENTED_EDGE('',*,*,#4342,.T.);
#5983=ORIENTED_EDGE('',*,*,#4208,.F.);
#5984=ORIENTED_EDGE('',*,*,#4343,.T.);
#5985=ORIENTED_EDGE('',*,*,#4344,.T.);
#5986=ORIENTED_EDGE('',*,*,#4343,.F.);
#5987=ORIENTED_EDGE('',*,*,#4345,.F.);
#5988=ORIENTED_EDGE('',*,*,#4345,.T.);
#5989=ORIENTED_EDGE('',*,*,#4310,.F.);
#5990=ORIENTED_EDGE('',*,*,#4346,.T.);
#5991=ORIENTED_EDGE('',*,*,#4347,.T.);
#5992=ORIENTED_EDGE('',*,*,#4219,.F.);
#5993=ORIENTED_EDGE('',*,*,#4348,.F.);
#5994=ORIENTED_EDGE('',*,*,#4349,.T.);
#5995=ORIENTED_EDGE('',*,*,#4348,.T.);
#5996=ORIENTED_EDGE('',*,*,#4339,.F.);
#5997=ORIENTED_EDGE('',*,*,#4350,.T.);
#5998=ORIENTED_EDGE('',*,*,#4225,.T.);
#5999=ORIENTED_EDGE('',*,*,#4351,.F.);
#6000=ORIENTED_EDGE('',*,*,#4352,.T.);
#6001=ORIENTED_EDGE('',*,*,#4351,.T.);
#6002=ORIENTED_EDGE('',*,*,#4347,.F.);
#6003=ORIENTED_EDGE('',*,*,#4353,.F.);
#6004=ORIENTED_EDGE('',*,*,#4231,.T.);
#6005=ORIENTED_EDGE('',*,*,#4354,.F.);
#6006=ORIENTED_EDGE('',*,*,#4355,.F.);
#6007=ORIENTED_EDGE('',*,*,#4354,.T.);
#6008=ORIENTED_EDGE('',*,*,#4350,.F.);
#6009=ORIENTED_EDGE('',*,*,#4356,.F.);
#6010=ORIENTED_EDGE('',*,*,#4357,.T.);
#6011=ORIENTED_EDGE('',*,*,#4353,.T.);
#6012=ORIENTED_EDGE('',*,*,#4358,.F.);
#6013=ORIENTED_EDGE('',*,*,#4359,.T.);
#6014=ORIENTED_EDGE('',*,*,#4357,.F.);
#6015=ORIENTED_EDGE('',*,*,#4359,.F.);
#6016=ORIENTED_EDGE('',*,*,#4360,.T.);
#6017=ORIENTED_EDGE('',*,*,#4232,.F.);
#6018=ORIENTED_EDGE('',*,*,#4360,.F.);
#6019=ORIENTED_EDGE('',*,*,#4317,.T.);
#6020=ORIENTED_EDGE('',*,*,#4236,.T.);
#6021=ORIENTED_EDGE('',*,*,#4327,.F.);
#6022=ORIENTED_EDGE('',*,*,#4322,.F.);
#6023=ORIENTED_EDGE('',*,*,#4361,.T.);
#6024=ORIENTED_EDGE('',*,*,#4244,.F.);
#6025=ORIENTED_EDGE('',*,*,#4362,.T.);
#6026=ORIENTED_EDGE('',*,*,#4363,.T.);
#6027=ORIENTED_EDGE('',*,*,#4364,.F.);
#6028=ORIENTED_EDGE('',*,*,#4365,.T.);
#6029=ORIENTED_EDGE('',*,*,#4247,.F.);
#6030=ORIENTED_EDGE('',*,*,#4362,.F.);
#6031=ORIENTED_EDGE('',*,*,#4366,.T.);
#6032=ORIENTED_EDGE('',*,*,#4367,.T.);
#6033=ORIENTED_EDGE('',*,*,#4365,.F.);
#6034=ORIENTED_EDGE('',*,*,#4368,.T.);
#6035=ORIENTED_EDGE('',*,*,#4369,.T.);
#6036=ORIENTED_EDGE('',*,*,#4366,.F.);
#6037=ORIENTED_EDGE('',*,*,#4370,.T.);
#6038=ORIENTED_EDGE('',*,*,#4371,.T.);
#6039=ORIENTED_EDGE('',*,*,#4372,.T.);
#6040=ORIENTED_EDGE('',*,*,#4373,.F.);
#6041=ORIENTED_EDGE('',*,*,#4369,.F.);
#6042=ORIENTED_EDGE('',*,*,#4370,.F.);
#6043=ORIENTED_EDGE('',*,*,#4374,.T.);
#6044=ORIENTED_EDGE('',*,*,#4375,.T.);
#6045=ORIENTED_EDGE('',*,*,#4374,.F.);
#6046=ORIENTED_EDGE('',*,*,#4373,.T.);
#6047=ORIENTED_EDGE('',*,*,#4376,.T.);
#6048=ORIENTED_EDGE('',*,*,#4377,.T.);
#6049=ORIENTED_EDGE('',*,*,#4378,.F.);
#6050=ORIENTED_EDGE('',*,*,#4248,.F.);
#6051=ORIENTED_EDGE('',*,*,#4379,.T.);
#6052=ORIENTED_EDGE('',*,*,#4377,.F.);
#6053=ORIENTED_EDGE('',*,*,#4380,.T.);
#6054=ORIENTED_EDGE('',*,*,#4380,.F.);
#6055=ORIENTED_EDGE('',*,*,#4363,.F.);
#6056=ORIENTED_EDGE('',*,*,#4381,.T.);
#6057=ORIENTED_EDGE('',*,*,#4334,.F.);
#6058=ORIENTED_EDGE('',*,*,#4382,.T.);
#6059=ORIENTED_EDGE('',*,*,#4383,.T.);
#6060=ORIENTED_EDGE('',*,*,#4383,.F.);
#6061=ORIENTED_EDGE('',*,*,#4384,.T.);
#6062=ORIENTED_EDGE('',*,*,#4364,.T.);
#6063=ORIENTED_EDGE('',*,*,#4378,.T.);
#6064=ORIENTED_EDGE('',*,*,#4260,.F.);
#6065=ORIENTED_EDGE('',*,*,#4251,.F.);
#6066=ORIENTED_EDGE('',*,*,#4293,.T.);
#6067=ORIENTED_EDGE('',*,*,#4385,.F.);
#6068=ORIENTED_EDGE('',*,*,#4291,.T.);
#6069=ORIENTED_EDGE('',*,*,#4386,.F.);
#6070=ORIENTED_EDGE('',*,*,#4385,.T.);
#6071=ORIENTED_EDGE('',*,*,#4387,.F.);
#6072=ORIENTED_EDGE('',*,*,#4388,.F.);
#6073=ORIENTED_EDGE('',*,*,#4387,.T.);
#6074=ORIENTED_EDGE('',*,*,#4389,.F.);
#6075=ORIENTED_EDGE('',*,*,#4389,.T.);
#6076=ORIENTED_EDGE('',*,*,#4257,.T.);
#6077=ORIENTED_EDGE('',*,*,#4390,.F.);
#6078=ORIENTED_EDGE('',*,*,#4391,.T.);
#6079=ORIENTED_EDGE('',*,*,#4390,.T.);
#6080=ORIENTED_EDGE('',*,*,#4392,.F.);
#6081=ORIENTED_EDGE('',*,*,#4392,.T.);
#6082=ORIENTED_EDGE('',*,*,#4379,.F.);
#6083=ORIENTED_EDGE('',*,*,#4393,.F.);
#6084=ORIENTED_EDGE('',*,*,#4394,.F.);
#6085=ORIENTED_EDGE('',*,*,#4304,.T.);
#6086=ORIENTED_EDGE('',*,*,#4267,.T.);
#6087=ORIENTED_EDGE('',*,*,#4277,.T.);
#6088=ORIENTED_EDGE('',*,*,#4395,.F.);
#6089=ORIENTED_EDGE('',*,*,#4396,.F.);
#6090=ORIENTED_EDGE('',*,*,#4396,.T.);
#6091=ORIENTED_EDGE('',*,*,#4397,.F.);
#6092=ORIENTED_EDGE('',*,*,#4398,.F.);
#6093=ORIENTED_EDGE('',*,*,#4399,.F.);
#6094=ORIENTED_EDGE('',*,*,#4394,.T.);
#6095=ORIENTED_EDGE('',*,*,#4398,.T.);
#6096=ORIENTED_EDGE('',*,*,#4400,.F.);
#6097=ORIENTED_EDGE('',*,*,#4286,.T.);
#6098=ORIENTED_EDGE('',*,*,#4401,.F.);
#6099=ORIENTED_EDGE('',*,*,#4287,.T.);
#6100=ORIENTED_EDGE('',*,*,#4402,.F.);
#6101=ORIENTED_EDGE('',*,*,#4401,.T.);
#6102=ORIENTED_EDGE('',*,*,#4403,.T.);
#6103=ORIENTED_EDGE('',*,*,#4404,.T.);
#6104=ORIENTED_EDGE('',*,*,#4405,.F.);
#6105=ORIENTED_EDGE('',*,*,#4405,.T.);
#6106=ORIENTED_EDGE('',*,*,#4278,.T.);
#6107=ORIENTED_EDGE('',*,*,#4384,.F.);
#6108=ORIENTED_EDGE('',*,*,#4406,.T.);
#6109=ORIENTED_EDGE('',*,*,#4404,.F.);
#6110=ORIENTED_EDGE('',*,*,#4407,.F.);
#6111=ORIENTED_EDGE('',*,*,#4395,.T.);
#6112=ORIENTED_EDGE('',*,*,#4406,.F.);
#6113=ORIENTED_EDGE('',*,*,#4408,.F.);
#6114=ORIENTED_EDGE('',*,*,#4368,.F.);
#6115=ORIENTED_EDGE('',*,*,#4281,.T.);
#6116=ORIENTED_EDGE('',*,*,#4409,.T.);
#6117=ORIENTED_EDGE('',*,*,#4410,.F.);
#6118=ORIENTED_EDGE('',*,*,#4283,.T.);
#6119=ORIENTED_EDGE('',*,*,#4411,.F.);
#6120=ORIENTED_EDGE('',*,*,#4410,.T.);
#6121=ORIENTED_EDGE('',*,*,#4412,.T.);
#6122=ORIENTED_EDGE('',*,*,#4409,.F.);
#6123=ORIENTED_EDGE('',*,*,#4411,.T.);
#6124=ORIENTED_EDGE('',*,*,#4413,.T.);
#6125=ORIENTED_EDGE('',*,*,#4414,.F.);
#6126=ORIENTED_EDGE('',*,*,#4400,.T.);
#6127=ORIENTED_EDGE('',*,*,#4413,.F.);
#6128=ORIENTED_EDGE('',*,*,#4285,.T.);
#6129=ORIENTED_EDGE('',*,*,#4415,.F.);
#6130=ORIENTED_EDGE('',*,*,#4402,.T.);
#6131=ORIENTED_EDGE('',*,*,#4416,.T.);
#6132=ORIENTED_EDGE('',*,*,#4417,.F.);
#6133=ORIENTED_EDGE('',*,*,#4416,.F.);
#6134=ORIENTED_EDGE('',*,*,#4386,.T.);
#6135=ORIENTED_EDGE('',*,*,#3791,.T.);
#6136=ORIENTED_EDGE('',*,*,#4418,.F.);
#6137=ORIENTED_EDGE('',*,*,#4296,.F.);
#6138=ORIENTED_EDGE('',*,*,#3781,.T.);
#6139=ORIENTED_EDGE('',*,*,#4419,.F.);
#6140=ORIENTED_EDGE('',*,*,#4298,.T.);
#6141=ORIENTED_EDGE('',*,*,#4420,.T.);
#6142=ORIENTED_EDGE('',*,*,#3784,.T.);
#6143=ORIENTED_EDGE('',*,*,#3780,.T.);
#6144=ORIENTED_EDGE('',*,*,#4421,.F.);
#6145=ORIENTED_EDGE('',*,*,#4419,.T.);
#6146=ORIENTED_EDGE('',*,*,#3741,.T.);
#6147=ORIENTED_EDGE('',*,*,#4422,.F.);
#6148=ORIENTED_EDGE('',*,*,#4421,.T.);
#6149=ORIENTED_EDGE('',*,*,#3779,.T.);
#6150=ORIENTED_EDGE('',*,*,#4423,.F.);
#6151=ORIENTED_EDGE('',*,*,#4422,.T.);
#6152=ORIENTED_EDGE('',*,*,#3778,.T.);
#6153=ORIENTED_EDGE('',*,*,#4424,.F.);
#6154=ORIENTED_EDGE('',*,*,#4423,.T.);
#6155=ORIENTED_EDGE('',*,*,#3777,.T.);
#6156=ORIENTED_EDGE('',*,*,#4425,.F.);
#6157=ORIENTED_EDGE('',*,*,#4424,.T.);
#6158=ORIENTED_EDGE('',*,*,#3776,.T.);
#6159=ORIENTED_EDGE('',*,*,#4426,.F.);
#6160=ORIENTED_EDGE('',*,*,#4425,.T.);
#6161=ORIENTED_EDGE('',*,*,#3775,.T.);
#6162=ORIENTED_EDGE('',*,*,#4427,.F.);
#6163=ORIENTED_EDGE('',*,*,#4426,.T.);
#6164=ORIENTED_EDGE('',*,*,#3774,.T.);
#6165=ORIENTED_EDGE('',*,*,#4428,.F.);
#6166=ORIENTED_EDGE('',*,*,#4427,.T.);
#6167=ORIENTED_EDGE('',*,*,#3773,.T.);
#6168=ORIENTED_EDGE('',*,*,#4429,.F.);
#6169=ORIENTED_EDGE('',*,*,#4428,.T.);
#6170=ORIENTED_EDGE('',*,*,#3772,.T.);
#6171=ORIENTED_EDGE('',*,*,#4430,.F.);
#6172=ORIENTED_EDGE('',*,*,#4429,.T.);
#6173=ORIENTED_EDGE('',*,*,#3771,.T.);
#6174=ORIENTED_EDGE('',*,*,#4431,.F.);
#6175=ORIENTED_EDGE('',*,*,#4430,.T.);
#6176=ORIENTED_EDGE('',*,*,#3770,.T.);
#6177=ORIENTED_EDGE('',*,*,#3796,.F.);
#6178=ORIENTED_EDGE('',*,*,#4431,.T.);
#6179=ORIENTED_EDGE('',*,*,#4300,.T.);
#6180=ORIENTED_EDGE('',*,*,#4432,.T.);
#6181=ORIENTED_EDGE('',*,*,#4433,.F.);
#6182=ORIENTED_EDGE('',*,*,#3790,.T.);
#6183=ORIENTED_EDGE('',*,*,#4434,.F.);
#6184=ORIENTED_EDGE('',*,*,#4418,.T.);
#6185=ORIENTED_EDGE('',*,*,#3789,.T.);
#6186=ORIENTED_EDGE('',*,*,#4432,.F.);
#6187=ORIENTED_EDGE('',*,*,#4434,.T.);
#6188=ORIENTED_EDGE('',*,*,#3785,.T.);
#6189=ORIENTED_EDGE('',*,*,#4420,.F.);
#6190=ORIENTED_EDGE('',*,*,#4435,.T.);
#6191=ORIENTED_EDGE('',*,*,#4436,.T.);
#6192=ORIENTED_EDGE('',*,*,#4437,.T.);
#6193=ORIENTED_EDGE('',*,*,#4438,.F.);
#6194=ORIENTED_EDGE('',*,*,#4435,.F.);
#6195=ORIENTED_EDGE('',*,*,#4399,.T.);
#6196=ORIENTED_EDGE('',*,*,#4439,.F.);
#6197=ORIENTED_EDGE('',*,*,#4437,.F.);
#6198=ORIENTED_EDGE('',*,*,#4433,.T.);
#6199=ORIENTED_EDGE('',*,*,#4440,.F.);
#6200=ORIENTED_EDGE('',*,*,#4441,.F.);
#6201=ORIENTED_EDGE('',*,*,#4442,.F.);
#6202=ORIENTED_EDGE('',*,*,#4443,.F.);
#6203=ORIENTED_EDGE('',*,*,#4441,.T.);
#6204=ORIENTED_EDGE('',*,*,#4443,.T.);
#6205=ORIENTED_EDGE('',*,*,#4444,.T.);
#6206=ORIENTED_EDGE('',*,*,#4361,.F.);
#6207=ORIENTED_EDGE('',*,*,#4445,.F.);
#6208=ORIENTED_EDGE('',*,*,#4346,.F.);
#6209=ORIENTED_EDGE('',*,*,#4446,.T.);
#6210=ORIENTED_EDGE('',*,*,#4446,.F.);
#6211=ORIENTED_EDGE('',*,*,#4308,.T.);
#6212=ORIENTED_EDGE('',*,*,#4447,.T.);
#6213=ORIENTED_EDGE('',*,*,#4448,.F.);
#6214=ORIENTED_EDGE('',*,*,#4447,.F.);
#6215=ORIENTED_EDGE('',*,*,#4358,.T.);
#6216=ORIENTED_EDGE('',*,*,#4449,.T.);
#6217=ORIENTED_EDGE('',*,*,#4338,.F.);
#6218=ORIENTED_EDGE('',*,*,#4450,.F.);
#6219=ORIENTED_EDGE('',*,*,#4450,.T.);
#6220=ORIENTED_EDGE('',*,*,#4326,.F.);
#6221=ORIENTED_EDGE('',*,*,#4451,.F.);
#6222=ORIENTED_EDGE('',*,*,#4451,.T.);
#6223=ORIENTED_EDGE('',*,*,#4329,.F.);
#6224=ORIENTED_EDGE('',*,*,#4452,.F.);
#6225=ORIENTED_EDGE('',*,*,#4444,.F.);
#6226=ORIENTED_EDGE('',*,*,#4453,.T.);
#6227=ORIENTED_EDGE('',*,*,#4331,.F.);
#6228=ORIENTED_EDGE('',*,*,#4333,.F.);
#6229=ORIENTED_EDGE('',*,*,#4453,.F.);
#6230=ORIENTED_EDGE('',*,*,#4452,.T.);
#6231=ORIENTED_EDGE('',*,*,#4454,.T.);
#6232=ORIENTED_EDGE('',*,*,#4382,.F.);
#6233=ORIENTED_EDGE('',*,*,#4337,.F.);
#6234=ORIENTED_EDGE('',*,*,#4442,.T.);
#6235=ORIENTED_EDGE('',*,*,#4455,.T.);
#6236=ORIENTED_EDGE('',*,*,#4449,.F.);
#6237=ORIENTED_EDGE('',*,*,#4455,.F.);
#6238=ORIENTED_EDGE('',*,*,#4456,.T.);
#6239=ORIENTED_EDGE('',*,*,#4454,.F.);
#6240=ORIENTED_EDGE('',*,*,#4457,.T.);
#6241=ORIENTED_EDGE('',*,*,#4458,.F.);
#6242=ORIENTED_EDGE('',*,*,#4459,.T.);
#6243=ORIENTED_EDGE('',*,*,#4457,.F.);
#6244=ORIENTED_EDGE('',*,*,#4460,.T.);
#6245=ORIENTED_EDGE('',*,*,#4349,.F.);
#6246=ORIENTED_EDGE('',*,*,#4461,.F.);
#6247=ORIENTED_EDGE('',*,*,#4458,.T.);
#6248=ORIENTED_EDGE('',*,*,#4341,.F.);
#6249=ORIENTED_EDGE('',*,*,#4344,.F.);
#6250=ORIENTED_EDGE('',*,*,#4462,.F.);
#6251=ORIENTED_EDGE('',*,*,#4463,.T.);
#6252=ORIENTED_EDGE('',*,*,#4463,.F.);
#6253=ORIENTED_EDGE('',*,*,#4464,.T.);
#6254=ORIENTED_EDGE('',*,*,#4461,.T.);
#6255=ORIENTED_EDGE('',*,*,#4465,.F.);
#6256=ORIENTED_EDGE('',*,*,#4466,.F.);
#6257=ORIENTED_EDGE('',*,*,#4462,.T.);
#6258=ORIENTED_EDGE('',*,*,#4445,.T.);
#6259=ORIENTED_EDGE('',*,*,#4467,.F.);
#6260=ORIENTED_EDGE('',*,*,#4465,.T.);
#6261=ORIENTED_EDGE('',*,*,#4468,.T.);
#6262=ORIENTED_EDGE('',*,*,#4460,.F.);
#6263=ORIENTED_EDGE('',*,*,#4469,.T.);
#6264=ORIENTED_EDGE('',*,*,#4352,.F.);
#6265=ORIENTED_EDGE('',*,*,#4468,.F.);
#6266=ORIENTED_EDGE('',*,*,#4470,.T.);
#6267=ORIENTED_EDGE('',*,*,#4471,.T.);
#6268=ORIENTED_EDGE('',*,*,#4355,.T.);
#6269=ORIENTED_EDGE('',*,*,#4472,.F.);
#6270=ORIENTED_EDGE('',*,*,#4473,.T.);
#6271=ORIENTED_EDGE('',*,*,#4472,.T.);
#6272=ORIENTED_EDGE('',*,*,#4470,.F.);
#6273=ORIENTED_EDGE('',*,*,#4471,.F.);
#6274=ORIENTED_EDGE('',*,*,#4474,.F.);
#6275=ORIENTED_EDGE('',*,*,#4475,.T.);
#6276=ORIENTED_EDGE('',*,*,#4476,.T.);
#6277=ORIENTED_EDGE('',*,*,#4356,.T.);
#6278=ORIENTED_EDGE('',*,*,#4475,.F.);
#6279=ORIENTED_EDGE('',*,*,#4477,.T.);
#6280=ORIENTED_EDGE('',*,*,#4448,.T.);
#6281=ORIENTED_EDGE('',*,*,#4478,.F.);
#6282=ORIENTED_EDGE('',*,*,#4476,.F.);
#6283=ORIENTED_EDGE('',*,*,#4479,.F.);
#6284=ORIENTED_EDGE('',*,*,#4478,.T.);
#6285=ORIENTED_EDGE('',*,*,#4367,.F.);
#6286=ORIENTED_EDGE('',*,*,#4480,.T.);
#6287=ORIENTED_EDGE('',*,*,#4381,.F.);
#6288=ORIENTED_EDGE('',*,*,#4481,.T.);
#6289=ORIENTED_EDGE('',*,*,#4480,.F.);
#6290=ORIENTED_EDGE('',*,*,#4482,.T.);
#6291=ORIENTED_EDGE('',*,*,#4482,.F.);
#6292=ORIENTED_EDGE('',*,*,#4371,.F.);
#6293=ORIENTED_EDGE('',*,*,#4483,.T.);
#6294=ORIENTED_EDGE('',*,*,#4484,.F.);
#6295=ORIENTED_EDGE('',*,*,#4372,.F.);
#6296=ORIENTED_EDGE('',*,*,#4485,.T.);
#6297=ORIENTED_EDGE('',*,*,#4485,.F.);
#6298=ORIENTED_EDGE('',*,*,#4412,.F.);
#6299=ORIENTED_EDGE('',*,*,#4486,.T.);
#6300=ORIENTED_EDGE('',*,*,#4483,.F.);
#6301=ORIENTED_EDGE('',*,*,#4375,.F.);
#6302=ORIENTED_EDGE('',*,*,#4487,.T.);
#6303=ORIENTED_EDGE('',*,*,#4376,.F.);
#6304=ORIENTED_EDGE('',*,*,#4488,.T.);
#6305=ORIENTED_EDGE('',*,*,#4487,.F.);
#6306=ORIENTED_EDGE('',*,*,#4489,.T.);
#6307=ORIENTED_EDGE('',*,*,#4488,.F.);
#6308=ORIENTED_EDGE('',*,*,#4484,.T.);
#6309=ORIENTED_EDGE('',*,*,#4490,.T.);
#6310=ORIENTED_EDGE('',*,*,#4393,.T.);
#6311=ORIENTED_EDGE('',*,*,#4491,.F.);
#6312=ORIENTED_EDGE('',*,*,#4491,.T.);
#6313=ORIENTED_EDGE('',*,*,#4481,.F.);
#6314=ORIENTED_EDGE('',*,*,#4492,.F.);
#6315=ORIENTED_EDGE('',*,*,#4456,.F.);
#6316=ORIENTED_EDGE('',*,*,#4438,.T.);
#6317=ORIENTED_EDGE('',*,*,#4493,.T.);
#6318=ORIENTED_EDGE('',*,*,#4494,.T.);
#6319=ORIENTED_EDGE('',*,*,#4495,.T.);
#6320=ORIENTED_EDGE('',*,*,#4403,.F.);
#6321=ORIENTED_EDGE('',*,*,#4496,.T.);
#6322=ORIENTED_EDGE('',*,*,#4494,.F.);
#6323=ORIENTED_EDGE('',*,*,#4493,.F.);
#6324=ORIENTED_EDGE('',*,*,#4497,.F.);
#6325=ORIENTED_EDGE('',*,*,#4417,.T.);
#6326=ORIENTED_EDGE('',*,*,#4498,.F.);
#6327=ORIENTED_EDGE('',*,*,#4499,.F.);
#6328=ORIENTED_EDGE('',*,*,#4498,.T.);
#6329=ORIENTED_EDGE('',*,*,#4500,.T.);
#6330=ORIENTED_EDGE('',*,*,#4500,.F.);
#6331=ORIENTED_EDGE('',*,*,#4388,.T.);
#6332=ORIENTED_EDGE('',*,*,#4501,.F.);
#6333=ORIENTED_EDGE('',*,*,#4502,.T.);
#6334=ORIENTED_EDGE('',*,*,#4501,.T.);
#6335=ORIENTED_EDGE('',*,*,#4503,.F.);
#6336=ORIENTED_EDGE('',*,*,#4503,.T.);
#6337=ORIENTED_EDGE('',*,*,#4391,.F.);
#6338=ORIENTED_EDGE('',*,*,#4504,.F.);
#6339=ORIENTED_EDGE('',*,*,#4505,.T.);
#6340=ORIENTED_EDGE('',*,*,#4504,.T.);
#6341=ORIENTED_EDGE('',*,*,#4506,.F.);
#6342=ORIENTED_EDGE('',*,*,#4506,.T.);
#6343=ORIENTED_EDGE('',*,*,#4490,.F.);
#6344=ORIENTED_EDGE('',*,*,#4507,.F.);
#6345=ORIENTED_EDGE('',*,*,#4508,.F.);
#6346=ORIENTED_EDGE('',*,*,#4509,.T.);
#6347=ORIENTED_EDGE('',*,*,#4408,.T.);
#6348=ORIENTED_EDGE('',*,*,#4509,.F.);
#6349=ORIENTED_EDGE('',*,*,#4439,.T.);
#6350=ORIENTED_EDGE('',*,*,#4397,.T.);
#6351=ORIENTED_EDGE('',*,*,#4510,.F.);
#6352=ORIENTED_EDGE('',*,*,#4414,.T.);
#6353=ORIENTED_EDGE('',*,*,#4511,.T.);
#6354=ORIENTED_EDGE('',*,*,#4512,.F.);
#6355=ORIENTED_EDGE('',*,*,#4511,.F.);
#6356=ORIENTED_EDGE('',*,*,#4415,.T.);
#6357=ORIENTED_EDGE('',*,*,#4495,.F.);
#6358=ORIENTED_EDGE('',*,*,#4513,.T.);
#6359=ORIENTED_EDGE('',*,*,#4514,.T.);
#6360=ORIENTED_EDGE('',*,*,#4514,.F.);
#6361=ORIENTED_EDGE('',*,*,#4515,.T.);
#6362=ORIENTED_EDGE('',*,*,#4516,.T.);
#6363=ORIENTED_EDGE('',*,*,#4407,.T.);
#6364=ORIENTED_EDGE('',*,*,#4516,.F.);
#6365=ORIENTED_EDGE('',*,*,#4517,.F.);
#6366=ORIENTED_EDGE('',*,*,#4518,.F.);
#6367=ORIENTED_EDGE('',*,*,#4508,.T.);
#6368=ORIENTED_EDGE('',*,*,#4517,.T.);
#6369=ORIENTED_EDGE('',*,*,#4519,.F.);
#6370=ORIENTED_EDGE('',*,*,#4486,.F.);
#6371=ORIENTED_EDGE('',*,*,#4520,.T.);
#6372=ORIENTED_EDGE('',*,*,#4521,.F.);
#6373=ORIENTED_EDGE('',*,*,#4520,.F.);
#6374=ORIENTED_EDGE('',*,*,#4510,.T.);
#6375=ORIENTED_EDGE('',*,*,#4522,.F.);
#6376=ORIENTED_EDGE('',*,*,#4512,.T.);
#6377=ORIENTED_EDGE('',*,*,#4523,.F.);
#6378=ORIENTED_EDGE('',*,*,#4524,.F.);
#6379=ORIENTED_EDGE('',*,*,#4523,.T.);
#6380=ORIENTED_EDGE('',*,*,#4497,.T.);
#6381=ORIENTED_EDGE('',*,*,#3786,.T.);
#6382=ORIENTED_EDGE('',*,*,#4436,.F.);
#6383=ORIENTED_EDGE('',*,*,#4440,.T.);
#6384=ORIENTED_EDGE('',*,*,#4525,.T.);
#6385=ORIENTED_EDGE('',*,*,#4513,.F.);
#6386=ORIENTED_EDGE('',*,*,#4496,.F.);
#6387=ORIENTED_EDGE('',*,*,#4518,.T.);
#6388=ORIENTED_EDGE('',*,*,#4515,.F.);
#6389=ORIENTED_EDGE('',*,*,#4525,.F.);
#6390=ORIENTED_EDGE('',*,*,#4477,.F.);
#6391=ORIENTED_EDGE('',*,*,#4526,.F.);
#6392=ORIENTED_EDGE('',*,*,#4467,.T.);
#6393=ORIENTED_EDGE('',*,*,#4459,.F.);
#6394=ORIENTED_EDGE('',*,*,#4464,.F.);
#6395=ORIENTED_EDGE('',*,*,#4527,.T.);
#6396=ORIENTED_EDGE('',*,*,#4528,.T.);
#6397=ORIENTED_EDGE('',*,*,#4529,.F.);
#6398=ORIENTED_EDGE('',*,*,#4527,.F.);
#6399=ORIENTED_EDGE('',*,*,#4473,.F.);
#6400=ORIENTED_EDGE('',*,*,#4469,.F.);
#6401=ORIENTED_EDGE('',*,*,#4529,.T.);
#6402=ORIENTED_EDGE('',*,*,#4466,.T.);
#6403=ORIENTED_EDGE('',*,*,#4526,.T.);
#6404=ORIENTED_EDGE('',*,*,#4530,.F.);
#6405=ORIENTED_EDGE('',*,*,#4528,.F.);
#6406=ORIENTED_EDGE('',*,*,#4530,.T.);
#6407=ORIENTED_EDGE('',*,*,#4531,.T.);
#6408=ORIENTED_EDGE('',*,*,#4479,.T.);
#6409=ORIENTED_EDGE('',*,*,#4474,.T.);
#6410=ORIENTED_EDGE('',*,*,#4531,.F.);
#6411=ORIENTED_EDGE('',*,*,#4532,.T.);
#6412=ORIENTED_EDGE('',*,*,#4492,.T.);
#6413=ORIENTED_EDGE('',*,*,#4533,.F.);
#6414=ORIENTED_EDGE('',*,*,#4533,.T.);
#6415=ORIENTED_EDGE('',*,*,#4489,.F.);
#6416=ORIENTED_EDGE('',*,*,#4534,.T.);
#6417=ORIENTED_EDGE('',*,*,#4535,.T.);
#6418=ORIENTED_EDGE('',*,*,#4534,.F.);
#6419=ORIENTED_EDGE('',*,*,#4519,.T.);
#6420=ORIENTED_EDGE('',*,*,#4536,.T.);
#6421=ORIENTED_EDGE('',*,*,#4507,.T.);
#6422=ORIENTED_EDGE('',*,*,#4537,.F.);
#6423=ORIENTED_EDGE('',*,*,#4537,.T.);
#6424=ORIENTED_EDGE('',*,*,#4532,.F.);
#6425=ORIENTED_EDGE('',*,*,#4538,.T.);
#6426=ORIENTED_EDGE('',*,*,#4524,.T.);
#6427=ORIENTED_EDGE('',*,*,#4499,.T.);
#6428=ORIENTED_EDGE('',*,*,#4539,.F.);
#6429=ORIENTED_EDGE('',*,*,#4540,.T.);
#6430=ORIENTED_EDGE('',*,*,#4539,.T.);
#6431=ORIENTED_EDGE('',*,*,#4541,.F.);
#6432=ORIENTED_EDGE('',*,*,#4502,.F.);
#6433=ORIENTED_EDGE('',*,*,#4505,.F.);
#6434=ORIENTED_EDGE('',*,*,#4542,.T.);
#6435=ORIENTED_EDGE('',*,*,#4542,.F.);
#6436=ORIENTED_EDGE('',*,*,#4543,.F.);
#6437=ORIENTED_EDGE('',*,*,#4541,.T.);
#6438=ORIENTED_EDGE('',*,*,#4536,.F.);
#6439=ORIENTED_EDGE('',*,*,#4544,.F.);
#6440=ORIENTED_EDGE('',*,*,#4543,.T.);
#6441=ORIENTED_EDGE('',*,*,#4545,.F.);
#6442=ORIENTED_EDGE('',*,*,#4521,.T.);
#6443=ORIENTED_EDGE('',*,*,#4546,.T.);
#6444=ORIENTED_EDGE('',*,*,#4547,.F.);
#6445=ORIENTED_EDGE('',*,*,#4546,.F.);
#6446=ORIENTED_EDGE('',*,*,#4522,.T.);
#6447=ORIENTED_EDGE('',*,*,#4548,.T.);
#6448=ORIENTED_EDGE('',*,*,#4535,.F.);
#6449=ORIENTED_EDGE('',*,*,#4549,.T.);
#6450=ORIENTED_EDGE('',*,*,#4550,.F.);
#6451=ORIENTED_EDGE('',*,*,#4549,.F.);
#6452=ORIENTED_EDGE('',*,*,#4545,.T.);
#6453=ORIENTED_EDGE('',*,*,#4550,.T.);
#6454=ORIENTED_EDGE('',*,*,#4547,.T.);
#6455=ORIENTED_EDGE('',*,*,#4540,.F.);
#6456=ORIENTED_EDGE('',*,*,#4544,.T.);
#6457=ORIENTED_EDGE('',*,*,#4538,.F.);
#6458=ORIENTED_EDGE('',*,*,#4548,.F.);
#6459=PLANE('',#7794);
#6460=PLANE('',#7795);
#6461=PLANE('',#7796);
#6462=PLANE('',#7797);
#6463=PLANE('',#7798);
#6464=PLANE('',#7799);
#6465=PLANE('',#7801);
#6466=PLANE('',#7802);
#6467=PLANE('',#7803);
#6468=PLANE('',#7804);
#6469=PLANE('',#7805);
#6470=PLANE('',#7806);
#6471=PLANE('',#7807);
#6472=PLANE('',#7808);
#6473=PLANE('',#7810);
#6474=PLANE('',#7811);
#6475=PLANE('',#7812);
#6476=PLANE('',#7813);
#6477=PLANE('',#7814);
#6478=PLANE('',#7815);
#6479=PLANE('',#7817);
#6480=PLANE('',#7818);
#6481=PLANE('',#7819);
#6482=PLANE('',#7820);
#6483=PLANE('',#7821);
#6484=PLANE('',#7822);
#6485=PLANE('',#7824);
#6486=PLANE('',#7825);
#6487=PLANE('',#7826);
#6488=PLANE('',#7827);
#6489=PLANE('',#7828);
#6490=PLANE('',#7829);
#6491=PLANE('',#7830);
#6492=PLANE('',#7831);
#6493=PLANE('',#7832);
#6494=PLANE('',#7833);
#6495=PLANE('',#7835);
#6496=PLANE('',#7836);
#6497=PLANE('',#7837);
#6498=PLANE('',#7838);
#6499=PLANE('',#7839);
#6500=PLANE('',#7840);
#6501=PLANE('',#7844);
#6502=PLANE('',#7845);
#6503=PLANE('',#7847);
#6504=PLANE('',#7848);
#6505=PLANE('',#7849);
#6506=PLANE('',#7850);
#6507=PLANE('',#7851);
#6508=PLANE('',#7852);
#6509=PLANE('',#7856);
#6510=PLANE('',#7857);
#6511=PLANE('',#7858);
#6512=PLANE('',#7859);
#6513=PLANE('',#7860);
#6514=PLANE('',#7861);
#6515=PLANE('',#7862);
#6516=PLANE('',#7863);
#6517=PLANE('',#7868);
#6518=PLANE('',#7869);
#6519=PLANE('',#7874);
#6520=PLANE('',#7875);
#6521=PLANE('',#7879);
#6522=PLANE('',#7880);
#6523=PLANE('',#7884);
#6524=PLANE('',#7885);
#6525=PLANE('',#7887);
#6526=PLANE('',#7888);
#6527=PLANE('',#7889);
#6528=PLANE('',#7890);
#6529=PLANE('',#7891);
#6530=PLANE('',#7892);
#6531=PLANE('',#7893);
#6532=PLANE('',#7894);
#6533=PLANE('',#7895);
#6534=PLANE('',#7896);
#6535=PLANE('',#7897);
#6536=PLANE('',#7898);
#6537=PLANE('',#7899);
#6538=PLANE('',#7900);
#6539=PLANE('',#7901);
#6540=PLANE('',#7902);
#6541=PLANE('',#7903);
#6542=PLANE('',#7904);
#6543=PLANE('',#7905);
#6544=PLANE('',#7906);
#6545=PLANE('',#7907);
#6546=PLANE('',#7908);
#6547=PLANE('',#7909);
#6548=PLANE('',#7910);
#6549=PLANE('',#7911);
#6550=PLANE('',#7912);
#6551=PLANE('',#7913);
#6552=PLANE('',#7914);
#6553=PLANE('',#7915);
#6554=PLANE('',#7916);
#6555=PLANE('',#7917);
#6556=PLANE('',#7918);
#6557=PLANE('',#7919);
#6558=PLANE('',#7920);
#6559=PLANE('',#7921);
#6560=PLANE('',#7922);
#6561=PLANE('',#7923);
#6562=PLANE('',#7924);
#6563=PLANE('',#7925);
#6564=PLANE('',#7926);
#6565=PLANE('',#7927);
#6566=PLANE('',#7928);
#6567=PLANE('',#7929);
#6568=PLANE('',#7930);
#6569=PLANE('',#7931);
#6570=PLANE('',#7932);
#6571=PLANE('',#7933);
#6572=PLANE('',#7934);
#6573=PLANE('',#7935);
#6574=PLANE('',#7936);
#6575=PLANE('',#7937);
#6576=PLANE('',#7938);
#6577=PLANE('',#7939);
#6578=PLANE('',#7940);
#6579=PLANE('',#7941);
#6580=PLANE('',#7942);
#6581=PLANE('',#7943);
#6582=PLANE('',#7944);
#6583=PLANE('',#7945);
#6584=PLANE('',#7946);
#6585=PLANE('',#7947);
#6586=PLANE('',#7948);
#6587=PLANE('',#7949);
#6588=PLANE('',#7950);
#6589=PLANE('',#7951);
#6590=PLANE('',#7952);
#6591=PLANE('',#7953);
#6592=PLANE('',#7954);
#6593=PLANE('',#7955);
#6594=PLANE('',#7956);
#6595=PLANE('',#7957);
#6596=PLANE('',#7958);
#6597=PLANE('',#7959);
#6598=PLANE('',#7960);
#6599=PLANE('',#7961);
#6600=PLANE('',#7962);
#6601=PLANE('',#7963);
#6602=PLANE('',#7964);
#6603=PLANE('',#7965);
#6604=PLANE('',#7966);
#6605=PLANE('',#7967);
#6606=PLANE('',#7968);
#6607=PLANE('',#7969);
#6608=PLANE('',#7970);
#6609=PLANE('',#7971);
#6610=PLANE('',#7972);
#6611=PLANE('',#7973);
#6612=PLANE('',#7974);
#6613=PLANE('',#7975);
#6614=PLANE('',#7976);
#6615=PLANE('',#7977);
#6616=PLANE('',#7978);
#6617=PLANE('',#7979);
#6618=PLANE('',#7980);
#6619=PLANE('',#7981);
#6620=PLANE('',#7982);
#6621=PLANE('',#7983);
#6622=PLANE('',#7984);
#6623=PLANE('',#7985);
#6624=PLANE('',#7986);
#6625=PLANE('',#7987);
#6626=PLANE('',#7988);
#6627=PLANE('',#7989);
#6628=PLANE('',#7990);
#6629=PLANE('',#7991);
#6630=PLANE('',#7992);
#6631=PLANE('',#7993);
#6632=PLANE('',#7994);
#6633=PLANE('',#7995);
#6634=PLANE('',#7996);
#6635=PLANE('',#7997);
#6636=PLANE('',#7998);
#6637=PLANE('',#7999);
#6638=PLANE('',#8000);
#6639=PLANE('',#8001);
#6640=PLANE('',#8002);
#6641=PLANE('',#8003);
#6642=PLANE('',#8004);
#6643=PLANE('',#8005);
#6644=PLANE('',#8006);
#6645=PLANE('',#8007);
#6646=PLANE('',#8008);
#6647=PLANE('',#8009);
#6648=PLANE('',#8010);
#6649=PLANE('',#8011);
#6650=PLANE('',#8012);
#6651=PLANE('',#8013);
#6652=PLANE('',#8014);
#6653=PLANE('',#8015);
#6654=PLANE('',#8016);
#6655=PLANE('',#8017);
#6656=PLANE('',#8018);
#6657=PLANE('',#8019);
#6658=PLANE('',#8020);
#6659=PLANE('',#8021);
#6660=PLANE('',#8022);
#6661=PLANE('',#8023);
#6662=PLANE('',#8024);
#6663=PLANE('',#8025);
#6664=PLANE('',#8026);
#6665=PLANE('',#8027);
#6666=PLANE('',#8028);
#6667=PLANE('',#8029);
#6668=PLANE('',#8030);
#6669=PLANE('',#8031);
#6670=PLANE('',#8032);
#6671=PLANE('',#8033);
#6672=PLANE('',#8034);
#6673=PLANE('',#8035);
#6674=PLANE('',#8036);
#6675=PLANE('',#8037);
#6676=PLANE('',#8038);
#6677=PLANE('',#8039);
#6678=PLANE('',#8040);
#6679=PLANE('',#8041);
#6680=PLANE('',#8042);
#6681=PLANE('',#8043);
#6682=PLANE('',#8044);
#6683=PLANE('',#8045);
#6684=PLANE('',#8046);
#6685=PLANE('',#8047);
#6686=PLANE('',#8048);
#6687=PLANE('',#8049);
#6688=PLANE('',#8050);
#6689=PLANE('',#8051);
#6690=PLANE('',#8052);
#6691=PLANE('',#8053);
#6692=PLANE('',#8054);
#6693=PLANE('',#8055);
#6694=PLANE('',#8056);
#6695=PLANE('',#8057);
#6696=PLANE('',#8058);
#6697=PLANE('',#8059);
#6698=PLANE('',#8060);
#6699=PLANE('',#8061);
#6700=PLANE('',#8062);
#6701=PLANE('',#8063);
#6702=PLANE('',#8064);
#6703=PLANE('',#8065);
#6704=PLANE('',#8066);
#6705=PLANE('',#8067);
#6706=PLANE('',#8068);
#6707=PLANE('',#8069);
#6708=PLANE('',#8070);
#6709=PLANE('',#8071);
#6710=PLANE('',#8072);
#6711=PLANE('',#8073);
#6712=PLANE('',#8074);
#6713=PLANE('',#8075);
#6714=PLANE('',#8076);
#6715=PLANE('',#8077);
#6716=PLANE('',#8078);
#6717=PLANE('',#8079);
#6718=PLANE('',#8080);
#6719=PLANE('',#8081);
#6720=PLANE('',#8082);
#6721=PLANE('',#8083);
#6722=PLANE('',#8084);
#6723=PLANE('',#8085);
#6724=PLANE('',#8086);
#6725=PLANE('',#8087);
#6726=PLANE('',#8088);
#6727=PLANE('',#8089);
#6728=PLANE('',#8090);
#6729=PLANE('',#8091);
#6730=PLANE('',#8092);
#6731=PLANE('',#8093);
#6732=PLANE('',#8094);
#6733=PLANE('',#8095);
#6734=PLANE('',#8096);
#6735=PLANE('',#8097);
#6736=PLANE('',#8098);
#6737=PLANE('',#8099);
#6738=PLANE('',#8100);
#6739=PLANE('',#8101);
#6740=PLANE('',#8102);
#6741=PLANE('',#8103);
#6742=PLANE('',#8104);
#6743=PLANE('',#8105);
#6744=PLANE('',#8106);
#6745=PLANE('',#8107);
#6746=PLANE('',#8108);
#6747=PLANE('',#8109);
#6748=PLANE('',#8110);
#6749=PLANE('',#8111);
#6750=PLANE('',#8112);
#6751=PLANE('',#8113);
#6752=PLANE('',#8114);
#6753=PLANE('',#8115);
#6754=PLANE('',#8116);
#6755=PLANE('',#8117);
#6756=PLANE('',#8118);
#6757=PLANE('',#8119);
#6758=PLANE('',#8120);
#6759=PLANE('',#8121);
#6760=PLANE('',#8122);
#6761=PLANE('',#8123);
#6762=PLANE('',#8124);
#6763=PLANE('',#8125);
#6764=PLANE('',#8126);
#6765=PLANE('',#8127);
#6766=PLANE('',#8128);
#6767=PLANE('',#8129);
#6768=PLANE('',#8130);
#6769=PLANE('',#8131);
#6770=PLANE('',#8132);
#6771=PLANE('',#8133);
#6772=PLANE('',#8134);
#6773=PLANE('',#8135);
#6774=PLANE('',#8136);
#6775=PLANE('',#8137);
#6776=PLANE('',#8138);
#6777=PLANE('',#8139);
#6778=PLANE('',#8140);
#6779=PLANE('',#8141);
#6780=PLANE('',#8142);
#6781=PLANE('',#8143);
#6782=PLANE('',#8144);
#6783=PLANE('',#8145);
#6784=PLANE('',#8146);
#6785=PLANE('',#8147);
#6786=PLANE('',#8148);
#6787=PLANE('',#8149);
#6788=PLANE('',#8150);
#6789=PLANE('',#8151);
#6790=PLANE('',#8152);
#6791=PLANE('',#8153);
#6792=PLANE('',#8154);
#6793=PLANE('',#8155);
#6794=PLANE('',#8156);
#6795=PLANE('',#8157);
#6796=PLANE('',#8158);
#6797=PLANE('',#8159);
#6798=PLANE('',#8160);
#6799=PLANE('',#8161);
#6800=PLANE('',#8162);
#6801=PLANE('',#8163);
#6802=PLANE('',#8164);
#6803=PLANE('',#8165);
#6804=PLANE('',#8166);
#6805=PLANE('',#8167);
#6806=PLANE('',#8168);
#6807=PLANE('',#8169);
#6808=PLANE('',#8170);
#6809=PLANE('',#8171);
#6810=PLANE('',#8172);
#6811=PLANE('',#8173);
#6812=PLANE('',#8174);
#6813=PLANE('',#8175);
#6814=PLANE('',#8176);
#6815=PLANE('',#8177);
#6816=PLANE('',#8178);
#6817=PLANE('',#8179);
#6818=PLANE('',#8180);
#6819=PLANE('',#8181);
#6820=PLANE('',#8182);
#6821=PLANE('',#8183);
#6822=PLANE('',#8184);
#6823=PLANE('',#8185);
#6824=PLANE('',#8186);
#6825=PLANE('',#8187);
#6826=PLANE('',#8188);
#6827=PLANE('',#8189);
#6828=PLANE('',#8190);
#6829=PLANE('',#8191);
#6830=PLANE('',#8192);
#6831=PLANE('',#8193);
#6832=PLANE('',#8194);
#6833=PLANE('',#8195);
#6834=PLANE('',#8196);
#6835=PLANE('',#8197);
#6836=PLANE('',#8198);
#6837=PLANE('',#8199);
#6838=PLANE('',#8200);
#6839=PLANE('',#8201);
#6840=PLANE('',#8202);
#6841=PLANE('',#8203);
#6842=PLANE('',#8204);
#6843=PLANE('',#8205);
#6844=PLANE('',#8206);
#6845=PLANE('',#8207);
#6846=PLANE('',#8208);
#6847=PLANE('',#8209);
#6848=PLANE('',#8210);
#6849=PLANE('',#8211);
#6850=PLANE('',#8212);
#6851=PLANE('',#8213);
#6852=PLANE('',#8214);
#6853=PLANE('',#8215);
#6854=PLANE('',#8216);
#6855=PLANE('',#8217);
#6856=PLANE('',#8218);
#6857=PLANE('',#8219);
#6858=PLANE('',#8220);
#6859=PLANE('',#8221);
#6860=PLANE('',#8222);
#6861=PLANE('',#8223);
#6862=PLANE('',#8224);
#6863=PLANE('',#8225);
#6864=PLANE('',#8226);
#6865=PLANE('',#8227);
#6866=PLANE('',#8228);
#6867=PLANE('',#8229);
#6868=PLANE('',#8230);
#6869=PLANE('',#8231);
#6870=PLANE('',#8232);
#6871=PLANE('',#8233);
#6872=PLANE('',#8234);
#6873=PLANE('',#8235);
#6874=PLANE('',#8236);
#6875=PLANE('',#8237);
#6876=PLANE('',#8238);
#6877=PLANE('',#8239);
#6878=PLANE('',#8240);
#6879=PLANE('',#8241);
#6880=PLANE('',#8242);
#6881=PLANE('',#8243);
#6882=PLANE('',#8244);
#6883=PLANE('',#8245);
#6884=PLANE('',#8246);
#6885=PLANE('',#8247);
#6886=PLANE('',#8248);
#6887=PLANE('',#8249);
#6888=PLANE('',#8250);
#6889=PLANE('',#8251);
#6890=PLANE('',#8252);
#6891=PLANE('',#8253);
#6892=PLANE('',#8254);
#6893=PLANE('',#8255);
#6894=PLANE('',#8256);
#6895=PLANE('',#8257);
#6896=PLANE('',#8258);
#6897=PLANE('',#8259);
#6898=PLANE('',#8260);
#6899=PLANE('',#8261);
#6900=PLANE('',#8262);
#6901=PLANE('',#8263);
#6902=PLANE('',#8264);
#6903=PLANE('',#8265);
#6904=PLANE('',#8266);
#6905=PLANE('',#8267);
#6906=PLANE('',#8268);
#6907=PLANE('',#8269);
#6908=PLANE('',#8270);
#6909=PLANE('',#8271);
#6910=PLANE('',#8272);
#6911=PLANE('',#8273);
#6912=PLANE('',#8274);
#6913=PLANE('',#8275);
#6914=PLANE('',#8276);
#6915=PLANE('',#8277);
#6916=PLANE('',#8278);
#6917=PLANE('',#8279);
#6918=PLANE('',#8280);
#6919=PLANE('',#8281);
#6920=PLANE('',#8282);
#6921=PLANE('',#8283);
#6922=PLANE('',#8284);
#6923=PLANE('',#8285);
#6924=PLANE('',#8286);
#6925=PLANE('',#8287);
#6926=PLANE('',#8288);
#6927=PLANE('',#8289);
#6928=PLANE('',#8290);
#6929=PLANE('',#8291);
#6930=PLANE('',#8292);
#6931=PLANE('',#8293);
#6932=PLANE('',#8294);
#6933=PLANE('',#8295);
#6934=PLANE('',#8296);
#6935=PLANE('',#8297);
#6936=PLANE('',#8298);
#6937=PLANE('',#8299);
#6938=PLANE('',#8300);
#6939=PLANE('',#8301);
#6940=PLANE('',#8302);
#6941=PLANE('',#8303);
#6942=PLANE('',#8304);
#6943=PLANE('',#8305);
#6944=PLANE('',#8306);
#6945=PLANE('',#8307);
#6946=PLANE('',#8308);
#6947=PLANE('',#8309);
#6948=PLANE('',#8310);
#6949=PLANE('',#8311);
#6950=PLANE('',#8312);
#6951=PLANE('',#8313);
#6952=PLANE('',#8314);
#6953=PLANE('',#8315);
#6954=PLANE('',#8316);
#6955=PLANE('',#8317);
#6956=PLANE('',#8318);
#6957=PLANE('',#8319);
#6958=PLANE('',#8320);
#6959=PLANE('',#8321);
#6960=PLANE('',#8322);
#6961=PLANE('',#8323);
#6962=PLANE('',#8324);
#6963=PLANE('',#8325);
#6964=PLANE('',#8326);
#6965=PLANE('',#8327);
#6966=PLANE('',#8328);
#6967=PLANE('',#8329);
#6968=PLANE('',#8330);
#6969=PLANE('',#8331);
#6970=PLANE('',#8332);
#6971=PLANE('',#8333);
#6972=PLANE('',#8334);
#6973=PLANE('',#8335);
#6974=PLANE('',#8336);
#6975=PLANE('',#8337);
#6976=PLANE('',#8338);
#6977=PLANE('',#8339);
#6978=PLANE('',#8340);
#6979=PLANE('',#8341);
#6980=PLANE('',#8342);
#6981=PLANE('',#8343);
#6982=PLANE('',#8344);
#6983=PLANE('',#8345);
#6984=PLANE('',#8346);
#6985=PLANE('',#8347);
#6986=PLANE('',#8348);
#6987=PLANE('',#8349);
#6988=PLANE('',#8350);
#6989=PLANE('',#8351);
#6990=PLANE('',#8352);
#6991=PLANE('',#8353);
#6992=PLANE('',#8354);
#6993=PLANE('',#8355);
#6994=PLANE('',#8356);
#6995=PLANE('',#8357);
#6996=PLANE('',#8358);
#6997=PLANE('',#8359);
#6998=PLANE('',#8360);
#6999=PLANE('',#8361);
#7000=PLANE('',#8362);
#7001=PLANE('',#8363);
#7002=PLANE('',#8364);
#7003=PLANE('',#8365);
#7004=PLANE('',#8366);
#7005=PLANE('',#8367);
#7006=PLANE('',#8368);
#7007=PLANE('',#8369);
#7008=PLANE('',#8370);
#7009=PLANE('',#8371);
#7010=PLANE('',#8372);
#7011=PLANE('',#8373);
#7012=PLANE('',#8374);
#7013=PLANE('',#8375);
#7014=PLANE('',#8376);
#7015=PLANE('',#8377);
#7016=PLANE('',#8378);
#7017=PLANE('',#8379);
#7018=PLANE('',#8380);
#7019=PLANE('',#8381);
#7020=PLANE('',#8382);
#7021=PLANE('',#8383);
#7022=PLANE('',#8384);
#7023=PLANE('',#8385);
#7024=PLANE('',#8386);
#7025=PLANE('',#8387);
#7026=PLANE('',#8388);
#7027=PLANE('',#8389);
#7028=PLANE('',#8390);
#7029=PLANE('',#8391);
#7030=PLANE('',#8392);
#7031=PLANE('',#8393);
#7032=PLANE('',#8394);
#7033=PLANE('',#8395);
#7034=PLANE('',#8396);
#7035=PLANE('',#8397);
#7036=PLANE('',#8398);
#7037=PLANE('',#8399);
#7038=PLANE('',#8400);
#7039=PLANE('',#8401);
#7040=PLANE('',#8402);
#7041=PLANE('',#8403);
#7042=PLANE('',#8404);
#7043=PLANE('',#8405);
#7044=PLANE('',#8406);
#7045=PLANE('',#8407);
#7046=PLANE('',#8408);
#7047=PLANE('',#8409);
#7048=PLANE('',#8410);
#7049=PLANE('',#8411);
#7050=PLANE('',#8412);
#7051=PLANE('',#8413);
#7052=PLANE('',#8414);
#7053=ADVANCED_FACE('',(#127),#6459,.T.);
#7054=ADVANCED_FACE('',(#128),#6460,.T.);
#7055=ADVANCED_FACE('',(#129),#6461,.T.);
#7056=ADVANCED_FACE('',(#130),#6462,.T.);
#7057=ADVANCED_FACE('',(#131),#6463,.T.);
#7058=ADVANCED_FACE('',(#132),#6464,.F.);
#7059=ADVANCED_FACE('',(#133),#6465,.T.);
#7060=ADVANCED_FACE('',(#134),#6466,.T.);
#7061=ADVANCED_FACE('',(#135),#6467,.T.);
#7062=ADVANCED_FACE('',(#136),#6468,.T.);
#7063=ADVANCED_FACE('',(#137),#6469,.T.);
#7064=ADVANCED_FACE('',(#138),#6470,.T.);
#7065=ADVANCED_FACE('',(#139),#6471,.T.);
#7066=ADVANCED_FACE('',(#140),#6472,.F.);
#7067=ADVANCED_FACE('',(#141),#6473,.T.);
#7068=ADVANCED_FACE('',(#142),#6474,.F.);
#7069=ADVANCED_FACE('',(#143),#6475,.F.);
#7070=ADVANCED_FACE('',(#144),#6476,.F.);
#7071=ADVANCED_FACE('',(#145),#6477,.F.);
#7072=ADVANCED_FACE('',(#146),#6478,.F.);
#7073=ADVANCED_FACE('',(#147),#6479,.T.);
#7074=ADVANCED_FACE('',(#148),#6480,.T.);
#7075=ADVANCED_FACE('',(#149),#6481,.F.);
#7076=ADVANCED_FACE('',(#150),#6482,.F.);
#7077=ADVANCED_FACE('',(#151),#6483,.F.);
#7078=ADVANCED_FACE('',(#152),#6484,.F.);
#7079=ADVANCED_FACE('',(#153),#6485,.T.);
#7080=ADVANCED_FACE('',(#154),#6486,.T.);
#7081=ADVANCED_FACE('',(#155),#6487,.T.);
#7082=ADVANCED_FACE('',(#156),#6488,.T.);
#7083=ADVANCED_FACE('',(#157),#6489,.T.);
#7084=ADVANCED_FACE('',(#158),#6490,.T.);
#7085=ADVANCED_FACE('',(#159),#6491,.T.);
#7086=ADVANCED_FACE('',(#160),#6492,.T.);
#7087=ADVANCED_FACE('',(#161),#6493,.T.);
#7088=ADVANCED_FACE('',(#162),#6494,.F.);
#7089=ADVANCED_FACE('',(#163),#6495,.T.);
#7090=ADVANCED_FACE('',(#164),#6496,.F.);
#7091=ADVANCED_FACE('',(#165),#6497,.F.);
#7092=ADVANCED_FACE('',(#166),#6498,.F.);
#7093=ADVANCED_FACE('',(#167),#6499,.F.);
#7094=ADVANCED_FACE('',(#168),#6500,.F.);
#7095=ADVANCED_FACE('',(#169),#67,.T.);
#7096=ADVANCED_FACE('',(#170),#6501,.T.);
#7097=ADVANCED_FACE('',(#171),#6502,.T.);
#7098=ADVANCED_FACE('',(#172),#6503,.T.);
#7099=ADVANCED_FACE('',(#173),#6504,.F.);
#7100=ADVANCED_FACE('',(#174),#6505,.F.);
#7101=ADVANCED_FACE('',(#175),#6506,.F.);
#7102=ADVANCED_FACE('',(#176),#6507,.F.);
#7103=ADVANCED_FACE('',(#177),#6508,.F.);
#7104=ADVANCED_FACE('',(#178),#68,.T.);
#7105=ADVANCED_FACE('',(#179),#6509,.T.);
#7106=ADVANCED_FACE('',(#180),#6510,.T.);
#7107=ADVANCED_FACE('',(#181),#6511,.T.);
#7108=ADVANCED_FACE('',(#182),#6512,.F.);
#7109=ADVANCED_FACE('',(#183),#6513,.F.);
#7110=ADVANCED_FACE('',(#184),#6514,.F.);
#7111=ADVANCED_FACE('',(#185),#6515,.F.);
#7112=ADVANCED_FACE('',(#186),#6516,.F.);
#7113=ADVANCED_FACE('',(#187),#69,.T.);
#7114=ADVANCED_FACE('',(#188),#6517,.T.);
#7115=ADVANCED_FACE('',(#189),#6518,.T.);
#7116=ADVANCED_FACE('',(#190),#70,.T.);
#7117=ADVANCED_FACE('',(#191),#6519,.T.);
#7118=ADVANCED_FACE('',(#192),#6520,.T.);
#7119=ADVANCED_FACE('',(#193),#71,.T.);
#7120=ADVANCED_FACE('',(#194),#6521,.T.);
#7121=ADVANCED_FACE('',(#195),#6522,.T.);
#7122=ADVANCED_FACE('',(#196),#72,.T.);
#7123=ADVANCED_FACE('',(#197),#6523,.T.);
#7124=ADVANCED_FACE('',(#198),#6524,.T.);
#7125=ADVANCED_FACE('',(#199),#6525,.F.);
#7126=ADVANCED_FACE('',(#200),#6526,.F.);
#7127=ADVANCED_FACE('',(#201),#6527,.F.);
#7128=ADVANCED_FACE('',(#202),#6528,.F.);
#7129=ADVANCED_FACE('',(#203),#6529,.F.);
#7130=ADVANCED_FACE('',(#204),#6530,.F.);
#7131=ADVANCED_FACE('',(#205),#6531,.F.);
#7132=ADVANCED_FACE('',(#206),#6532,.F.);
#7133=ADVANCED_FACE('',(#207),#6533,.F.);
#7134=ADVANCED_FACE('',(#208),#6534,.F.);
#7135=ADVANCED_FACE('',(#209),#6535,.F.);
#7136=ADVANCED_FACE('',(#210),#6536,.T.);
#7137=ADVANCED_FACE('',(#211),#6537,.T.);
#7138=ADVANCED_FACE('',(#212),#6538,.T.);
#7139=ADVANCED_FACE('',(#213),#6539,.T.);
#7140=ADVANCED_FACE('',(#214),#6540,.T.);
#7141=ADVANCED_FACE('',(#215),#6541,.T.);
#7142=ADVANCED_FACE('',(#216),#6542,.T.);
#7143=ADVANCED_FACE('',(#217),#6543,.T.);
#7144=ADVANCED_FACE('',(#218),#6544,.T.);
#7145=ADVANCED_FACE('',(#219),#6545,.T.);
#7146=ADVANCED_FACE('',(#220),#6546,.T.);
#7147=ADVANCED_FACE('',(#221),#6547,.T.);
#7148=ADVANCED_FACE('',(#222),#6548,.T.);
#7149=ADVANCED_FACE('',(#223),#6549,.T.);
#7150=ADVANCED_FACE('',(#224),#6550,.T.);
#7151=ADVANCED_FACE('',(#225),#6551,.T.);
#7152=ADVANCED_FACE('',(#226),#6552,.T.);
#7153=ADVANCED_FACE('',(#227),#6553,.T.);
#7154=ADVANCED_FACE('',(#228),#6554,.T.);
#7155=ADVANCED_FACE('',(#229),#6555,.T.);
#7156=ADVANCED_FACE('',(#230),#6556,.T.);
#7157=ADVANCED_FACE('',(#231),#6557,.T.);
#7158=ADVANCED_FACE('',(#232),#6558,.T.);
#7159=ADVANCED_FACE('',(#233),#6559,.T.);
#7160=ADVANCED_FACE('',(#234),#6560,.T.);
#7161=ADVANCED_FACE('',(#235),#6561,.T.);
#7162=ADVANCED_FACE('',(#236),#6562,.T.);
#7163=ADVANCED_FACE('',(#237),#6563,.T.);
#7164=ADVANCED_FACE('',(#238),#6564,.T.);
#7165=ADVANCED_FACE('',(#239),#6565,.T.);
#7166=ADVANCED_FACE('',(#240),#6566,.T.);
#7167=ADVANCED_FACE('',(#241),#6567,.T.);
#7168=ADVANCED_FACE('',(#242),#6568,.T.);
#7169=ADVANCED_FACE('',(#243),#6569,.T.);
#7170=ADVANCED_FACE('',(#244),#6570,.T.);
#7171=ADVANCED_FACE('',(#245),#6571,.T.);
#7172=ADVANCED_FACE('',(#246),#6572,.T.);
#7173=ADVANCED_FACE('',(#247),#6573,.T.);
#7174=ADVANCED_FACE('',(#248),#6574,.T.);
#7175=ADVANCED_FACE('',(#249),#6575,.T.);
#7176=ADVANCED_FACE('',(#250),#6576,.T.);
#7177=ADVANCED_FACE('',(#251),#6577,.T.);
#7178=ADVANCED_FACE('',(#252),#6578,.T.);
#7179=ADVANCED_FACE('',(#253),#6579,.T.);
#7180=ADVANCED_FACE('',(#254),#6580,.T.);
#7181=ADVANCED_FACE('',(#255),#6581,.T.);
#7182=ADVANCED_FACE('',(#256),#6582,.T.);
#7183=ADVANCED_FACE('',(#257),#6583,.T.);
#7184=ADVANCED_FACE('',(#258),#6584,.T.);
#7185=ADVANCED_FACE('',(#259),#6585,.T.);
#7186=ADVANCED_FACE('',(#260),#6586,.T.);
#7187=ADVANCED_FACE('',(#261),#6587,.T.);
#7188=ADVANCED_FACE('',(#262),#6588,.T.);
#7189=ADVANCED_FACE('',(#263),#6589,.T.);
#7190=ADVANCED_FACE('',(#264),#6590,.T.);
#7191=ADVANCED_FACE('',(#265),#6591,.T.);
#7192=ADVANCED_FACE('',(#266),#6592,.T.);
#7193=ADVANCED_FACE('',(#267),#6593,.T.);
#7194=ADVANCED_FACE('',(#268),#6594,.T.);
#7195=ADVANCED_FACE('',(#269),#6595,.T.);
#7196=ADVANCED_FACE('',(#270),#6596,.T.);
#7197=ADVANCED_FACE('',(#271),#6597,.T.);
#7198=ADVANCED_FACE('',(#272),#6598,.T.);
#7199=ADVANCED_FACE('',(#273),#6599,.T.);
#7200=ADVANCED_FACE('',(#274),#6600,.T.);
#7201=ADVANCED_FACE('',(#275),#6601,.T.);
#7202=ADVANCED_FACE('',(#276),#6602,.T.);
#7203=ADVANCED_FACE('',(#277),#6603,.T.);
#7204=ADVANCED_FACE('',(#278),#6604,.T.);
#7205=ADVANCED_FACE('',(#279),#6605,.T.);
#7206=ADVANCED_FACE('',(#280),#6606,.T.);
#7207=ADVANCED_FACE('',(#281),#6607,.T.);
#7208=ADVANCED_FACE('',(#282),#6608,.T.);
#7209=ADVANCED_FACE('',(#283),#6609,.T.);
#7210=ADVANCED_FACE('',(#284),#6610,.T.);
#7211=ADVANCED_FACE('',(#285),#6611,.T.);
#7212=ADVANCED_FACE('',(#286),#6612,.T.);
#7213=ADVANCED_FACE('',(#287),#6613,.T.);
#7214=ADVANCED_FACE('',(#288),#6614,.T.);
#7215=ADVANCED_FACE('',(#289),#6615,.T.);
#7216=ADVANCED_FACE('',(#290),#6616,.T.);
#7217=ADVANCED_FACE('',(#291),#6617,.T.);
#7218=ADVANCED_FACE('',(#292),#6618,.T.);
#7219=ADVANCED_FACE('',(#293),#6619,.T.);
#7220=ADVANCED_FACE('',(#294),#6620,.T.);
#7221=ADVANCED_FACE('',(#295),#6621,.T.);
#7222=ADVANCED_FACE('',(#296),#6622,.T.);
#7223=ADVANCED_FACE('',(#297),#6623,.T.);
#7224=ADVANCED_FACE('',(#298),#6624,.T.);
#7225=ADVANCED_FACE('',(#299),#6625,.T.);
#7226=ADVANCED_FACE('',(#300),#6626,.T.);
#7227=ADVANCED_FACE('',(#301),#6627,.T.);
#7228=ADVANCED_FACE('',(#302),#6628,.T.);
#7229=ADVANCED_FACE('',(#303),#6629,.T.);
#7230=ADVANCED_FACE('',(#304),#6630,.T.);
#7231=ADVANCED_FACE('',(#305),#6631,.T.);
#7232=ADVANCED_FACE('',(#306),#6632,.T.);
#7233=ADVANCED_FACE('',(#307),#6633,.T.);
#7234=ADVANCED_FACE('',(#308),#6634,.T.);
#7235=ADVANCED_FACE('',(#309),#6635,.T.);
#7236=ADVANCED_FACE('',(#310),#6636,.T.);
#7237=ADVANCED_FACE('',(#311),#6637,.T.);
#7238=ADVANCED_FACE('',(#312),#6638,.T.);
#7239=ADVANCED_FACE('',(#313),#6639,.T.);
#7240=ADVANCED_FACE('',(#314),#6640,.T.);
#7241=ADVANCED_FACE('',(#315),#6641,.T.);
#7242=ADVANCED_FACE('',(#316),#6642,.T.);
#7243=ADVANCED_FACE('',(#317),#6643,.T.);
#7244=ADVANCED_FACE('',(#318),#6644,.T.);
#7245=ADVANCED_FACE('',(#319),#6645,.T.);
#7246=ADVANCED_FACE('',(#320),#6646,.T.);
#7247=ADVANCED_FACE('',(#321),#6647,.T.);
#7248=ADVANCED_FACE('',(#322),#6648,.T.);
#7249=ADVANCED_FACE('',(#323),#6649,.T.);
#7250=ADVANCED_FACE('',(#324),#6650,.T.);
#7251=ADVANCED_FACE('',(#325),#6651,.T.);
#7252=ADVANCED_FACE('',(#326),#6652,.T.);
#7253=ADVANCED_FACE('',(#327),#6653,.T.);
#7254=ADVANCED_FACE('',(#328),#6654,.T.);
#7255=ADVANCED_FACE('',(#329),#6655,.T.);
#7256=ADVANCED_FACE('',(#330),#6656,.T.);
#7257=ADVANCED_FACE('',(#331),#6657,.T.);
#7258=ADVANCED_FACE('',(#332),#6658,.T.);
#7259=ADVANCED_FACE('',(#333),#6659,.T.);
#7260=ADVANCED_FACE('',(#334),#6660,.T.);
#7261=ADVANCED_FACE('',(#335),#6661,.T.);
#7262=ADVANCED_FACE('',(#336),#6662,.T.);
#7263=ADVANCED_FACE('',(#337),#6663,.T.);
#7264=ADVANCED_FACE('',(#338),#6664,.T.);
#7265=ADVANCED_FACE('',(#339),#6665,.T.);
#7266=ADVANCED_FACE('',(#340),#6666,.T.);
#7267=ADVANCED_FACE('',(#341),#6667,.T.);
#7268=ADVANCED_FACE('',(#342),#6668,.T.);
#7269=ADVANCED_FACE('',(#343),#6669,.T.);
#7270=ADVANCED_FACE('',(#344),#6670,.T.);
#7271=ADVANCED_FACE('',(#345),#6671,.T.);
#7272=ADVANCED_FACE('',(#346),#6672,.T.);
#7273=ADVANCED_FACE('',(#347),#6673,.T.);
#7274=ADVANCED_FACE('',(#348),#6674,.T.);
#7275=ADVANCED_FACE('',(#349),#6675,.T.);
#7276=ADVANCED_FACE('',(#350),#6676,.T.);
#7277=ADVANCED_FACE('',(#351),#6677,.T.);
#7278=ADVANCED_FACE('',(#352),#6678,.T.);
#7279=ADVANCED_FACE('',(#353),#6679,.T.);
#7280=ADVANCED_FACE('',(#354),#6680,.T.);
#7281=ADVANCED_FACE('',(#355),#6681,.T.);
#7282=ADVANCED_FACE('',(#356),#6682,.T.);
#7283=ADVANCED_FACE('',(#357),#6683,.T.);
#7284=ADVANCED_FACE('',(#358),#6684,.T.);
#7285=ADVANCED_FACE('',(#359),#6685,.T.);
#7286=ADVANCED_FACE('',(#360),#6686,.T.);
#7287=ADVANCED_FACE('',(#361),#6687,.T.);
#7288=ADVANCED_FACE('',(#362),#6688,.T.);
#7289=ADVANCED_FACE('',(#363),#6689,.T.);
#7290=ADVANCED_FACE('',(#364),#6690,.T.);
#7291=ADVANCED_FACE('',(#365),#6691,.T.);
#7292=ADVANCED_FACE('',(#366),#6692,.T.);
#7293=ADVANCED_FACE('',(#367),#6693,.T.);
#7294=ADVANCED_FACE('',(#368),#6694,.T.);
#7295=ADVANCED_FACE('',(#369),#6695,.T.);
#7296=ADVANCED_FACE('',(#370),#6696,.T.);
#7297=ADVANCED_FACE('',(#371),#6697,.T.);
#7298=ADVANCED_FACE('',(#372),#6698,.T.);
#7299=ADVANCED_FACE('',(#373),#6699,.T.);
#7300=ADVANCED_FACE('',(#374),#6700,.T.);
#7301=ADVANCED_FACE('',(#375),#6701,.T.);
#7302=ADVANCED_FACE('',(#376),#6702,.T.);
#7303=ADVANCED_FACE('',(#377),#6703,.T.);
#7304=ADVANCED_FACE('',(#378),#6704,.T.);
#7305=ADVANCED_FACE('',(#379),#6705,.T.);
#7306=ADVANCED_FACE('',(#380),#6706,.T.);
#7307=ADVANCED_FACE('',(#381),#6707,.T.);
#7308=ADVANCED_FACE('',(#382),#6708,.T.);
#7309=ADVANCED_FACE('',(#383),#6709,.T.);
#7310=ADVANCED_FACE('',(#384),#6710,.T.);
#7311=ADVANCED_FACE('',(#385),#6711,.T.);
#7312=ADVANCED_FACE('',(#386),#6712,.T.);
#7313=ADVANCED_FACE('',(#387),#6713,.T.);
#7314=ADVANCED_FACE('',(#388),#6714,.T.);
#7315=ADVANCED_FACE('',(#389),#6715,.T.);
#7316=ADVANCED_FACE('',(#390),#6716,.T.);
#7317=ADVANCED_FACE('',(#391),#6717,.T.);
#7318=ADVANCED_FACE('',(#392),#6718,.T.);
#7319=ADVANCED_FACE('',(#393),#6719,.T.);
#7320=ADVANCED_FACE('',(#394),#6720,.T.);
#7321=ADVANCED_FACE('',(#395),#6721,.T.);
#7322=ADVANCED_FACE('',(#396),#6722,.T.);
#7323=ADVANCED_FACE('',(#397),#6723,.T.);
#7324=ADVANCED_FACE('',(#398),#6724,.T.);
#7325=ADVANCED_FACE('',(#399),#6725,.T.);
#7326=ADVANCED_FACE('',(#400),#6726,.T.);
#7327=ADVANCED_FACE('',(#401),#6727,.T.);
#7328=ADVANCED_FACE('',(#402),#6728,.T.);
#7329=ADVANCED_FACE('',(#403),#6729,.T.);
#7330=ADVANCED_FACE('',(#404),#6730,.T.);
#7331=ADVANCED_FACE('',(#405),#6731,.T.);
#7332=ADVANCED_FACE('',(#406),#6732,.T.);
#7333=ADVANCED_FACE('',(#407),#6733,.T.);
#7334=ADVANCED_FACE('',(#408),#6734,.T.);
#7335=ADVANCED_FACE('',(#409),#6735,.T.);
#7336=ADVANCED_FACE('',(#410),#6736,.T.);
#7337=ADVANCED_FACE('',(#411),#6737,.T.);
#7338=ADVANCED_FACE('',(#412),#6738,.T.);
#7339=ADVANCED_FACE('',(#413),#6739,.T.);
#7340=ADVANCED_FACE('',(#414),#6740,.T.);
#7341=ADVANCED_FACE('',(#415),#6741,.T.);
#7342=ADVANCED_FACE('',(#416),#6742,.T.);
#7343=ADVANCED_FACE('',(#417),#6743,.T.);
#7344=ADVANCED_FACE('',(#418),#6744,.T.);
#7345=ADVANCED_FACE('',(#419),#6745,.T.);
#7346=ADVANCED_FACE('',(#420),#6746,.T.);
#7347=ADVANCED_FACE('',(#421),#6747,.T.);
#7348=ADVANCED_FACE('',(#422),#6748,.T.);
#7349=ADVANCED_FACE('',(#423),#6749,.T.);
#7350=ADVANCED_FACE('',(#424),#6750,.T.);
#7351=ADVANCED_FACE('',(#425),#6751,.T.);
#7352=ADVANCED_FACE('',(#426),#6752,.T.);
#7353=ADVANCED_FACE('',(#427),#6753,.T.);
#7354=ADVANCED_FACE('',(#428),#6754,.T.);
#7355=ADVANCED_FACE('',(#429),#6755,.T.);
#7356=ADVANCED_FACE('',(#430),#6756,.T.);
#7357=ADVANCED_FACE('',(#431),#6757,.T.);
#7358=ADVANCED_FACE('',(#432),#6758,.T.);
#7359=ADVANCED_FACE('',(#433),#6759,.T.);
#7360=ADVANCED_FACE('',(#434),#6760,.T.);
#7361=ADVANCED_FACE('',(#435),#6761,.T.);
#7362=ADVANCED_FACE('',(#436),#6762,.T.);
#7363=ADVANCED_FACE('',(#437),#6763,.T.);
#7364=ADVANCED_FACE('',(#438),#6764,.T.);
#7365=ADVANCED_FACE('',(#439),#6765,.T.);
#7366=ADVANCED_FACE('',(#440),#6766,.T.);
#7367=ADVANCED_FACE('',(#441),#6767,.T.);
#7368=ADVANCED_FACE('',(#442),#6768,.T.);
#7369=ADVANCED_FACE('',(#443),#6769,.T.);
#7370=ADVANCED_FACE('',(#444),#6770,.T.);
#7371=ADVANCED_FACE('',(#445),#6771,.T.);
#7372=ADVANCED_FACE('',(#446),#6772,.T.);
#7373=ADVANCED_FACE('',(#447),#6773,.T.);
#7374=ADVANCED_FACE('',(#448),#6774,.T.);
#7375=ADVANCED_FACE('',(#449),#6775,.T.);
#7376=ADVANCED_FACE('',(#450),#6776,.T.);
#7377=ADVANCED_FACE('',(#451),#6777,.T.);
#7378=ADVANCED_FACE('',(#452),#6778,.T.);
#7379=ADVANCED_FACE('',(#453),#6779,.T.);
#7380=ADVANCED_FACE('',(#454),#6780,.T.);
#7381=ADVANCED_FACE('',(#455),#6781,.T.);
#7382=ADVANCED_FACE('',(#456),#6782,.T.);
#7383=ADVANCED_FACE('',(#457),#6783,.T.);
#7384=ADVANCED_FACE('',(#458),#6784,.T.);
#7385=ADVANCED_FACE('',(#459),#6785,.T.);
#7386=ADVANCED_FACE('',(#460),#6786,.T.);
#7387=ADVANCED_FACE('',(#461),#6787,.T.);
#7388=ADVANCED_FACE('',(#462),#6788,.T.);
#7389=ADVANCED_FACE('',(#463),#6789,.T.);
#7390=ADVANCED_FACE('',(#464),#6790,.T.);
#7391=ADVANCED_FACE('',(#465),#6791,.T.);
#7392=ADVANCED_FACE('',(#466),#6792,.T.);
#7393=ADVANCED_FACE('',(#467),#6793,.T.);
#7394=ADVANCED_FACE('',(#468),#6794,.T.);
#7395=ADVANCED_FACE('',(#469),#6795,.T.);
#7396=ADVANCED_FACE('',(#470),#6796,.T.);
#7397=ADVANCED_FACE('',(#471),#6797,.T.);
#7398=ADVANCED_FACE('',(#472),#6798,.T.);
#7399=ADVANCED_FACE('',(#473),#6799,.T.);
#7400=ADVANCED_FACE('',(#474),#6800,.T.);
#7401=ADVANCED_FACE('',(#475),#6801,.T.);
#7402=ADVANCED_FACE('',(#476),#6802,.T.);
#7403=ADVANCED_FACE('',(#477),#6803,.T.);
#7404=ADVANCED_FACE('',(#478),#6804,.T.);
#7405=ADVANCED_FACE('',(#479),#6805,.T.);
#7406=ADVANCED_FACE('',(#480),#6806,.T.);
#7407=ADVANCED_FACE('',(#481),#6807,.T.);
#7408=ADVANCED_FACE('',(#482),#6808,.T.);
#7409=ADVANCED_FACE('',(#483),#6809,.T.);
#7410=ADVANCED_FACE('',(#484),#6810,.T.);
#7411=ADVANCED_FACE('',(#485),#6811,.T.);
#7412=ADVANCED_FACE('',(#486),#6812,.T.);
#7413=ADVANCED_FACE('',(#487),#6813,.T.);
#7414=ADVANCED_FACE('',(#488),#6814,.T.);
#7415=ADVANCED_FACE('',(#489),#6815,.T.);
#7416=ADVANCED_FACE('',(#490),#6816,.T.);
#7417=ADVANCED_FACE('',(#491),#6817,.T.);
#7418=ADVANCED_FACE('',(#492),#6818,.T.);
#7419=ADVANCED_FACE('',(#493),#6819,.T.);
#7420=ADVANCED_FACE('',(#494),#6820,.T.);
#7421=ADVANCED_FACE('',(#495),#6821,.T.);
#7422=ADVANCED_FACE('',(#496),#6822,.T.);
#7423=ADVANCED_FACE('',(#497),#6823,.T.);
#7424=ADVANCED_FACE('',(#498),#6824,.T.);
#7425=ADVANCED_FACE('',(#499),#6825,.T.);
#7426=ADVANCED_FACE('',(#500),#6826,.T.);
#7427=ADVANCED_FACE('',(#501),#6827,.T.);
#7428=ADVANCED_FACE('',(#502),#6828,.T.);
#7429=ADVANCED_FACE('',(#503),#6829,.T.);
#7430=ADVANCED_FACE('',(#504),#6830,.T.);
#7431=ADVANCED_FACE('',(#505),#6831,.T.);
#7432=ADVANCED_FACE('',(#506),#6832,.T.);
#7433=ADVANCED_FACE('',(#507),#6833,.T.);
#7434=ADVANCED_FACE('',(#508),#6834,.T.);
#7435=ADVANCED_FACE('',(#509),#6835,.T.);
#7436=ADVANCED_FACE('',(#510),#6836,.T.);
#7437=ADVANCED_FACE('',(#511),#6837,.T.);
#7438=ADVANCED_FACE('',(#512),#6838,.T.);
#7439=ADVANCED_FACE('',(#513),#6839,.T.);
#7440=ADVANCED_FACE('',(#514),#6840,.T.);
#7441=ADVANCED_FACE('',(#515),#6841,.T.);
#7442=ADVANCED_FACE('',(#516),#6842,.T.);
#7443=ADVANCED_FACE('',(#517),#6843,.T.);
#7444=ADVANCED_FACE('',(#518),#6844,.T.);
#7445=ADVANCED_FACE('',(#519),#6845,.T.);
#7446=ADVANCED_FACE('',(#520),#6846,.T.);
#7447=ADVANCED_FACE('',(#521),#6847,.T.);
#7448=ADVANCED_FACE('',(#522),#6848,.T.);
#7449=ADVANCED_FACE('',(#523),#6849,.T.);
#7450=ADVANCED_FACE('',(#524),#6850,.T.);
#7451=ADVANCED_FACE('',(#525),#6851,.T.);
#7452=ADVANCED_FACE('',(#526),#6852,.T.);
#7453=ADVANCED_FACE('',(#527),#6853,.T.);
#7454=ADVANCED_FACE('',(#528),#6854,.T.);
#7455=ADVANCED_FACE('',(#529),#6855,.T.);
#7456=ADVANCED_FACE('',(#530),#6856,.T.);
#7457=ADVANCED_FACE('',(#531),#6857,.T.);
#7458=ADVANCED_FACE('',(#532),#6858,.T.);
#7459=ADVANCED_FACE('',(#533),#6859,.T.);
#7460=ADVANCED_FACE('',(#534),#6860,.T.);
#7461=ADVANCED_FACE('',(#535),#6861,.T.);
#7462=ADVANCED_FACE('',(#536),#6862,.T.);
#7463=ADVANCED_FACE('',(#537),#6863,.T.);
#7464=ADVANCED_FACE('',(#538),#6864,.T.);
#7465=ADVANCED_FACE('',(#539),#6865,.T.);
#7466=ADVANCED_FACE('',(#540),#6866,.T.);
#7467=ADVANCED_FACE('',(#541),#6867,.T.);
#7468=ADVANCED_FACE('',(#542),#6868,.T.);
#7469=ADVANCED_FACE('',(#543),#6869,.T.);
#7470=ADVANCED_FACE('',(#544),#6870,.T.);
#7471=ADVANCED_FACE('',(#545),#6871,.T.);
#7472=ADVANCED_FACE('',(#546),#6872,.T.);
#7473=ADVANCED_FACE('',(#547),#6873,.T.);
#7474=ADVANCED_FACE('',(#548),#6874,.T.);
#7475=ADVANCED_FACE('',(#549),#6875,.T.);
#7476=ADVANCED_FACE('',(#550),#6876,.T.);
#7477=ADVANCED_FACE('',(#551),#6877,.T.);
#7478=ADVANCED_FACE('',(#552),#6878,.T.);
#7479=ADVANCED_FACE('',(#553),#6879,.T.);
#7480=ADVANCED_FACE('',(#554),#6880,.T.);
#7481=ADVANCED_FACE('',(#555),#6881,.T.);
#7482=ADVANCED_FACE('',(#556),#6882,.T.);
#7483=ADVANCED_FACE('',(#557),#6883,.T.);
#7484=ADVANCED_FACE('',(#558),#6884,.T.);
#7485=ADVANCED_FACE('',(#559),#6885,.T.);
#7486=ADVANCED_FACE('',(#560),#6886,.T.);
#7487=ADVANCED_FACE('',(#561),#6887,.T.);
#7488=ADVANCED_FACE('',(#562),#6888,.T.);
#7489=ADVANCED_FACE('',(#563),#6889,.T.);
#7490=ADVANCED_FACE('',(#564),#6890,.T.);
#7491=ADVANCED_FACE('',(#565),#6891,.T.);
#7492=ADVANCED_FACE('',(#566),#6892,.T.);
#7493=ADVANCED_FACE('',(#567),#6893,.T.);
#7494=ADVANCED_FACE('',(#568),#6894,.T.);
#7495=ADVANCED_FACE('',(#569),#6895,.T.);
#7496=ADVANCED_FACE('',(#570),#6896,.T.);
#7497=ADVANCED_FACE('',(#571),#6897,.T.);
#7498=ADVANCED_FACE('',(#572),#6898,.T.);
#7499=ADVANCED_FACE('',(#573),#6899,.T.);
#7500=ADVANCED_FACE('',(#574),#6900,.T.);
#7501=ADVANCED_FACE('',(#575),#6901,.T.);
#7502=ADVANCED_FACE('',(#576),#6902,.T.);
#7503=ADVANCED_FACE('',(#577),#6903,.T.);
#7504=ADVANCED_FACE('',(#578),#6904,.T.);
#7505=ADVANCED_FACE('',(#579),#6905,.T.);
#7506=ADVANCED_FACE('',(#580),#6906,.T.);
#7507=ADVANCED_FACE('',(#581),#6907,.T.);
#7508=ADVANCED_FACE('',(#582),#6908,.T.);
#7509=ADVANCED_FACE('',(#583),#6909,.T.);
#7510=ADVANCED_FACE('',(#584),#6910,.T.);
#7511=ADVANCED_FACE('',(#585),#6911,.T.);
#7512=ADVANCED_FACE('',(#586),#6912,.T.);
#7513=ADVANCED_FACE('',(#587),#6913,.T.);
#7514=ADVANCED_FACE('',(#588),#6914,.T.);
#7515=ADVANCED_FACE('',(#589),#6915,.T.);
#7516=ADVANCED_FACE('',(#590),#6916,.T.);
#7517=ADVANCED_FACE('',(#591),#6917,.T.);
#7518=ADVANCED_FACE('',(#592),#6918,.T.);
#7519=ADVANCED_FACE('',(#593),#6919,.T.);
#7520=ADVANCED_FACE('',(#594),#6920,.T.);
#7521=ADVANCED_FACE('',(#595),#6921,.T.);
#7522=ADVANCED_FACE('',(#596),#6922,.T.);
#7523=ADVANCED_FACE('',(#597),#6923,.T.);
#7524=ADVANCED_FACE('',(#598),#6924,.T.);
#7525=ADVANCED_FACE('',(#599),#6925,.T.);
#7526=ADVANCED_FACE('',(#600),#6926,.T.);
#7527=ADVANCED_FACE('',(#601),#6927,.T.);
#7528=ADVANCED_FACE('',(#602),#6928,.T.);
#7529=ADVANCED_FACE('',(#603),#6929,.T.);
#7530=ADVANCED_FACE('',(#604),#6930,.T.);
#7531=ADVANCED_FACE('',(#605),#6931,.T.);
#7532=ADVANCED_FACE('',(#606),#6932,.T.);
#7533=ADVANCED_FACE('',(#607),#6933,.T.);
#7534=ADVANCED_FACE('',(#608),#6934,.T.);
#7535=ADVANCED_FACE('',(#609),#6935,.T.);
#7536=ADVANCED_FACE('',(#610),#6936,.T.);
#7537=ADVANCED_FACE('',(#611),#6937,.T.);
#7538=ADVANCED_FACE('',(#612),#6938,.T.);
#7539=ADVANCED_FACE('',(#613),#6939,.T.);
#7540=ADVANCED_FACE('',(#614),#6940,.T.);
#7541=ADVANCED_FACE('',(#615),#6941,.T.);
#7542=ADVANCED_FACE('',(#616),#6942,.T.);
#7543=ADVANCED_FACE('',(#617),#6943,.T.);
#7544=ADVANCED_FACE('',(#618),#6944,.T.);
#7545=ADVANCED_FACE('',(#619),#6945,.T.);
#7546=ADVANCED_FACE('',(#620),#6946,.T.);
#7547=ADVANCED_FACE('',(#621),#6947,.T.);
#7548=ADVANCED_FACE('',(#622),#6948,.T.);
#7549=ADVANCED_FACE('',(#623),#6949,.T.);
#7550=ADVANCED_FACE('',(#624),#6950,.T.);
#7551=ADVANCED_FACE('',(#625),#6951,.T.);
#7552=ADVANCED_FACE('',(#626),#6952,.T.);
#7553=ADVANCED_FACE('',(#627),#6953,.T.);
#7554=ADVANCED_FACE('',(#628),#6954,.T.);
#7555=ADVANCED_FACE('',(#629),#6955,.T.);
#7556=ADVANCED_FACE('',(#630),#6956,.T.);
#7557=ADVANCED_FACE('',(#631),#6957,.T.);
#7558=ADVANCED_FACE('',(#632),#6958,.T.);
#7559=ADVANCED_FACE('',(#633),#6959,.T.);
#7560=ADVANCED_FACE('',(#634),#6960,.T.);
#7561=ADVANCED_FACE('',(#635),#6961,.T.);
#7562=ADVANCED_FACE('',(#636),#6962,.T.);
#7563=ADVANCED_FACE('',(#637),#6963,.T.);
#7564=ADVANCED_FACE('',(#638),#6964,.T.);
#7565=ADVANCED_FACE('',(#639),#6965,.T.);
#7566=ADVANCED_FACE('',(#640),#6966,.T.);
#7567=ADVANCED_FACE('',(#641),#6967,.T.);
#7568=ADVANCED_FACE('',(#642),#6968,.T.);
#7569=ADVANCED_FACE('',(#643),#6969,.T.);
#7570=ADVANCED_FACE('',(#644),#6970,.T.);
#7571=ADVANCED_FACE('',(#645),#6971,.T.);
#7572=ADVANCED_FACE('',(#646),#6972,.T.);
#7573=ADVANCED_FACE('',(#647),#6973,.T.);
#7574=ADVANCED_FACE('',(#648),#6974,.T.);
#7575=ADVANCED_FACE('',(#649),#6975,.T.);
#7576=ADVANCED_FACE('',(#650),#6976,.T.);
#7577=ADVANCED_FACE('',(#651),#6977,.T.);
#7578=ADVANCED_FACE('',(#652),#6978,.T.);
#7579=ADVANCED_FACE('',(#653),#6979,.T.);
#7580=ADVANCED_FACE('',(#654),#6980,.T.);
#7581=ADVANCED_FACE('',(#655),#6981,.T.);
#7582=ADVANCED_FACE('',(#656),#6982,.T.);
#7583=ADVANCED_FACE('',(#657),#6983,.T.);
#7584=ADVANCED_FACE('',(#658),#6984,.T.);
#7585=ADVANCED_FACE('',(#659),#6985,.T.);
#7586=ADVANCED_FACE('',(#660),#6986,.T.);
#7587=ADVANCED_FACE('',(#661),#6987,.T.);
#7588=ADVANCED_FACE('',(#662),#6988,.T.);
#7589=ADVANCED_FACE('',(#663),#6989,.T.);
#7590=ADVANCED_FACE('',(#664),#6990,.T.);
#7591=ADVANCED_FACE('',(#665),#6991,.T.);
#7592=ADVANCED_FACE('',(#666),#6992,.T.);
#7593=ADVANCED_FACE('',(#667),#6993,.T.);
#7594=ADVANCED_FACE('',(#668),#6994,.T.);
#7595=ADVANCED_FACE('',(#669),#6995,.T.);
#7596=ADVANCED_FACE('',(#670),#6996,.T.);
#7597=ADVANCED_FACE('',(#671),#6997,.T.);
#7598=ADVANCED_FACE('',(#672),#6998,.T.);
#7599=ADVANCED_FACE('',(#673),#6999,.T.);
#7600=ADVANCED_FACE('',(#674),#7000,.T.);
#7601=ADVANCED_FACE('',(#675),#7001,.T.);
#7602=ADVANCED_FACE('',(#676),#7002,.T.);
#7603=ADVANCED_FACE('',(#677),#7003,.T.);
#7604=ADVANCED_FACE('',(#678),#7004,.T.);
#7605=ADVANCED_FACE('',(#679),#7005,.T.);
#7606=ADVANCED_FACE('',(#680),#7006,.T.);
#7607=ADVANCED_FACE('',(#681),#7007,.T.);
#7608=ADVANCED_FACE('',(#682),#7008,.T.);
#7609=ADVANCED_FACE('',(#683),#7009,.T.);
#7610=ADVANCED_FACE('',(#684),#7010,.T.);
#7611=ADVANCED_FACE('',(#685),#7011,.T.);
#7612=ADVANCED_FACE('',(#686),#7012,.T.);
#7613=ADVANCED_FACE('',(#687),#7013,.T.);
#7614=ADVANCED_FACE('',(#688),#7014,.T.);
#7615=ADVANCED_FACE('',(#689),#7015,.T.);
#7616=ADVANCED_FACE('',(#690),#7016,.T.);
#7617=ADVANCED_FACE('',(#691),#7017,.T.);
#7618=ADVANCED_FACE('',(#692),#7018,.T.);
#7619=ADVANCED_FACE('',(#693),#7019,.T.);
#7620=ADVANCED_FACE('',(#694),#7020,.T.);
#7621=ADVANCED_FACE('',(#695),#7021,.T.);
#7622=ADVANCED_FACE('',(#696),#7022,.T.);
#7623=ADVANCED_FACE('',(#697),#7023,.T.);
#7624=ADVANCED_FACE('',(#698),#7024,.T.);
#7625=ADVANCED_FACE('',(#699),#7025,.T.);
#7626=ADVANCED_FACE('',(#700),#7026,.T.);
#7627=ADVANCED_FACE('',(#701),#7027,.T.);
#7628=ADVANCED_FACE('',(#702),#7028,.T.);
#7629=ADVANCED_FACE('',(#703),#7029,.T.);
#7630=ADVANCED_FACE('',(#704),#7030,.T.);
#7631=ADVANCED_FACE('',(#705),#7031,.T.);
#7632=ADVANCED_FACE('',(#706),#7032,.T.);
#7633=ADVANCED_FACE('',(#707),#7033,.T.);
#7634=ADVANCED_FACE('',(#708),#7034,.T.);
#7635=ADVANCED_FACE('',(#709),#7035,.T.);
#7636=ADVANCED_FACE('',(#710),#7036,.T.);
#7637=ADVANCED_FACE('',(#711),#7037,.T.);
#7638=ADVANCED_FACE('',(#712),#7038,.T.);
#7639=ADVANCED_FACE('',(#713),#7039,.T.);
#7640=ADVANCED_FACE('',(#714),#7040,.T.);
#7641=ADVANCED_FACE('',(#715),#7041,.T.);
#7642=ADVANCED_FACE('',(#716),#7042,.T.);
#7643=ADVANCED_FACE('',(#717),#7043,.T.);
#7644=ADVANCED_FACE('',(#718),#7044,.T.);
#7645=ADVANCED_FACE('',(#719),#7045,.T.);
#7646=ADVANCED_FACE('',(#720),#7046,.T.);
#7647=ADVANCED_FACE('',(#721),#7047,.T.);
#7648=ADVANCED_FACE('',(#722),#7048,.T.);
#7649=ADVANCED_FACE('',(#723),#7049,.T.);
#7650=ADVANCED_FACE('',(#724),#7050,.T.);
#7651=ADVANCED_FACE('',(#725),#7051,.T.);
#7652=ADVANCED_FACE('',(#726),#7052,.T.);
#7653=CLOSED_SHELL('',(#7053,#7054,#7055,#7056,#7057,#7058));
#7654=CLOSED_SHELL('',(#7059,#7060,#7061,#7062,#7063,#7064,#7065,#7066));
#7655=CLOSED_SHELL('',(#7067,#7068,#7069,#7070,#7071,#7072));
#7656=CLOSED_SHELL('',(#7073,#7074,#7075,#7076,#7077,#7078));
#7657=CLOSED_SHELL('',(#7079,#7080,#7081,#7082,#7083,#7084,#7085,#7086,
#7087,#7088));
#7658=CLOSED_SHELL('',(#7089,#7090,#7091,#7092,#7093,#7094));
#7659=CLOSED_SHELL('',(#7095,#7096,#7097));
#7660=CLOSED_SHELL('',(#7098,#7099,#7100,#7101,#7102,#7103));
#7661=CLOSED_SHELL('',(#7104,#7105,#7106));
#7662=CLOSED_SHELL('',(#7107,#7108,#7109,#7110,#7111,#7112));
#7663=CLOSED_SHELL('',(#7113,#7114,#7115));
#7664=CLOSED_SHELL('',(#7116,#7117,#7118));
#7665=CLOSED_SHELL('',(#7119,#7120,#7121));
#7666=CLOSED_SHELL('',(#7122,#7123,#7124));
#7667=CLOSED_SHELL('',(#7125,#7126,#7127,#7128,#7129,#7130));
#7668=CLOSED_SHELL('',(#7131,#7132,#7133,#7134,#7135,#7136,#7137,#7138,
#7139,#7140,#7141,#7142,#7143,#7144,#7145,#7146,#7147,#7148,#7149,#7150,
#7151,#7152,#7153,#7154,#7155,#7156,#7157,#7158,#7159,#7160,#7161,#7162,
#7163,#7164,#7165,#7166,#7167,#7168,#7169,#7170,#7171,#7172,#7173,#7174,
#7175,#7176,#7177,#7178,#7179,#7180,#7181,#7182,#7183,#7184,#7185,#7186,
#7187,#7188,#7189,#7190,#7191,#7192,#7193,#7194,#7195,#7196,#7197,#7198,
#7199,#7200,#7201,#7202,#7203,#7204,#7205,#7206,#7207,#7208,#7209,#7210,
#7211,#7212,#7213,#7214,#7215,#7216,#7217,#7218,#7219,#7220,#7221,#7222,
#7223,#7224,#7225,#7226,#7227,#7228,#7229,#7230,#7231,#7232,#7233,#7234,
#7235,#7236,#7237,#7238,#7239,#7240,#7241,#7242,#7243,#7244,#7245,#7246,
#7247,#7248,#7249,#7250,#7251,#7252,#7253,#7254,#7255,#7256,#7257,#7258,
#7259,#7260,#7261,#7262,#7263,#7264,#7265,#7266,#7267,#7268,#7269,#7270,
#7271,#7272,#7273,#7274,#7275,#7276,#7277,#7278,#7279,#7280,#7281,#7282,
#7283,#7284,#7285,#7286,#7287,#7288,#7289,#7290,#7291,#7292,#7293,#7294,
#7295,#7296,#7297,#7298,#7299,#7300,#7301,#7302,#7303,#7304,#7305,#7306,
#7307,#7308,#7309,#7310,#7311,#7312,#7313,#7314,#7315,#7316,#7317,#7318,
#7319,#7320,#7321,#7322,#7323,#7324,#7325,#7326,#7327,#7328,#7329,#7330,
#7331,#7332,#7333,#7334,#7335,#7336,#7337,#7338,#7339,#7340,#7341,#7342,
#7343,#7344,#7345,#7346,#7347,#7348,#7349,#7350,#7351,#7352,#7353,#7354,
#7355,#7356,#7357,#7358,#7359,#7360,#7361,#7362,#7363,#7364,#7365,#7366,
#7367,#7368,#7369,#7370,#7371,#7372,#7373,#7374,#7375,#7376,#7377,#7378,
#7379,#7380,#7381,#7382,#7383,#7384,#7385,#7386,#7387,#7388,#7389,#7390,
#7391,#7392,#7393,#7394,#7395,#7396,#7397,#7398,#7399,#7400,#7401,#7402,
#7403,#7404,#7405,#7406,#7407,#7408,#7409,#7410,#7411,#7412,#7413,#7414,
#7415,#7416,#7417,#7418,#7419,#7420,#7421,#7422,#7423,#7424,#7425,#7426,
#7427,#7428,#7429,#7430,#7431,#7432,#7433,#7434,#7435,#7436,#7437,#7438,
#7439,#7440,#7441,#7442,#7443,#7444,#7445,#7446,#7447,#7448,#7449,#7450,
#7451,#7452,#7453,#7454,#7455,#7456,#7457,#7458,#7459,#7460,#7461,#7462,
#7463,#7464,#7465,#7466,#7467,#7468,#7469,#7470,#7471,#7472,#7473,#7474,
#7475,#7476,#7477,#7478,#7479,#7480,#7481,#7482,#7483,#7484,#7485,#7486,
#7487,#7488,#7489,#7490,#7491,#7492,#7493,#7494,#7495,#7496,#7497,#7498,
#7499,#7500,#7501,#7502,#7503,#7504,#7505,#7506,#7507,#7508,#7509,#7510,
#7511,#7512,#7513,#7514,#7515,#7516,#7517,#7518,#7519,#7520,#7521,#7522,
#7523,#7524,#7525,#7526,#7527,#7528,#7529,#7530,#7531,#7532,#7533,#7534,
#7535,#7536,#7537,#7538,#7539,#7540,#7541,#7542,#7543,#7544,#7545,#7546,
#7547,#7548,#7549,#7550,#7551,#7552,#7553,#7554,#7555,#7556,#7557,#7558,
#7559,#7560,#7561,#7562,#7563,#7564,#7565,#7566,#7567,#7568,#7569,#7570,
#7571,#7572,#7573,#7574,#7575,#7576,#7577,#7578,#7579,#7580,#7581,#7582,
#7583,#7584,#7585,#7586,#7587,#7588,#7589,#7590,#7591,#7592,#7593,#7594,
#7595,#7596,#7597,#7598,#7599,#7600,#7601,#7602,#7603,#7604,#7605,#7606,
#7607,#7608,#7609,#7610,#7611,#7612,#7613,#7614,#7615,#7616,#7617,#7618,
#7619,#7620,#7621,#7622,#7623,#7624,#7625,#7626,#7627,#7628,#7629,#7630,
#7631,#7632,#7633,#7634,#7635,#7636,#7637,#7638,#7639,#7640,#7641,#7642,
#7643,#7644,#7645,#7646,#7647,#7648,#7649,#7650,#7651,#7652));
#7669=DERIVED_UNIT_ELEMENT(#7691,1.);
#7670=DERIVED_UNIT_ELEMENT(#12628,-3.);
#7671=DERIVED_UNIT_ELEMENT(#7691,1.);
#7672=DERIVED_UNIT_ELEMENT(#12628,-3.);
#7673=DERIVED_UNIT_ELEMENT(#7691,1.);
#7674=DERIVED_UNIT_ELEMENT(#12628,-3.);
#7675=DERIVED_UNIT_ELEMENT(#7691,1.);
#7676=DERIVED_UNIT_ELEMENT(#12628,-3.);
#7677=DERIVED_UNIT_ELEMENT(#7691,1.);
#7678=DERIVED_UNIT_ELEMENT(#12628,-3.);
#7679=DERIVED_UNIT_ELEMENT(#7691,1.);
#7680=DERIVED_UNIT_ELEMENT(#12628,-3.);
#7681=DERIVED_UNIT_ELEMENT(#7691,1.);
#7682=DERIVED_UNIT_ELEMENT(#12628,-3.);
#7683=DERIVED_UNIT_ELEMENT(#7691,1.);
#7684=DERIVED_UNIT_ELEMENT(#12628,-3.);
#7685=DERIVED_UNIT_ELEMENT(#7691,1.);
#7686=DERIVED_UNIT_ELEMENT(#12628,-3.);
#7687=DERIVED_UNIT_ELEMENT(#7691,1.);
#7688=DERIVED_UNIT_ELEMENT(#12628,-3.);
#7689=DERIVED_UNIT_ELEMENT(#7691,1.);
#7690=DERIVED_UNIT_ELEMENT(#12628,-3.);
#7691=(
MASS_UNIT()
NAMED_UNIT(*)
SI_UNIT(.KILO.,.GRAM.)
);
#7692=DERIVED_UNIT((#7669,#7670));
#7693=DERIVED_UNIT((#7671,#7672));
#7694=DERIVED_UNIT((#7673,#7674));
#7695=DERIVED_UNIT((#7675,#7676));
#7696=DERIVED_UNIT((#7677,#7678));
#7697=DERIVED_UNIT((#7679,#7680));
#7698=DERIVED_UNIT((#7681,#7682));
#7699=DERIVED_UNIT((#7683,#7684));
#7700=DERIVED_UNIT((#7685,#7686));
#7701=DERIVED_UNIT((#7687,#7688));
#7702=DERIVED_UNIT((#7689,#7690));
#7703=MEASURE_REPRESENTATION_ITEM('density measure',
POSITIVE_RATIO_MEASURE(7850.),#7692);
#7704=MEASURE_REPRESENTATION_ITEM('density measure',
POSITIVE_RATIO_MEASURE(7850.),#7693);
#7705=MEASURE_REPRESENTATION_ITEM('density measure',
POSITIVE_RATIO_MEASURE(7850.),#7694);
#7706=MEASURE_REPRESENTATION_ITEM('density measure',
POSITIVE_RATIO_MEASURE(7850.),#7695);
#7707=MEASURE_REPRESENTATION_ITEM('density measure',
POSITIVE_RATIO_MEASURE(7850.),#7696);
#7708=MEASURE_REPRESENTATION_ITEM('density measure',
POSITIVE_RATIO_MEASURE(7850.),#7697);
#7709=MEASURE_REPRESENTATION_ITEM('density measure',
POSITIVE_RATIO_MEASURE(7850.),#7698);
#7710=MEASURE_REPRESENTATION_ITEM('density measure',
POSITIVE_RATIO_MEASURE(7850.),#7699);
#7711=MEASURE_REPRESENTATION_ITEM('density measure',
POSITIVE_RATIO_MEASURE(7850.),#7700);
#7712=MEASURE_REPRESENTATION_ITEM('density measure',
POSITIVE_RATIO_MEASURE(7850.),#7701);
#7713=MEASURE_REPRESENTATION_ITEM('density measure',
POSITIVE_RATIO_MEASURE(7850.),#7702);
#7714=PROPERTY_DEFINITION_REPRESENTATION(#7769,#7736);
#7715=PROPERTY_DEFINITION_REPRESENTATION(#7770,#7737);
#7716=PROPERTY_DEFINITION_REPRESENTATION(#7771,#7738);
#7717=PROPERTY_DEFINITION_REPRESENTATION(#7772,#7739);
#7718=PROPERTY_DEFINITION_REPRESENTATION(#7773,#7740);
#7719=PROPERTY_DEFINITION_REPRESENTATION(#7774,#7741);
#7720=PROPERTY_DEFINITION_REPRESENTATION(#7775,#7742);
#7721=PROPERTY_DEFINITION_REPRESENTATION(#7776,#7743);
#7722=PROPERTY_DEFINITION_REPRESENTATION(#7777,#7744);
#7723=PROPERTY_DEFINITION_REPRESENTATION(#7778,#7745);
#7724=PROPERTY_DEFINITION_REPRESENTATION(#7779,#7746);
#7725=PROPERTY_DEFINITION_REPRESENTATION(#7780,#7747);
#7726=PROPERTY_DEFINITION_REPRESENTATION(#7781,#7748);
#7727=PROPERTY_DEFINITION_REPRESENTATION(#7782,#7749);
#7728=PROPERTY_DEFINITION_REPRESENTATION(#7783,#7750);
#7729=PROPERTY_DEFINITION_REPRESENTATION(#7784,#7751);
#7730=PROPERTY_DEFINITION_REPRESENTATION(#7785,#7752);
#7731=PROPERTY_DEFINITION_REPRESENTATION(#7786,#7753);
#7732=PROPERTY_DEFINITION_REPRESENTATION(#7787,#7754);
#7733=PROPERTY_DEFINITION_REPRESENTATION(#7788,#7755);
#7734=PROPERTY_DEFINITION_REPRESENTATION(#7789,#7756);
#7735=PROPERTY_DEFINITION_REPRESENTATION(#7790,#7757);
#7736=REPRESENTATION('material name',(#7758),#12615);
#7737=REPRESENTATION('density',(#7703),#12615);
#7738=REPRESENTATION('material name',(#7759),#12616);
#7739=REPRESENTATION('density',(#7704),#12616);
#7740=REPRESENTATION('material name',(#7760),#12617);
#7741=REPRESENTATION('density',(#7705),#12617);
#7742=REPRESENTATION('material name',(#7761),#12618);
#7743=REPRESENTATION('density',(#7706),#12618);
#7744=REPRESENTATION('material name',(#7762),#12619);
#7745=REPRESENTATION('density',(#7707),#12619);
#7746=REPRESENTATION('material name',(#7763),#12620);
#7747=REPRESENTATION('density',(#7708),#12620);
#7748=REPRESENTATION('material name',(#7764),#12621);
#7749=REPRESENTATION('density',(#7709),#12621);
#7750=REPRESENTATION('material name',(#7765),#12622);
#7751=REPRESENTATION('density',(#7710),#12622);
#7752=REPRESENTATION('material name',(#7766),#12623);
#7753=REPRESENTATION('density',(#7711),#12623);
#7754=REPRESENTATION('material name',(#7767),#12624);
#7755=REPRESENTATION('density',(#7712),#12624);
#7756=REPRESENTATION('material name',(#7768),#12625);
#7757=REPRESENTATION('density',(#7713),#12625);
#7758=DESCRIPTIVE_REPRESENTATION_ITEM('Stahl','Stahl');
#7759=DESCRIPTIVE_REPRESENTATION_ITEM('Stahl','Stahl');
#7760=DESCRIPTIVE_REPRESENTATION_ITEM('Stahl','Stahl');
#7761=DESCRIPTIVE_REPRESENTATION_ITEM('Stahl','Stahl');
#7762=DESCRIPTIVE_REPRESENTATION_ITEM('Stahl','Stahl');
#7763=DESCRIPTIVE_REPRESENTATION_ITEM('Stahl','Stahl');
#7764=DESCRIPTIVE_REPRESENTATION_ITEM('Stahl','Stahl');
#7765=DESCRIPTIVE_REPRESENTATION_ITEM('Stahl','Stahl');
#7766=DESCRIPTIVE_REPRESENTATION_ITEM('Stahl','Stahl');
#7767=DESCRIPTIVE_REPRESENTATION_ITEM('Stahl','Stahl');
#7768=DESCRIPTIVE_REPRESENTATION_ITEM('Stahl','Stahl');
#7769=PROPERTY_DEFINITION('material property','material name',#12680);
#7770=PROPERTY_DEFINITION('material property','density of part',#12680);
#7771=PROPERTY_DEFINITION('material property','material name',#12681);
#7772=PROPERTY_DEFINITION('material property','density of part',#12681);
#7773=PROPERTY_DEFINITION('material property','material name',#12682);
#7774=PROPERTY_DEFINITION('material property','density of part',#12682);
#7775=PROPERTY_DEFINITION('material property','material name',#12683);
#7776=PROPERTY_DEFINITION('material property','density of part',#12683);
#7777=PROPERTY_DEFINITION('material property','material name',#12684);
#7778=PROPERTY_DEFINITION('material property','density of part',#12684);
#7779=PROPERTY_DEFINITION('material property','material name',#12685);
#7780=PROPERTY_DEFINITION('material property','density of part',#12685);
#7781=PROPERTY_DEFINITION('material property','material name',#12686);
#7782=PROPERTY_DEFINITION('material property','density of part',#12686);
#7783=PROPERTY_DEFINITION('material property','material name',#12687);
#7784=PROPERTY_DEFINITION('material property','density of part',#12687);
#7785=PROPERTY_DEFINITION('material property','material name',#12688);
#7786=PROPERTY_DEFINITION('material property','density of part',#12688);
#7787=PROPERTY_DEFINITION('material property','material name',#12689);
#7788=PROPERTY_DEFINITION('material property','density of part',#12689);
#7789=PROPERTY_DEFINITION('material property','material name',#12690);
#7790=PROPERTY_DEFINITION('material property','density of part',#12690);
#7791=AXIS2_PLACEMENT_3D('',#10638,#8426,#8427);
#7792=AXIS2_PLACEMENT_3D('',#10639,#8428,#8429);
#7793=AXIS2_PLACEMENT_3D('',#10640,#8430,#8431);
#7794=AXIS2_PLACEMENT_3D('',#10641,#8432,#8433);
#7795=AXIS2_PLACEMENT_3D('',#10650,#8438,#8439);
#7796=AXIS2_PLACEMENT_3D('',#10656,#8443,#8444);
#7797=AXIS2_PLACEMENT_3D('',#10662,#8448,#8449);
#7798=AXIS2_PLACEMENT_3D('',#10665,#8452,#8453);
#7799=AXIS2_PLACEMENT_3D('',#10666,#8454,#8455);
#7800=AXIS2_PLACEMENT_3D('',#10667,#8456,#8457);
#7801=AXIS2_PLACEMENT_3D('',#10668,#8458,#8459);
#7802=AXIS2_PLACEMENT_3D('',#10677,#8464,#8465);
#7803=AXIS2_PLACEMENT_3D('',#10683,#8469,#8470);
#7804=AXIS2_PLACEMENT_3D('',#10689,#8474,#8475);
#7805=AXIS2_PLACEMENT_3D('',#10695,#8479,#8480);
#7806=AXIS2_PLACEMENT_3D('',#10701,#8484,#8485);
#7807=AXIS2_PLACEMENT_3D('',#10704,#8488,#8489);
#7808=AXIS2_PLACEMENT_3D('',#10705,#8490,#8491);
#7809=AXIS2_PLACEMENT_3D('',#10706,#8492,#8493);
#7810=AXIS2_PLACEMENT_3D('',#10707,#8494,#8495);
#7811=AXIS2_PLACEMENT_3D('',#10716,#8500,#8501);
#7812=AXIS2_PLACEMENT_3D('',#10725,#8506,#8507);
#7813=AXIS2_PLACEMENT_3D('',#10728,#8510,#8511);
#7814=AXIS2_PLACEMENT_3D('',#10730,#8513,#8514);
#7815=AXIS2_PLACEMENT_3D('',#10732,#8516,#8517);
#7816=AXIS2_PLACEMENT_3D('',#10733,#8518,#8519);
#7817=AXIS2_PLACEMENT_3D('',#10734,#8520,#8521);
#7818=AXIS2_PLACEMENT_3D('',#10743,#8526,#8527);
#7819=AXIS2_PLACEMENT_3D('',#10752,#8532,#8533);
#7820=AXIS2_PLACEMENT_3D('',#10755,#8536,#8537);
#7821=AXIS2_PLACEMENT_3D('',#10757,#8539,#8540);
#7822=AXIS2_PLACEMENT_3D('',#10759,#8542,#8543);
#7823=AXIS2_PLACEMENT_3D('',#10760,#8544,#8545);
#7824=AXIS2_PLACEMENT_3D('',#10761,#8546,#8547);
#7825=AXIS2_PLACEMENT_3D('',#10770,#8552,#8553);
#7826=AXIS2_PLACEMENT_3D('',#10776,#8557,#8558);
#7827=AXIS2_PLACEMENT_3D('',#10782,#8562,#8563);
#7828=AXIS2_PLACEMENT_3D('',#10788,#8567,#8568);
#7829=AXIS2_PLACEMENT_3D('',#10794,#8572,#8573);
#7830=AXIS2_PLACEMENT_3D('',#10800,#8577,#8578);
#7831=AXIS2_PLACEMENT_3D('',#10806,#8582,#8583);
#7832=AXIS2_PLACEMENT_3D('',#10809,#8586,#8587);
#7833=AXIS2_PLACEMENT_3D('',#10810,#8588,#8589);
#7834=AXIS2_PLACEMENT_3D('',#10811,#8590,#8591);
#7835=AXIS2_PLACEMENT_3D('',#10812,#8592,#8593);
#7836=AXIS2_PLACEMENT_3D('',#10821,#8598,#8599);
#7837=AXIS2_PLACEMENT_3D('',#10830,#8604,#8605);
#7838=AXIS2_PLACEMENT_3D('',#10833,#8608,#8609);
#7839=AXIS2_PLACEMENT_3D('',#10835,#8611,#8612);
#7840=AXIS2_PLACEMENT_3D('',#10837,#8614,#8615);
#7841=AXIS2_PLACEMENT_3D('',#10838,#8616,#8617);
#7842=AXIS2_PLACEMENT_3D('',#10840,#8618,#8619);
#7843=AXIS2_PLACEMENT_3D('',#10843,#8621,#8622);
#7844=AXIS2_PLACEMENT_3D('',#10844,#8623,#8624);
#7845=AXIS2_PLACEMENT_3D('',#10845,#8625,#8626);
#7846=AXIS2_PLACEMENT_3D('',#10846,#8627,#8628);
#7847=AXIS2_PLACEMENT_3D('',#10847,#8629,#8630);
#7848=AXIS2_PLACEMENT_3D('',#10856,#8635,#8636);
#7849=AXIS2_PLACEMENT_3D('',#10865,#8641,#8642);
#7850=AXIS2_PLACEMENT_3D('',#10868,#8645,#8646);
#7851=AXIS2_PLACEMENT_3D('',#10870,#8648,#8649);
#7852=AXIS2_PLACEMENT_3D('',#10872,#8651,#8652);
#7853=AXIS2_PLACEMENT_3D('',#10873,#8653,#8654);
#7854=AXIS2_PLACEMENT_3D('',#10875,#8655,#8656);
#7855=AXIS2_PLACEMENT_3D('',#10878,#8658,#8659);
#7856=AXIS2_PLACEMENT_3D('',#10879,#8660,#8661);
#7857=AXIS2_PLACEMENT_3D('',#10880,#8662,#8663);
#7858=AXIS2_PLACEMENT_3D('',#10881,#8664,#8665);
#7859=AXIS2_PLACEMENT_3D('',#10890,#8670,#8671);
#7860=AXIS2_PLACEMENT_3D('',#10899,#8676,#8677);
#7861=AXIS2_PLACEMENT_3D('',#10902,#8680,#8681);
#7862=AXIS2_PLACEMENT_3D('',#10904,#8683,#8684);
#7863=AXIS2_PLACEMENT_3D('',#10906,#8686,#8687);
#7864=AXIS2_PLACEMENT_3D('',#10907,#8688,#8689);
#7865=AXIS2_PLACEMENT_3D('',#10908,#8690,#8691);
#7866=AXIS2_PLACEMENT_3D('',#10910,#8692,#8693);
#7867=AXIS2_PLACEMENT_3D('',#10913,#8695,#8696);
#7868=AXIS2_PLACEMENT_3D('',#10914,#8697,#8698);
#7869=AXIS2_PLACEMENT_3D('',#10915,#8699,#8700);
#7870=AXIS2_PLACEMENT_3D('',#10916,#8701,#8702);
#7871=AXIS2_PLACEMENT_3D('',#10917,#8703,#8704);
#7872=AXIS2_PLACEMENT_3D('',#10919,#8705,#8706);
#7873=AXIS2_PLACEMENT_3D('',#10922,#8708,#8709);
#7874=AXIS2_PLACEMENT_3D('',#10923,#8710,#8711);
#7875=AXIS2_PLACEMENT_3D('',#10924,#8712,#8713);
#7876=AXIS2_PLACEMENT_3D('',#10925,#8714,#8715);
#7877=AXIS2_PLACEMENT_3D('',#10927,#8716,#8717);
#7878=AXIS2_PLACEMENT_3D('',#10930,#8719,#8720);
#7879=AXIS2_PLACEMENT_3D('',#10931,#8721,#8722);
#7880=AXIS2_PLACEMENT_3D('',#10932,#8723,#8724);
#7881=AXIS2_PLACEMENT_3D('',#10933,#8725,#8726);
#7882=AXIS2_PLACEMENT_3D('',#10935,#8727,#8728);
#7883=AXIS2_PLACEMENT_3D('',#10938,#8730,#8731);
#7884=AXIS2_PLACEMENT_3D('',#10939,#8732,#8733);
#7885=AXIS2_PLACEMENT_3D('',#10940,#8734,#8735);
#7886=AXIS2_PLACEMENT_3D('',#10941,#8736,#8737);
#7887=AXIS2_PLACEMENT_3D('',#10942,#8738,#8739);
#7888=AXIS2_PLACEMENT_3D('',#10951,#8744,#8745);
#7889=AXIS2_PLACEMENT_3D('',#10957,#8749,#8750);
#7890=AXIS2_PLACEMENT_3D('',#10961,#8753,#8754);
#7891=AXIS2_PLACEMENT_3D('',#10965,#8757,#8758);
#7892=AXIS2_PLACEMENT_3D('',#10967,#8760,#8761);
#7893=AXIS2_PLACEMENT_3D('',#10968,#8762,#8763);
#7894=AXIS2_PLACEMENT_3D('',#11047,#8803,#8804);
#7895=AXIS2_PLACEMENT_3D('',#11055,#8809,#8810);
#7896=AXIS2_PLACEMENT_3D('',#11065,#8816,#8817);
#7897=AXIS2_PLACEMENT_3D('',#11076,#8824,#8825);
#7898=AXIS2_PLACEMENT_3D('',#11077,#8826,#8827);
#7899=AXIS2_PLACEMENT_3D('',#11081,#8830,#8831);
#7900=AXIS2_PLACEMENT_3D('',#11083,#8833,#8834);
#7901=AXIS2_PLACEMENT_3D('',#11085,#8836,#8837);
#7902=AXIS2_PLACEMENT_3D('',#11087,#8839,#8840);
#7903=AXIS2_PLACEMENT_3D('',#11089,#8842,#8843);
#7904=AXIS2_PLACEMENT_3D('',#11091,#8845,#8846);
#7905=AXIS2_PLACEMENT_3D('',#11093,#8848,#8849);
#7906=AXIS2_PLACEMENT_3D('',#11095,#8851,#8852);
#7907=AXIS2_PLACEMENT_3D('',#11097,#8854,#8855);
#7908=AXIS2_PLACEMENT_3D('',#11099,#8857,#8858);
#7909=AXIS2_PLACEMENT_3D('',#11101,#8860,#8861);
#7910=AXIS2_PLACEMENT_3D('',#11103,#8863,#8864);
#7911=AXIS2_PLACEMENT_3D('',#11105,#8866,#8867);
#7912=AXIS2_PLACEMENT_3D('',#11107,#8869,#8870);
#7913=AXIS2_PLACEMENT_3D('',#11109,#8872,#8873);
#7914=AXIS2_PLACEMENT_3D('',#11111,#8875,#8876);
#7915=AXIS2_PLACEMENT_3D('',#11113,#8878,#8879);
#7916=AXIS2_PLACEMENT_3D('',#11115,#8881,#8882);
#7917=AXIS2_PLACEMENT_3D('',#11117,#8884,#8885);
#7918=AXIS2_PLACEMENT_3D('',#11119,#8887,#8888);
#7919=AXIS2_PLACEMENT_3D('',#11121,#8890,#8891);
#7920=AXIS2_PLACEMENT_3D('',#11123,#8893,#8894);
#7921=AXIS2_PLACEMENT_3D('',#11125,#8896,#8897);
#7922=AXIS2_PLACEMENT_3D('',#11129,#8900,#8901);
#7923=AXIS2_PLACEMENT_3D('',#11136,#8905,#8906);
#7924=AXIS2_PLACEMENT_3D('',#11140,#8909,#8910);
#7925=AXIS2_PLACEMENT_3D('',#11142,#8912,#8913);
#7926=AXIS2_PLACEMENT_3D('',#11146,#8916,#8917);
#7927=AXIS2_PLACEMENT_3D('',#11150,#8920,#8921);
#7928=AXIS2_PLACEMENT_3D('',#11154,#8924,#8925);
#7929=AXIS2_PLACEMENT_3D('',#11158,#8928,#8929);
#7930=AXIS2_PLACEMENT_3D('',#11162,#8932,#8933);
#7931=AXIS2_PLACEMENT_3D('',#11166,#8936,#8937);
#7932=AXIS2_PLACEMENT_3D('',#11170,#8940,#8941);
#7933=AXIS2_PLACEMENT_3D('',#11174,#8944,#8945);
#7934=AXIS2_PLACEMENT_3D('',#11178,#8948,#8949);
#7935=AXIS2_PLACEMENT_3D('',#11182,#8952,#8953);
#7936=AXIS2_PLACEMENT_3D('',#11186,#8956,#8957);
#7937=AXIS2_PLACEMENT_3D('',#11190,#8960,#8961);
#7938=AXIS2_PLACEMENT_3D('',#11194,#8964,#8965);
#7939=AXIS2_PLACEMENT_3D('',#11198,#8968,#8969);
#7940=AXIS2_PLACEMENT_3D('',#11202,#8972,#8973);
#7941=AXIS2_PLACEMENT_3D('',#11204,#8975,#8976);
#7942=AXIS2_PLACEMENT_3D('',#11208,#8979,#8980);
#7943=AXIS2_PLACEMENT_3D('',#11210,#8982,#8983);
#7944=AXIS2_PLACEMENT_3D('',#11216,#8987,#8988);
#7945=AXIS2_PLACEMENT_3D('',#11218,#8990,#8991);
#7946=AXIS2_PLACEMENT_3D('',#11222,#8994,#8995);
#7947=AXIS2_PLACEMENT_3D('',#11224,#8997,#8998);
#7948=AXIS2_PLACEMENT_3D('',#11226,#9000,#9001);
#7949=AXIS2_PLACEMENT_3D('',#11228,#9003,#9004);
#7950=AXIS2_PLACEMENT_3D('',#11230,#9006,#9007);
#7951=AXIS2_PLACEMENT_3D('',#11234,#9010,#9011);
#7952=AXIS2_PLACEMENT_3D('',#11236,#9013,#9014);
#7953=AXIS2_PLACEMENT_3D('',#11238,#9016,#9017);
#7954=AXIS2_PLACEMENT_3D('',#11240,#9019,#9020);
#7955=AXIS2_PLACEMENT_3D('',#11244,#9023,#9024);
#7956=AXIS2_PLACEMENT_3D('',#11246,#9026,#9027);
#7957=AXIS2_PLACEMENT_3D('',#11250,#9030,#9031);
#7958=AXIS2_PLACEMENT_3D('',#11252,#9033,#9034);
#7959=AXIS2_PLACEMENT_3D('',#11254,#9036,#9037);
#7960=AXIS2_PLACEMENT_3D('',#11256,#9039,#9040);
#7961=AXIS2_PLACEMENT_3D('',#11260,#9043,#9044);
#7962=AXIS2_PLACEMENT_3D('',#11262,#9046,#9047);
#7963=AXIS2_PLACEMENT_3D('',#11266,#9050,#9051);
#7964=AXIS2_PLACEMENT_3D('',#11268,#9053,#9054);
#7965=AXIS2_PLACEMENT_3D('',#11270,#9056,#9057);
#7966=AXIS2_PLACEMENT_3D('',#11272,#9059,#9060);
#7967=AXIS2_PLACEMENT_3D('',#11274,#9062,#9063);
#7968=AXIS2_PLACEMENT_3D('',#11276,#9065,#9066);
#7969=AXIS2_PLACEMENT_3D('',#11280,#9069,#9070);
#7970=AXIS2_PLACEMENT_3D('',#11284,#9073,#9074);
#7971=AXIS2_PLACEMENT_3D('',#11288,#9077,#9078);
#7972=AXIS2_PLACEMENT_3D('',#11292,#9081,#9082);
#7973=AXIS2_PLACEMENT_3D('',#11294,#9084,#9085);
#7974=AXIS2_PLACEMENT_3D('',#11298,#9088,#9089);
#7975=AXIS2_PLACEMENT_3D('',#11302,#9092,#9093);
#7976=AXIS2_PLACEMENT_3D('',#11306,#9096,#9097);
#7977=AXIS2_PLACEMENT_3D('',#11308,#9099,#9100);
#7978=AXIS2_PLACEMENT_3D('',#11310,#9102,#9103);
#7979=AXIS2_PLACEMENT_3D('',#11314,#9106,#9107);
#7980=AXIS2_PLACEMENT_3D('',#11318,#9110,#9111);
#7981=AXIS2_PLACEMENT_3D('',#11320,#9113,#9114);
#7982=AXIS2_PLACEMENT_3D('',#11324,#9117,#9118);
#7983=AXIS2_PLACEMENT_3D('',#11326,#9120,#9121);
#7984=AXIS2_PLACEMENT_3D('',#11330,#9124,#9125);
#7985=AXIS2_PLACEMENT_3D('',#11332,#9127,#9128);
#7986=AXIS2_PLACEMENT_3D('',#11334,#9130,#9131);
#7987=AXIS2_PLACEMENT_3D('',#11336,#9133,#9134);
#7988=AXIS2_PLACEMENT_3D('',#11340,#9137,#9138);
#7989=AXIS2_PLACEMENT_3D('',#11344,#9141,#9142);
#7990=AXIS2_PLACEMENT_3D('',#11346,#9144,#9145);
#7991=AXIS2_PLACEMENT_3D('',#11348,#9147,#9148);
#7992=AXIS2_PLACEMENT_3D('',#11352,#9151,#9152);
#7993=AXIS2_PLACEMENT_3D('',#11356,#9155,#9156);
#7994=AXIS2_PLACEMENT_3D('',#11358,#9158,#9159);
#7995=AXIS2_PLACEMENT_3D('',#11362,#9162,#9163);
#7996=AXIS2_PLACEMENT_3D('',#11364,#9165,#9166);
#7997=AXIS2_PLACEMENT_3D('',#11366,#9168,#9169);
#7998=AXIS2_PLACEMENT_3D('',#11370,#9172,#9173);
#7999=AXIS2_PLACEMENT_3D('',#11374,#9176,#9177);
#8000=AXIS2_PLACEMENT_3D('',#11376,#9179,#9180);
#8001=AXIS2_PLACEMENT_3D('',#11382,#9184,#9185);
#8002=AXIS2_PLACEMENT_3D('',#11384,#9187,#9188);
#8003=AXIS2_PLACEMENT_3D('',#11388,#9191,#9192);
#8004=AXIS2_PLACEMENT_3D('',#11390,#9194,#9195);
#8005=AXIS2_PLACEMENT_3D('',#11396,#9199,#9200);
#8006=AXIS2_PLACEMENT_3D('',#11400,#9203,#9204);
#8007=AXIS2_PLACEMENT_3D('',#11402,#9206,#9207);
#8008=AXIS2_PLACEMENT_3D('',#11404,#9209,#9210);
#8009=AXIS2_PLACEMENT_3D('',#11408,#9213,#9214);
#8010=AXIS2_PLACEMENT_3D('',#11412,#9217,#9218);
#8011=AXIS2_PLACEMENT_3D('',#11416,#9221,#9222);
#8012=AXIS2_PLACEMENT_3D('',#11418,#9224,#9225);
#8013=AXIS2_PLACEMENT_3D('',#11422,#9228,#9229);
#8014=AXIS2_PLACEMENT_3D('',#11424,#9231,#9232);
#8015=AXIS2_PLACEMENT_3D('',#11428,#9235,#9236);
#8016=AXIS2_PLACEMENT_3D('',#11432,#9239,#9240);
#8017=AXIS2_PLACEMENT_3D('',#11434,#9242,#9243);
#8018=AXIS2_PLACEMENT_3D('',#11438,#9246,#9247);
#8019=AXIS2_PLACEMENT_3D('',#11442,#9250,#9251);
#8020=AXIS2_PLACEMENT_3D('',#11444,#9253,#9254);
#8021=AXIS2_PLACEMENT_3D('',#11448,#9257,#9258);
#8022=AXIS2_PLACEMENT_3D('',#11452,#9261,#9262);
#8023=AXIS2_PLACEMENT_3D('',#11456,#9265,#9266);
#8024=AXIS2_PLACEMENT_3D('',#11460,#9269,#9270);
#8025=AXIS2_PLACEMENT_3D('',#11462,#9272,#9273);
#8026=AXIS2_PLACEMENT_3D('',#11464,#9275,#9276);
#8027=AXIS2_PLACEMENT_3D('',#11468,#9279,#9280);
#8028=AXIS2_PLACEMENT_3D('',#11472,#9283,#9284);
#8029=AXIS2_PLACEMENT_3D('',#11474,#9286,#9287);
#8030=AXIS2_PLACEMENT_3D('',#11476,#9289,#9290);
#8031=AXIS2_PLACEMENT_3D('',#11480,#9293,#9294);
#8032=AXIS2_PLACEMENT_3D('',#11482,#9296,#9297);
#8033=AXIS2_PLACEMENT_3D('',#11486,#9300,#9301);
#8034=AXIS2_PLACEMENT_3D('',#11490,#9304,#9305);
#8035=AXIS2_PLACEMENT_3D('',#11492,#9307,#9308);
#8036=AXIS2_PLACEMENT_3D('',#11496,#9311,#9312);
#8037=AXIS2_PLACEMENT_3D('',#11498,#9314,#9315);
#8038=AXIS2_PLACEMENT_3D('',#11500,#9317,#9318);
#8039=AXIS2_PLACEMENT_3D('',#11504,#9321,#9322);
#8040=AXIS2_PLACEMENT_3D('',#11506,#9324,#9325);
#8041=AXIS2_PLACEMENT_3D('',#11510,#9328,#9329);
#8042=AXIS2_PLACEMENT_3D('',#11512,#9331,#9332);
#8043=AXIS2_PLACEMENT_3D('',#11514,#9334,#9335);
#8044=AXIS2_PLACEMENT_3D('',#11516,#9337,#9338);
#8045=AXIS2_PLACEMENT_3D('',#11520,#9341,#9342);
#8046=AXIS2_PLACEMENT_3D('',#11524,#9345,#9346);
#8047=AXIS2_PLACEMENT_3D('',#11526,#9348,#9349);
#8048=AXIS2_PLACEMENT_3D('',#11530,#9352,#9353);
#8049=AXIS2_PLACEMENT_3D('',#11532,#9355,#9356);
#8050=AXIS2_PLACEMENT_3D('',#11534,#9358,#9359);
#8051=AXIS2_PLACEMENT_3D('',#11536,#9361,#9362);
#8052=AXIS2_PLACEMENT_3D('',#11538,#9364,#9365);
#8053=AXIS2_PLACEMENT_3D('',#11540,#9367,#9368);
#8054=AXIS2_PLACEMENT_3D('',#11544,#9371,#9372);
#8055=AXIS2_PLACEMENT_3D('',#11548,#9375,#9376);
#8056=AXIS2_PLACEMENT_3D('',#11550,#9378,#9379);
#8057=AXIS2_PLACEMENT_3D('',#11556,#9383,#9384);
#8058=AXIS2_PLACEMENT_3D('',#11558,#9386,#9387);
#8059=AXIS2_PLACEMENT_3D('',#11562,#9390,#9391);
#8060=AXIS2_PLACEMENT_3D('',#11566,#9394,#9395);
#8061=AXIS2_PLACEMENT_3D('',#11568,#9397,#9398);
#8062=AXIS2_PLACEMENT_3D('',#11572,#9401,#9402);
#8063=AXIS2_PLACEMENT_3D('',#11576,#9405,#9406);
#8064=AXIS2_PLACEMENT_3D('',#11580,#9409,#9410);
#8065=AXIS2_PLACEMENT_3D('',#11584,#9413,#9414);
#8066=AXIS2_PLACEMENT_3D('',#11586,#9416,#9417);
#8067=AXIS2_PLACEMENT_3D('',#11590,#9420,#9421);
#8068=AXIS2_PLACEMENT_3D('',#11594,#9424,#9425);
#8069=AXIS2_PLACEMENT_3D('',#11598,#9428,#9429);
#8070=AXIS2_PLACEMENT_3D('',#11602,#9432,#9433);
#8071=AXIS2_PLACEMENT_3D('',#11606,#9436,#9437);
#8072=AXIS2_PLACEMENT_3D('',#11610,#9440,#9441);
#8073=AXIS2_PLACEMENT_3D('',#11612,#9443,#9444);
#8074=AXIS2_PLACEMENT_3D('',#11614,#9446,#9447);
#8075=AXIS2_PLACEMENT_3D('',#11616,#9449,#9450);
#8076=AXIS2_PLACEMENT_3D('',#11620,#9453,#9454);
#8077=AXIS2_PLACEMENT_3D('',#11622,#9456,#9457);
#8078=AXIS2_PLACEMENT_3D('',#11624,#9459,#9460);
#8079=AXIS2_PLACEMENT_3D('',#11626,#9462,#9463);
#8080=AXIS2_PLACEMENT_3D('',#11630,#9466,#9467);
#8081=AXIS2_PLACEMENT_3D('',#11634,#9470,#9471);
#8082=AXIS2_PLACEMENT_3D('',#11638,#9474,#9475);
#8083=AXIS2_PLACEMENT_3D('',#11640,#9477,#9478);
#8084=AXIS2_PLACEMENT_3D('',#11646,#9482,#9483);
#8085=AXIS2_PLACEMENT_3D('',#11648,#9485,#9486);
#8086=AXIS2_PLACEMENT_3D('',#11652,#9489,#9490);
#8087=AXIS2_PLACEMENT_3D('',#11656,#9493,#9494);
#8088=AXIS2_PLACEMENT_3D('',#11658,#9496,#9497);
#8089=AXIS2_PLACEMENT_3D('',#11664,#9501,#9502);
#8090=AXIS2_PLACEMENT_3D('',#11666,#9504,#9505);
#8091=AXIS2_PLACEMENT_3D('',#11670,#9508,#9509);
#8092=AXIS2_PLACEMENT_3D('',#11674,#9512,#9513);
#8093=AXIS2_PLACEMENT_3D('',#11676,#9515,#9516);
#8094=AXIS2_PLACEMENT_3D('',#11680,#9519,#9520);
#8095=AXIS2_PLACEMENT_3D('',#11684,#9523,#9524);
#8096=AXIS2_PLACEMENT_3D('',#11688,#9527,#9528);
#8097=AXIS2_PLACEMENT_3D('',#11692,#9531,#9532);
#8098=AXIS2_PLACEMENT_3D('',#11696,#9535,#9536);
#8099=AXIS2_PLACEMENT_3D('',#11700,#9539,#9540);
#8100=AXIS2_PLACEMENT_3D('',#11702,#9542,#9543);
#8101=AXIS2_PLACEMENT_3D('',#11704,#9545,#9546);
#8102=AXIS2_PLACEMENT_3D('',#11708,#9549,#9550);
#8103=AXIS2_PLACEMENT_3D('',#11710,#9552,#9553);
#8104=AXIS2_PLACEMENT_3D('',#11714,#9556,#9557);
#8105=AXIS2_PLACEMENT_3D('',#11716,#9559,#9560);
#8106=AXIS2_PLACEMENT_3D('',#11718,#9562,#9563);
#8107=AXIS2_PLACEMENT_3D('',#11722,#9566,#9567);
#8108=AXIS2_PLACEMENT_3D('',#11726,#9570,#9571);
#8109=AXIS2_PLACEMENT_3D('',#11728,#9573,#9574);
#8110=AXIS2_PLACEMENT_3D('',#11732,#9577,#9578);
#8111=AXIS2_PLACEMENT_3D('',#11734,#9580,#9581);
#8112=AXIS2_PLACEMENT_3D('',#11738,#9584,#9585);
#8113=AXIS2_PLACEMENT_3D('',#11742,#9588,#9589);
#8114=AXIS2_PLACEMENT_3D('',#11746,#9592,#9593);
#8115=AXIS2_PLACEMENT_3D('',#11750,#9596,#9597);
#8116=AXIS2_PLACEMENT_3D('',#11754,#9600,#9601);
#8117=AXIS2_PLACEMENT_3D('',#11756,#9603,#9604);
#8118=AXIS2_PLACEMENT_3D('',#11760,#9607,#9608);
#8119=AXIS2_PLACEMENT_3D('',#11764,#9611,#9612);
#8120=AXIS2_PLACEMENT_3D('',#11768,#9615,#9616);
#8121=AXIS2_PLACEMENT_3D('',#11770,#9618,#9619);
#8122=AXIS2_PLACEMENT_3D('',#11772,#9621,#9622);
#8123=AXIS2_PLACEMENT_3D('',#11778,#9626,#9627);
#8124=AXIS2_PLACEMENT_3D('',#11780,#9629,#9630);
#8125=AXIS2_PLACEMENT_3D('',#11784,#9633,#9634);
#8126=AXIS2_PLACEMENT_3D('',#11788,#9637,#9638);
#8127=AXIS2_PLACEMENT_3D('',#11792,#9641,#9642);
#8128=AXIS2_PLACEMENT_3D('',#11794,#9644,#9645);
#8129=AXIS2_PLACEMENT_3D('',#11797,#9648,#9649);
#8130=AXIS2_PLACEMENT_3D('',#11801,#9652,#9653);
#8131=AXIS2_PLACEMENT_3D('',#11803,#9655,#9656);
#8132=AXIS2_PLACEMENT_3D('',#11805,#9658,#9659);
#8133=AXIS2_PLACEMENT_3D('',#11807,#9661,#9662);
#8134=AXIS2_PLACEMENT_3D('',#11809,#9664,#9665);
#8135=AXIS2_PLACEMENT_3D('',#11815,#9669,#9670);
#8136=AXIS2_PLACEMENT_3D('',#11817,#9672,#9673);
#8137=AXIS2_PLACEMENT_3D('',#11821,#9676,#9677);
#8138=AXIS2_PLACEMENT_3D('',#11825,#9680,#9681);
#8139=AXIS2_PLACEMENT_3D('',#11829,#9684,#9685);
#8140=AXIS2_PLACEMENT_3D('',#11831,#9687,#9688);
#8141=AXIS2_PLACEMENT_3D('',#11835,#9691,#9692);
#8142=AXIS2_PLACEMENT_3D('',#11839,#9695,#9696);
#8143=AXIS2_PLACEMENT_3D('',#11843,#9699,#9700);
#8144=AXIS2_PLACEMENT_3D('',#11847,#9703,#9704);
#8145=AXIS2_PLACEMENT_3D('',#11851,#9707,#9708);
#8146=AXIS2_PLACEMENT_3D('',#11853,#9710,#9711);
#8147=AXIS2_PLACEMENT_3D('',#11857,#9714,#9715);
#8148=AXIS2_PLACEMENT_3D('',#11861,#9718,#9719);
#8149=AXIS2_PLACEMENT_3D('',#11864,#9722,#9723);
#8150=AXIS2_PLACEMENT_3D('',#11868,#9726,#9727);
#8151=AXIS2_PLACEMENT_3D('',#11870,#9729,#9730);
#8152=AXIS2_PLACEMENT_3D('',#11874,#9733,#9734);
#8153=AXIS2_PLACEMENT_3D('',#11876,#9736,#9737);
#8154=AXIS2_PLACEMENT_3D('',#11880,#9740,#9741);
#8155=AXIS2_PLACEMENT_3D('',#11882,#9743,#9744);
#8156=AXIS2_PLACEMENT_3D('',#11885,#9747,#9748);
#8157=AXIS2_PLACEMENT_3D('',#11886,#9749,#9750);
#8158=AXIS2_PLACEMENT_3D('',#11892,#9754,#9755);
#8159=AXIS2_PLACEMENT_3D('',#11894,#9757,#9758);
#8160=AXIS2_PLACEMENT_3D('',#11896,#9760,#9761);
#8161=AXIS2_PLACEMENT_3D('',#11900,#9764,#9765);
#8162=AXIS2_PLACEMENT_3D('',#11904,#9768,#9769);
#8163=AXIS2_PLACEMENT_3D('',#11906,#9771,#9772);
#8164=AXIS2_PLACEMENT_3D('',#11908,#9774,#9775);
#8165=AXIS2_PLACEMENT_3D('',#11910,#9777,#9778);
#8166=AXIS2_PLACEMENT_3D('',#11914,#9781,#9782);
#8167=AXIS2_PLACEMENT_3D('',#11917,#9785,#9786);
#8168=AXIS2_PLACEMENT_3D('',#11919,#9788,#9789);
#8169=AXIS2_PLACEMENT_3D('',#11923,#9792,#9793);
#8170=AXIS2_PLACEMENT_3D('',#11925,#9795,#9796);
#8171=AXIS2_PLACEMENT_3D('',#11926,#9797,#9798);
#8172=AXIS2_PLACEMENT_3D('',#11929,#9801,#9802);
#8173=AXIS2_PLACEMENT_3D('',#11931,#9804,#9805);
#8174=AXIS2_PLACEMENT_3D('',#11933,#9807,#9808);
#8175=AXIS2_PLACEMENT_3D('',#11934,#9809,#9810);
#8176=AXIS2_PLACEMENT_3D('',#11936,#9812,#9813);
#8177=AXIS2_PLACEMENT_3D('',#11940,#9816,#9817);
#8178=AXIS2_PLACEMENT_3D('',#11942,#9819,#9820);
#8179=AXIS2_PLACEMENT_3D('',#11944,#9822,#9823);
#8180=AXIS2_PLACEMENT_3D('',#11948,#9826,#9827);
#8181=AXIS2_PLACEMENT_3D('',#11950,#9829,#9830);
#8182=AXIS2_PLACEMENT_3D('',#11954,#9833,#9834);
#8183=AXIS2_PLACEMENT_3D('',#11958,#9837,#9838);
#8184=AXIS2_PLACEMENT_3D('',#11960,#9840,#9841);
#8185=AXIS2_PLACEMENT_3D('',#11963,#9844,#9845);
#8186=AXIS2_PLACEMENT_3D('',#11965,#9847,#9848);
#8187=AXIS2_PLACEMENT_3D('',#11969,#9851,#9852);
#8188=AXIS2_PLACEMENT_3D('',#11971,#9854,#9855);
#8189=AXIS2_PLACEMENT_3D('',#11972,#9856,#9857);
#8190=AXIS2_PLACEMENT_3D('',#11978,#9861,#9862);
#8191=AXIS2_PLACEMENT_3D('',#11982,#9865,#9866);
#8192=AXIS2_PLACEMENT_3D('',#11986,#9869,#9870);
#8193=AXIS2_PLACEMENT_3D('',#11988,#9872,#9873);
#8194=AXIS2_PLACEMENT_3D('',#11992,#9876,#9877);
#8195=AXIS2_PLACEMENT_3D('',#11994,#9879,#9880);
#8196=AXIS2_PLACEMENT_3D('',#12000,#9884,#9885);
#8197=AXIS2_PLACEMENT_3D('',#12004,#9888,#9889);
#8198=AXIS2_PLACEMENT_3D('',#12006,#9891,#9892);
#8199=AXIS2_PLACEMENT_3D('',#12008,#9894,#9895);
#8200=AXIS2_PLACEMENT_3D('',#12010,#9897,#9898);
#8201=AXIS2_PLACEMENT_3D('',#12013,#9901,#9902);
#8202=AXIS2_PLACEMENT_3D('',#12015,#9904,#9905);
#8203=AXIS2_PLACEMENT_3D('',#12019,#9908,#9909);
#8204=AXIS2_PLACEMENT_3D('',#12023,#9912,#9913);
#8205=AXIS2_PLACEMENT_3D('',#12025,#9915,#9916);
#8206=AXIS2_PLACEMENT_3D('',#12028,#9919,#9920);
#8207=AXIS2_PLACEMENT_3D('',#12030,#9922,#9923);
#8208=AXIS2_PLACEMENT_3D('',#12031,#9924,#9925);
#8209=AXIS2_PLACEMENT_3D('',#12033,#9927,#9928);
#8210=AXIS2_PLACEMENT_3D('',#12034,#9929,#9930);
#8211=AXIS2_PLACEMENT_3D('',#12038,#9933,#9934);
#8212=AXIS2_PLACEMENT_3D('',#12042,#9937,#9938);
#8213=AXIS2_PLACEMENT_3D('',#12046,#9941,#9942);
#8214=AXIS2_PLACEMENT_3D('',#12050,#9945,#9946);
#8215=AXIS2_PLACEMENT_3D('',#12054,#9949,#9950);
#8216=AXIS2_PLACEMENT_3D('',#12058,#9953,#9954);
#8217=AXIS2_PLACEMENT_3D('',#12060,#9956,#9957);
#8218=AXIS2_PLACEMENT_3D('',#12064,#9960,#9961);
#8219=AXIS2_PLACEMENT_3D('',#12066,#9963,#9964);
#8220=AXIS2_PLACEMENT_3D('',#12070,#9967,#9968);
#8221=AXIS2_PLACEMENT_3D('',#12072,#9970,#9971);
#8222=AXIS2_PLACEMENT_3D('',#12075,#9974,#9975);
#8223=AXIS2_PLACEMENT_3D('',#12077,#9977,#9978);
#8224=AXIS2_PLACEMENT_3D('',#12078,#9979,#9980);
#8225=AXIS2_PLACEMENT_3D('',#12082,#9983,#9984);
#8226=AXIS2_PLACEMENT_3D('',#12086,#9987,#9988);
#8227=AXIS2_PLACEMENT_3D('',#12090,#9991,#9992);
#8228=AXIS2_PLACEMENT_3D('',#12092,#9994,#9995);
#8229=AXIS2_PLACEMENT_3D('',#12094,#9997,#9998);
#8230=AXIS2_PLACEMENT_3D('',#12096,#10000,#10001);
#8231=AXIS2_PLACEMENT_3D('',#12100,#10004,#10005);
#8232=AXIS2_PLACEMENT_3D('',#12104,#10008,#10009);
#8233=AXIS2_PLACEMENT_3D('',#12106,#10011,#10012);
#8234=AXIS2_PLACEMENT_3D('',#12109,#10015,#10016);
#8235=AXIS2_PLACEMENT_3D('',#12111,#10018,#10019);
#8236=AXIS2_PLACEMENT_3D('',#12113,#10021,#10022);
#8237=AXIS2_PLACEMENT_3D('',#12114,#10023,#10024);
#8238=AXIS2_PLACEMENT_3D('',#12116,#10026,#10027);
#8239=AXIS2_PLACEMENT_3D('',#12118,#10029,#10030);
#8240=AXIS2_PLACEMENT_3D('',#12121,#10033,#10034);
#8241=AXIS2_PLACEMENT_3D('',#12122,#10035,#10036);
#8242=AXIS2_PLACEMENT_3D('',#12125,#10039,#10040);
#8243=AXIS2_PLACEMENT_3D('',#12126,#10041,#10042);
#8244=AXIS2_PLACEMENT_3D('',#12128,#10044,#10045);
#8245=AXIS2_PLACEMENT_3D('',#12130,#10047,#10048);
#8246=AXIS2_PLACEMENT_3D('',#12132,#10050,#10051);
#8247=AXIS2_PLACEMENT_3D('',#12136,#10054,#10055);
#8248=AXIS2_PLACEMENT_3D('',#12140,#10058,#10059);
#8249=AXIS2_PLACEMENT_3D('',#12144,#10062,#10063);
#8250=AXIS2_PLACEMENT_3D('',#12148,#10066,#10067);
#8251=AXIS2_PLACEMENT_3D('',#12152,#10070,#10071);
#8252=AXIS2_PLACEMENT_3D('',#12154,#10073,#10074);
#8253=AXIS2_PLACEMENT_3D('',#12158,#10077,#10078);
#8254=AXIS2_PLACEMENT_3D('',#12162,#10081,#10082);
#8255=AXIS2_PLACEMENT_3D('',#12164,#10084,#10085);
#8256=AXIS2_PLACEMENT_3D('',#12168,#10088,#10089);
#8257=AXIS2_PLACEMENT_3D('',#12172,#10092,#10093);
#8258=AXIS2_PLACEMENT_3D('',#12174,#10095,#10096);
#8259=AXIS2_PLACEMENT_3D('',#12178,#10099,#10100);
#8260=AXIS2_PLACEMENT_3D('',#12180,#10102,#10103);
#8261=AXIS2_PLACEMENT_3D('',#12184,#10106,#10107);
#8262=AXIS2_PLACEMENT_3D('',#12186,#10109,#10110);
#8263=AXIS2_PLACEMENT_3D('',#12190,#10113,#10114);
#8264=AXIS2_PLACEMENT_3D('',#12192,#10116,#10117);
#8265=AXIS2_PLACEMENT_3D('',#12196,#10120,#10121);
#8266=AXIS2_PLACEMENT_3D('',#12198,#10123,#10124);
#8267=AXIS2_PLACEMENT_3D('',#12202,#10127,#10128);
#8268=AXIS2_PLACEMENT_3D('',#12205,#10131,#10132);
#8269=AXIS2_PLACEMENT_3D('',#12207,#10134,#10135);
#8270=AXIS2_PLACEMENT_3D('',#12208,#10136,#10137);
#8271=AXIS2_PLACEMENT_3D('',#12210,#10139,#10140);
#8272=AXIS2_PLACEMENT_3D('',#12214,#10143,#10144);
#8273=AXIS2_PLACEMENT_3D('',#12217,#10147,#10148);
#8274=AXIS2_PLACEMENT_3D('',#12221,#10151,#10152);
#8275=AXIS2_PLACEMENT_3D('',#12225,#10155,#10156);
#8276=AXIS2_PLACEMENT_3D('',#12229,#10159,#10160);
#8277=AXIS2_PLACEMENT_3D('',#12233,#10163,#10164);
#8278=AXIS2_PLACEMENT_3D('',#12237,#10167,#10168);
#8279=AXIS2_PLACEMENT_3D('',#12239,#10170,#10171);
#8280=AXIS2_PLACEMENT_3D('',#12242,#10174,#10175);
#8281=AXIS2_PLACEMENT_3D('',#12246,#10178,#10179);
#8282=AXIS2_PLACEMENT_3D('',#12248,#10181,#10182);
#8283=AXIS2_PLACEMENT_3D('',#12252,#10185,#10186);
#8284=AXIS2_PLACEMENT_3D('',#12254,#10188,#10189);
#8285=AXIS2_PLACEMENT_3D('',#12255,#10190,#10191);
#8286=AXIS2_PLACEMENT_3D('',#12257,#10193,#10194);
#8287=AXIS2_PLACEMENT_3D('',#12261,#10197,#10198);
#8288=AXIS2_PLACEMENT_3D('',#12265,#10201,#10202);
#8289=AXIS2_PLACEMENT_3D('',#12267,#10204,#10205);
#8290=AXIS2_PLACEMENT_3D('',#12271,#10208,#10209);
#8291=AXIS2_PLACEMENT_3D('',#12273,#10211,#10212);
#8292=AXIS2_PLACEMENT_3D('',#12275,#10214,#10215);
#8293=AXIS2_PLACEMENT_3D('',#12279,#10218,#10219);
#8294=AXIS2_PLACEMENT_3D('',#12283,#10222,#10223);
#8295=AXIS2_PLACEMENT_3D('',#12285,#10225,#10226);
#8296=AXIS2_PLACEMENT_3D('',#12289,#10229,#10230);
#8297=AXIS2_PLACEMENT_3D('',#12291,#10232,#10233);
#8298=AXIS2_PLACEMENT_3D('',#12296,#10237,#10238);
#8299=AXIS2_PLACEMENT_3D('',#12297,#10239,#10240);
#8300=AXIS2_PLACEMENT_3D('',#12301,#10243,#10244);
#8301=AXIS2_PLACEMENT_3D('',#12303,#10246,#10247);
#8302=AXIS2_PLACEMENT_3D('',#12305,#10249,#10250);
#8303=AXIS2_PLACEMENT_3D('',#12309,#10253,#10254);
#8304=AXIS2_PLACEMENT_3D('',#12311,#10256,#10257);
#8305=AXIS2_PLACEMENT_3D('',#12314,#10260,#10261);
#8306=AXIS2_PLACEMENT_3D('',#12315,#10262,#10263);
#8307=AXIS2_PLACEMENT_3D('',#12319,#10266,#10267);
#8308=AXIS2_PLACEMENT_3D('',#12321,#10269,#10270);
#8309=AXIS2_PLACEMENT_3D('',#12323,#10272,#10273);
#8310=AXIS2_PLACEMENT_3D('',#12326,#10276,#10277);
#8311=AXIS2_PLACEMENT_3D('',#12328,#10279,#10280);
#8312=AXIS2_PLACEMENT_3D('',#12330,#10282,#10283);
#8313=AXIS2_PLACEMENT_3D('',#12332,#10285,#10286);
#8314=AXIS2_PLACEMENT_3D('',#12334,#10288,#10289);
#8315=AXIS2_PLACEMENT_3D('',#12336,#10291,#10292);
#8316=AXIS2_PLACEMENT_3D('',#12338,#10294,#10295);
#8317=AXIS2_PLACEMENT_3D('',#12340,#10297,#10298);
#8318=AXIS2_PLACEMENT_3D('',#12342,#10300,#10301);
#8319=AXIS2_PLACEMENT_3D('',#12344,#10303,#10304);
#8320=AXIS2_PLACEMENT_3D('',#12346,#10306,#10307);
#8321=AXIS2_PLACEMENT_3D('',#12348,#10309,#10310);
#8322=AXIS2_PLACEMENT_3D('',#12349,#10311,#10312);
#8323=AXIS2_PLACEMENT_3D('',#12352,#10315,#10316);
#8324=AXIS2_PLACEMENT_3D('',#12354,#10318,#10319);
#8325=AXIS2_PLACEMENT_3D('',#12355,#10320,#10321);
#8326=AXIS2_PLACEMENT_3D('',#12359,#10324,#10325);
#8327=AXIS2_PLACEMENT_3D('',#12363,#10328,#10329);
#8328=AXIS2_PLACEMENT_3D('',#12365,#10331,#10332);
#8329=AXIS2_PLACEMENT_3D('',#12368,#10335,#10336);
#8330=AXIS2_PLACEMENT_3D('',#12372,#10339,#10340);
#8331=AXIS2_PLACEMENT_3D('',#12374,#10342,#10343);
#8332=AXIS2_PLACEMENT_3D('',#12378,#10346,#10347);
#8333=AXIS2_PLACEMENT_3D('',#12380,#10349,#10350);
#8334=AXIS2_PLACEMENT_3D('',#12382,#10352,#10353);
#8335=AXIS2_PLACEMENT_3D('',#12385,#10356,#10357);
#8336=AXIS2_PLACEMENT_3D('',#12387,#10359,#10360);
#8337=AXIS2_PLACEMENT_3D('',#12389,#10362,#10363);
#8338=AXIS2_PLACEMENT_3D('',#12391,#10365,#10366);
#8339=AXIS2_PLACEMENT_3D('',#12392,#10367,#10368);
#8340=AXIS2_PLACEMENT_3D('',#12394,#10370,#10371);
#8341=AXIS2_PLACEMENT_3D('',#12396,#10373,#10374);
#8342=AXIS2_PLACEMENT_3D('',#12398,#10376,#10377);
#8343=AXIS2_PLACEMENT_3D('',#12404,#10381,#10382);
#8344=AXIS2_PLACEMENT_3D('',#12406,#10384,#10385);
#8345=AXIS2_PLACEMENT_3D('',#12408,#10387,#10388);
#8346=AXIS2_PLACEMENT_3D('',#12412,#10391,#10392);
#8347=AXIS2_PLACEMENT_3D('',#12414,#10394,#10395);
#8348=AXIS2_PLACEMENT_3D('',#12418,#10398,#10399);
#8349=AXIS2_PLACEMENT_3D('',#12420,#10401,#10402);
#8350=AXIS2_PLACEMENT_3D('',#12424,#10405,#10406);
#8351=AXIS2_PLACEMENT_3D('',#12426,#10408,#10409);
#8352=AXIS2_PLACEMENT_3D('',#12430,#10412,#10413);
#8353=AXIS2_PLACEMENT_3D('',#12432,#10415,#10416);
#8354=AXIS2_PLACEMENT_3D('',#12436,#10419,#10420);
#8355=AXIS2_PLACEMENT_3D('',#12438,#10422,#10423);
#8356=AXIS2_PLACEMENT_3D('',#12442,#10426,#10427);
#8357=AXIS2_PLACEMENT_3D('',#12444,#10429,#10430);
#8358=AXIS2_PLACEMENT_3D('',#12446,#10432,#10433);
#8359=AXIS2_PLACEMENT_3D('',#12450,#10436,#10437);
#8360=AXIS2_PLACEMENT_3D('',#12452,#10439,#10440);
#8361=AXIS2_PLACEMENT_3D('',#12456,#10443,#10444);
#8362=AXIS2_PLACEMENT_3D('',#12458,#10446,#10447);
#8363=AXIS2_PLACEMENT_3D('',#12460,#10449,#10450);
#8364=AXIS2_PLACEMENT_3D('',#12462,#10452,#10453);
#8365=AXIS2_PLACEMENT_3D('',#12464,#10455,#10456);
#8366=AXIS2_PLACEMENT_3D('',#12468,#10459,#10460);
#8367=AXIS2_PLACEMENT_3D('',#12470,#10462,#10463);
#8368=AXIS2_PLACEMENT_3D('',#12472,#10465,#10466);
#8369=AXIS2_PLACEMENT_3D('',#12476,#10469,#10470);
#8370=AXIS2_PLACEMENT_3D('',#12478,#10472,#10473);
#8371=AXIS2_PLACEMENT_3D('',#12482,#10476,#10477);
#8372=AXIS2_PLACEMENT_3D('',#12486,#10480,#10481);
#8373=AXIS2_PLACEMENT_3D('',#12488,#10483,#10484);
#8374=AXIS2_PLACEMENT_3D('',#12492,#10487,#10488);
#8375=AXIS2_PLACEMENT_3D('',#12494,#10490,#10491);
#8376=AXIS2_PLACEMENT_3D('',#12498,#10494,#10495);
#8377=AXIS2_PLACEMENT_3D('',#12500,#10497,#10498);
#8378=AXIS2_PLACEMENT_3D('',#12503,#10501,#10502);
#8379=AXIS2_PLACEMENT_3D('',#12504,#10503,#10504);
#8380=AXIS2_PLACEMENT_3D('',#12508,#10507,#10508);
#8381=AXIS2_PLACEMENT_3D('',#12510,#10510,#10511);
#8382=AXIS2_PLACEMENT_3D('',#12514,#10514,#10515);
#8383=AXIS2_PLACEMENT_3D('',#12518,#10518,#10519);
#8384=AXIS2_PLACEMENT_3D('',#12520,#10521,#10522);
#8385=AXIS2_PLACEMENT_3D('',#12522,#10524,#10525);
#8386=AXIS2_PLACEMENT_3D('',#12526,#10528,#10529);
#8387=AXIS2_PLACEMENT_3D('',#12528,#10531,#10532);
#8388=AXIS2_PLACEMENT_3D('',#12532,#10535,#10536);
#8389=AXIS2_PLACEMENT_3D('',#12534,#10538,#10539);
#8390=AXIS2_PLACEMENT_3D('',#12535,#10540,#10541);
#8391=AXIS2_PLACEMENT_3D('',#12537,#10543,#10544);
#8392=AXIS2_PLACEMENT_3D('',#12538,#10545,#10546);
#8393=AXIS2_PLACEMENT_3D('',#12540,#10548,#10549);
#8394=AXIS2_PLACEMENT_3D('',#12542,#10551,#10552);
#8395=AXIS2_PLACEMENT_3D('',#12545,#10555,#10556);
#8396=AXIS2_PLACEMENT_3D('',#12546,#10557,#10558);
#8397=AXIS2_PLACEMENT_3D('',#12548,#10560,#10561);
#8398=AXIS2_PLACEMENT_3D('',#12550,#10563,#10564);
#8399=AXIS2_PLACEMENT_3D('',#12551,#10565,#10566);
#8400=AXIS2_PLACEMENT_3D('',#12555,#10569,#10570);
#8401=AXIS2_PLACEMENT_3D('',#12557,#10572,#10573);
#8402=AXIS2_PLACEMENT_3D('',#12559,#10575,#10576);
#8403=AXIS2_PLACEMENT_3D('',#12563,#10579,#10580);
#8404=AXIS2_PLACEMENT_3D('',#12565,#10582,#10583);
#8405=AXIS2_PLACEMENT_3D('',#12567,#10585,#10586);
#8406=AXIS2_PLACEMENT_3D('',#12571,#10589,#10590);
#8407=AXIS2_PLACEMENT_3D('',#12573,#10592,#10593);
#8408=AXIS2_PLACEMENT_3D('',#12575,#10595,#10596);
#8409=AXIS2_PLACEMENT_3D('',#12577,#10598,#10599);
#8410=AXIS2_PLACEMENT_3D('',#12581,#10602,#10603);
#8411=AXIS2_PLACEMENT_3D('',#12583,#10605,#10606);
#8412=AXIS2_PLACEMENT_3D('',#12586,#10609,#10610);
#8413=AXIS2_PLACEMENT_3D('',#12588,#10612,#10613);
#8414=AXIS2_PLACEMENT_3D('',#12589,#10614,#10615);
#8415=AXIS2_PLACEMENT_3D('',#12590,#10616,#10617);
#8416=AXIS2_PLACEMENT_3D('',#12591,#10618,#10619);
#8417=AXIS2_PLACEMENT_3D('',#12592,#10620,#10621);
#8418=AXIS2_PLACEMENT_3D('',#12593,#10622,#10623);
#8419=AXIS2_PLACEMENT_3D('',#12594,#10624,#10625);
#8420=AXIS2_PLACEMENT_3D('',#12595,#10626,#10627);
#8421=AXIS2_PLACEMENT_3D('',#12596,#10628,#10629);
#8422=AXIS2_PLACEMENT_3D('',#12597,#10630,#10631);
#8423=AXIS2_PLACEMENT_3D('',#12598,#10632,#10633);
#8424=AXIS2_PLACEMENT_3D('',#12599,#10634,#10635);
#8425=AXIS2_PLACEMENT_3D('',#12600,#10636,#10637);
#8426=DIRECTION('axis',(0.,0.,1.));
#8427=DIRECTION('refdir',(1.,0.,0.));
#8428=DIRECTION('axis',(0.,0.,1.));
#8429=DIRECTION('refdir',(1.,0.,0.));
#8430=DIRECTION('axis',(0.,0.,1.));
#8431=DIRECTION('refdir',(1.,0.,0.));
#8432=DIRECTION('center_axis',(-0.000186363113224799,0.999999982634395,
-1.35525271560688E-20));
#8433=DIRECTION('ref_axis',(-0.393753705558376,-7.33811676859681E-5,-0.919215977871497));
#8434=DIRECTION('',(0.393753705558376,7.33811676859681E-5,0.919215977871497));
#8435=DIRECTION('',(-0.919215961908755,-0.00017130795136211,0.393753712396148));
#8436=DIRECTION('',(-0.393753705558376,-7.33811676859681E-5,-0.919215977871497));
#8437=DIRECTION('',(-0.919215961908755,-0.00017130795136211,0.393753712396148));
#8438=DIRECTION('center_axis',(0.393753705558376,7.33811676859681E-5,0.919215977871497));
#8439=DIRECTION('ref_axis',(-0.000186363113224799,0.999999982634395,-2.72478582449584E-20));
#8440=DIRECTION('',(0.000186363113224799,-0.999999982634395,2.72478582449584E-20));
#8441=DIRECTION('',(-0.000186363113224798,0.999999982634395,-2.40405622863873E-20));
#8442=DIRECTION('',(-0.919215961908755,-0.00017130795136211,0.393753712396148));
#8443=DIRECTION('center_axis',(0.000186363113224799,-0.999999982634395,
1.35525271560688E-20));
#8444=DIRECTION('ref_axis',(0.393753705558376,7.33811676859681E-5,0.919215977871497));
#8445=DIRECTION('',(-0.393753705558376,-7.33811676859681E-5,-0.919215977871497));
#8446=DIRECTION('',(0.393753705558376,7.33811676859681E-5,0.919215977871497));
#8447=DIRECTION('',(-0.919215961908755,-0.00017130795136211,0.393753712396148));
#8448=DIRECTION('center_axis',(-0.393753705558376,-7.33811676859681E-5,
-0.919215977871497));
#8449=DIRECTION('ref_axis',(0.000186363113224799,-0.999999982634395,0.));
#8450=DIRECTION('',(-0.000186363113224799,0.999999982634395,0.));
#8451=DIRECTION('',(0.000186363113224799,-0.999999982634395,-3.20729595857115E-21));
#8452=DIRECTION('center_axis',(-0.919215961908755,-0.00017130795136211,
0.393753712396148));
#8453=DIRECTION('ref_axis',(0.393753718173778,0.,0.919215975396601));
#8454=DIRECTION('center_axis',(-0.919215961908755,-0.00017130795136211,
0.393753712396148));
#8455=DIRECTION('ref_axis',(0.000186363113224799,-0.999999982634395,1.36239291225366E-20));
#8456=DIRECTION('axis',(0.,0.,1.));
#8457=DIRECTION('refdir',(1.,0.,0.));
#8458=DIRECTION('center_axis',(-0.383541772365771,0.92352352912664,0.));
#8459=DIRECTION('ref_axis',(-0.92352352912664,-0.383541772365771,0.));
#8460=DIRECTION('',(0.92352352912664,0.383541772365771,0.));
#8461=DIRECTION('',(0.,0.,1.));
#8462=DIRECTION('',(-0.92352352912664,-0.383541772365771,0.));
#8463=DIRECTION('',(0.,0.,1.));
#8464=DIRECTION('center_axis',(0.470218388789097,0.8825500931078,0.));
#8465=DIRECTION('ref_axis',(-0.8825500931078,0.470218388789097,0.));
#8466=DIRECTION('',(0.8825500931078,-0.470218388789097,0.));
#8467=DIRECTION('',(-0.8825500931078,0.470218388789097,0.));
#8468=DIRECTION('',(0.,0.,1.));
#8469=DIRECTION('center_axis',(0.999999258208885,-0.00121802367792293,0.));
#8470=DIRECTION('ref_axis',(0.00121802367792293,0.999999258208885,0.));
#8471=DIRECTION('',(-0.00121802367792293,-0.999999258208885,0.));
#8472=DIRECTION('',(0.00121802367792293,0.999999258208885,0.));
#8473=DIRECTION('',(0.,0.,1.));
#8474=DIRECTION('center_axis',(0.467365577412037,-0.884064147587896,0.));
#8475=DIRECTION('ref_axis',(0.884064147587896,0.467365577412037,0.));
#8476=DIRECTION('',(-0.884064147587896,-0.467365577412037,0.));
#8477=DIRECTION('',(0.884064147587896,0.467365577412037,0.));
#8478=DIRECTION('',(0.,0.,1.));
#8479=DIRECTION('center_axis',(-0.384553331254654,-0.9231027761961,0.));
#8480=DIRECTION('ref_axis',(0.923102776196101,-0.384553331254654,0.));
#8481=DIRECTION('',(-0.923102776196101,0.384553331254654,0.));
#8482=DIRECTION('',(0.923102776196101,-0.384553331254654,0.));
#8483=DIRECTION('',(0.,0.,1.));
#8484=DIRECTION('center_axis',(-0.99999885724303,-0.00151179120053792,0.));
#8485=DIRECTION('ref_axis',(0.00151179120053792,-0.99999885724303,0.));
#8486=DIRECTION('',(0.00151179120053792,-0.99999885724303,0.));
#8487=DIRECTION('',(0.00151179120053792,-0.99999885724303,0.));
#8488=DIRECTION('center_axis',(0.,0.,1.));
#8489=DIRECTION('ref_axis',(1.,0.,0.));
#8490=DIRECTION('center_axis',(0.,0.,1.));
#8491=DIRECTION('ref_axis',(1.,0.,0.));
#8492=DIRECTION('axis',(0.,0.,1.));
#8493=DIRECTION('refdir',(1.,0.,0.));
#8494=DIRECTION('center_axis',(0.,0.,1.));
#8495=DIRECTION('ref_axis',(1.,0.,0.));
#8496=DIRECTION('',(0.,1.,0.));
#8497=DIRECTION('',(-1.,0.,0.));
#8498=DIRECTION('',(0.,-1.,0.));
#8499=DIRECTION('',(1.,0.,0.));
#8500=DIRECTION('center_axis',(0.,0.,1.));
#8501=DIRECTION('ref_axis',(1.,0.,0.));
#8502=DIRECTION('',(0.,-1.,0.));
#8503=DIRECTION('',(-1.,0.,0.));
#8504=DIRECTION('',(0.,1.,0.));
#8505=DIRECTION('',(1.,0.,0.));
#8506=DIRECTION('center_axis',(0.,1.,0.));
#8507=DIRECTION('ref_axis',(0.,0.,1.));
#8508=DIRECTION('',(0.,0.,-1.));
#8509=DIRECTION('',(0.,0.,-1.));
#8510=DIRECTION('center_axis',(1.,0.,0.));
#8511=DIRECTION('ref_axis',(0.,0.,-1.));
#8512=DIRECTION('',(0.,0.,-1.));
#8513=DIRECTION('center_axis',(0.,-1.,0.));
#8514=DIRECTION('ref_axis',(0.,0.,-1.));
#8515=DIRECTION('',(0.,0.,-1.));
#8516=DIRECTION('center_axis',(-1.,0.,0.));
#8517=DIRECTION('ref_axis',(0.,0.,1.));
#8518=DIRECTION('axis',(0.,0.,1.));
#8519=DIRECTION('refdir',(1.,0.,0.));
#8520=DIRECTION('center_axis',(0.,0.,-1.));
#8521=DIRECTION('ref_axis',(-1.,0.,0.));
#8522=DIRECTION('',(0.,-1.,0.));
#8523=DIRECTION('',(-1.,0.,0.));
#8524=DIRECTION('',(0.,1.,0.));
#8525=DIRECTION('',(1.,0.,0.));
#8526=DIRECTION('center_axis',(0.,0.,1.));
#8527=DIRECTION('ref_axis',(1.,0.,0.));
#8528=DIRECTION('',(0.,1.,0.));
#8529=DIRECTION('',(-1.,0.,0.));
#8530=DIRECTION('',(0.,-1.,0.));
#8531=DIRECTION('',(1.,0.,0.));
#8532=DIRECTION('center_axis',(0.,1.,0.));
#8533=DIRECTION('ref_axis',(0.,0.,1.));
#8534=DIRECTION('',(0.,0.,-1.));
#8535=DIRECTION('',(0.,0.,-1.));
#8536=DIRECTION('center_axis',(1.,0.,0.));
#8537=DIRECTION('ref_axis',(0.,0.,-1.));
#8538=DIRECTION('',(0.,0.,-1.));
#8539=DIRECTION('center_axis',(0.,-1.,0.));
#8540=DIRECTION('ref_axis',(0.,0.,-1.));
#8541=DIRECTION('',(0.,0.,-1.));
#8542=DIRECTION('center_axis',(-1.,0.,0.));
#8543=DIRECTION('ref_axis',(0.,0.,1.));
#8544=DIRECTION('axis',(0.,0.,1.));
#8545=DIRECTION('refdir',(1.,0.,0.));
#8546=DIRECTION('center_axis',(-0.927779761634627,0.373128280757698,0.));
#8547=DIRECTION('ref_axis',(-0.373128280757698,-0.927779761634627,0.));
#8548=DIRECTION('',(-0.373128280757698,-0.927779761634627,0.));
#8549=DIRECTION('',(0.,0.,1.));
#8550=DIRECTION('',(-0.373128280757698,-0.927779761634627,0.));
#8551=DIRECTION('',(0.,0.,1.));
#8552=DIRECTION('center_axis',(-0.327180932622149,0.944961712096581,0.));
#8553=DIRECTION('ref_axis',(-0.944961712096581,-0.327180932622148,0.));
#8554=DIRECTION('',(-0.944961712096581,-0.327180932622148,0.));
#8555=DIRECTION('',(-0.944961712096581,-0.327180932622148,0.));
#8556=DIRECTION('',(0.,0.,1.));
#8557=DIRECTION('center_axis',(0.420968086434377,0.907075449013906,0.));
#8558=DIRECTION('ref_axis',(-0.907075449013906,0.420968086434377,0.));
#8559=DIRECTION('',(-0.907075449013906,0.420968086434377,0.));
#8560=DIRECTION('',(-0.907075449013906,0.420968086434377,0.));
#8561=DIRECTION('',(0.,0.,1.));
#8562=DIRECTION('center_axis',(0.918163128698116,0.39620256069249,0.));
#8563=DIRECTION('ref_axis',(-0.39620256069249,0.918163128698116,0.));
#8564=DIRECTION('',(-0.39620256069249,0.918163128698116,0.));
#8565=DIRECTION('',(-0.39620256069249,0.918163128698116,0.));
#8566=DIRECTION('',(0.,0.,1.));
#8567=DIRECTION('center_axis',(0.913759087546629,-0.40625648293406,0.));
#8568=DIRECTION('ref_axis',(0.40625648293406,0.913759087546629,0.));
#8569=DIRECTION('',(0.40625648293406,0.913759087546629,0.));
#8570=DIRECTION('',(0.40625648293406,0.913759087546629,0.));
#8571=DIRECTION('',(0.,0.,1.));
#8572=DIRECTION('center_axis',(0.435494403781462,-0.900191437570381,0.));
#8573=DIRECTION('ref_axis',(0.900191437570381,0.435494403781462,0.));
#8574=DIRECTION('',(0.900191437570381,0.435494403781462,0.));
#8575=DIRECTION('',(0.900191437570381,0.435494403781462,0.));
#8576=DIRECTION('',(0.,0.,1.));
#8577=DIRECTION('center_axis',(-0.347799063409927,-0.937569096915623,0.));
#8578=DIRECTION('ref_axis',(0.937569096915623,-0.347799063409927,0.));
#8579=DIRECTION('',(0.937569096915623,-0.347799063409927,0.));
#8580=DIRECTION('',(0.937569096915623,-0.347799063409927,0.));
#8581=DIRECTION('',(0.,0.,1.));
#8582=DIRECTION('center_axis',(-0.922357657472898,-0.386337095942271,0.));
#8583=DIRECTION('ref_axis',(0.386337095942271,-0.922357657472898,0.));
#8584=DIRECTION('',(0.386337095942271,-0.922357657472898,0.));
#8585=DIRECTION('',(0.386337095942271,-0.922357657472898,0.));
#8586=DIRECTION('center_axis',(0.,0.,1.));
#8587=DIRECTION('ref_axis',(1.,0.,0.));
#8588=DIRECTION('center_axis',(0.,0.,1.));
#8589=DIRECTION('ref_axis',(1.,0.,0.));
#8590=DIRECTION('axis',(0.,0.,1.));
#8591=DIRECTION('refdir',(1.,0.,0.));
#8592=DIRECTION('center_axis',(0.,0.,1.));
#8593=DIRECTION('ref_axis',(1.,0.,0.));
#8594=DIRECTION('',(0.,1.,0.));
#8595=DIRECTION('',(-1.,0.,0.));
#8596=DIRECTION('',(0.,-1.,0.));
#8597=DIRECTION('',(1.,0.,0.));
#8598=DIRECTION('center_axis',(0.,0.,1.));
#8599=DIRECTION('ref_axis',(1.,0.,0.));
#8600=DIRECTION('',(0.,-1.,0.));
#8601=DIRECTION('',(-1.,0.,0.));
#8602=DIRECTION('',(0.,1.,0.));
#8603=DIRECTION('',(1.,0.,0.));
#8604=DIRECTION('center_axis',(0.,1.,0.));
#8605=DIRECTION('ref_axis',(0.,0.,1.));
#8606=DIRECTION('',(0.,0.,-1.));
#8607=DIRECTION('',(0.,0.,-1.));
#8608=DIRECTION('center_axis',(1.,0.,0.));
#8609=DIRECTION('ref_axis',(0.,0.,-1.));
#8610=DIRECTION('',(0.,0.,-1.));
#8611=DIRECTION('center_axis',(0.,-1.,0.));
#8612=DIRECTION('ref_axis',(0.,0.,-1.));
#8613=DIRECTION('',(0.,0.,-1.));
#8614=DIRECTION('center_axis',(-1.,0.,0.));
#8615=DIRECTION('ref_axis',(0.,0.,1.));
#8616=DIRECTION('center_axis',(0.,0.,1.));
#8617=DIRECTION('ref_axis',(1.,0.,0.));
#8618=DIRECTION('center_axis',(0.,0.,1.));
#8619=DIRECTION('ref_axis',(1.,0.,0.));
#8620=DIRECTION('',(0.,0.,-1.));
#8621=DIRECTION('center_axis',(0.,0.,-1.));
#8622=DIRECTION('ref_axis',(1.,0.,0.));
#8623=DIRECTION('center_axis',(0.,0.,-1.));
#8624=DIRECTION('ref_axis',(-1.,0.,0.));
#8625=DIRECTION('center_axis',(0.,0.,1.));
#8626=DIRECTION('ref_axis',(1.,0.,0.));
#8627=DIRECTION('axis',(0.,0.,1.));
#8628=DIRECTION('refdir',(1.,0.,0.));
#8629=DIRECTION('center_axis',(0.,0.,1.));
#8630=DIRECTION('ref_axis',(1.,0.,0.));
#8631=DIRECTION('',(0.,1.,0.));
#8632=DIRECTION('',(-1.,0.,0.));
#8633=DIRECTION('',(0.,-1.,0.));
#8634=DIRECTION('',(1.,0.,0.));
#8635=DIRECTION('center_axis',(0.,0.,1.));
#8636=DIRECTION('ref_axis',(1.,0.,0.));
#8637=DIRECTION('',(0.,-1.,0.));
#8638=DIRECTION('',(-1.,0.,0.));
#8639=DIRECTION('',(0.,1.,0.));
#8640=DIRECTION('',(1.,0.,0.));
#8641=DIRECTION('center_axis',(0.,1.,0.));
#8642=DIRECTION('ref_axis',(0.,0.,1.));
#8643=DIRECTION('',(0.,0.,-1.));
#8644=DIRECTION('',(0.,0.,-1.));
#8645=DIRECTION('center_axis',(1.,0.,0.));
#8646=DIRECTION('ref_axis',(0.,0.,-1.));
#8647=DIRECTION('',(0.,0.,-1.));
#8648=DIRECTION('center_axis',(0.,-1.,0.));
#8649=DIRECTION('ref_axis',(0.,0.,-1.));
#8650=DIRECTION('',(0.,0.,-1.));
#8651=DIRECTION('center_axis',(-1.,0.,0.));
#8652=DIRECTION('ref_axis',(0.,0.,1.));
#8653=DIRECTION('center_axis',(0.,0.,1.));
#8654=DIRECTION('ref_axis',(1.,0.,0.));
#8655=DIRECTION('center_axis',(0.,0.,1.));
#8656=DIRECTION('ref_axis',(1.,0.,0.));
#8657=DIRECTION('',(0.,0.,-1.));
#8658=DIRECTION('center_axis',(0.,0.,-1.));
#8659=DIRECTION('ref_axis',(1.,0.,0.));
#8660=DIRECTION('center_axis',(0.,0.,-1.));
#8661=DIRECTION('ref_axis',(-1.,0.,0.));
#8662=DIRECTION('center_axis',(0.,0.,1.));
#8663=DIRECTION('ref_axis',(1.,0.,0.));
#8664=DIRECTION('center_axis',(0.,0.,1.));
#8665=DIRECTION('ref_axis',(1.,0.,0.));
#8666=DIRECTION('',(0.,1.,0.));
#8667=DIRECTION('',(-1.,0.,0.));
#8668=DIRECTION('',(0.,-1.,0.));
#8669=DIRECTION('',(1.,0.,0.));
#8670=DIRECTION('center_axis',(0.,0.,1.));
#8671=DIRECTION('ref_axis',(1.,0.,0.));
#8672=DIRECTION('',(0.,-1.,0.));
#8673=DIRECTION('',(-1.,0.,0.));
#8674=DIRECTION('',(0.,1.,0.));
#8675=DIRECTION('',(1.,0.,0.));
#8676=DIRECTION('center_axis',(0.,1.,0.));
#8677=DIRECTION('ref_axis',(0.,0.,1.));
#8678=DIRECTION('',(0.,0.,-1.));
#8679=DIRECTION('',(0.,0.,-1.));
#8680=DIRECTION('center_axis',(1.,0.,0.));
#8681=DIRECTION('ref_axis',(0.,0.,-1.));
#8682=DIRECTION('',(0.,0.,-1.));
#8683=DIRECTION('center_axis',(0.,-1.,0.));
#8684=DIRECTION('ref_axis',(0.,0.,-1.));
#8685=DIRECTION('',(0.,0.,-1.));
#8686=DIRECTION('center_axis',(-1.,0.,0.));
#8687=DIRECTION('ref_axis',(0.,0.,1.));
#8688=DIRECTION('axis',(0.,0.,1.));
#8689=DIRECTION('refdir',(1.,0.,0.));
#8690=DIRECTION('center_axis',(0.,0.,1.));
#8691=DIRECTION('ref_axis',(1.,0.,0.));
#8692=DIRECTION('center_axis',(0.,0.,1.));
#8693=DIRECTION('ref_axis',(1.,0.,0.));
#8694=DIRECTION('',(0.,0.,-1.));
#8695=DIRECTION('center_axis',(0.,0.,-1.));
#8696=DIRECTION('ref_axis',(1.,0.,0.));
#8697=DIRECTION('center_axis',(0.,0.,-1.));
#8698=DIRECTION('ref_axis',(-1.,0.,0.));
#8699=DIRECTION('center_axis',(0.,0.,1.));
#8700=DIRECTION('ref_axis',(1.,0.,0.));
#8701=DIRECTION('axis',(0.,0.,1.));
#8702=DIRECTION('refdir',(1.,0.,0.));
#8703=DIRECTION('center_axis',(0.,0.,1.));
#8704=DIRECTION('ref_axis',(1.,0.,0.));
#8705=DIRECTION('center_axis',(0.,0.,1.));
#8706=DIRECTION('ref_axis',(1.,0.,0.));
#8707=DIRECTION('',(0.,0.,-1.));
#8708=DIRECTION('center_axis',(0.,0.,-1.));
#8709=DIRECTION('ref_axis',(1.,0.,0.));
#8710=DIRECTION('center_axis',(0.,0.,-1.));
#8711=DIRECTION('ref_axis',(-1.,0.,0.));
#8712=DIRECTION('center_axis',(0.,0.,1.));
#8713=DIRECTION('ref_axis',(1.,0.,0.));
#8714=DIRECTION('center_axis',(0.,0.,1.));
#8715=DIRECTION('ref_axis',(1.,0.,0.));
#8716=DIRECTION('center_axis',(0.,0.,1.));
#8717=DIRECTION('ref_axis',(1.,0.,0.));
#8718=DIRECTION('',(0.,0.,-1.));
#8719=DIRECTION('center_axis',(0.,0.,-1.));
#8720=DIRECTION('ref_axis',(1.,0.,0.));
#8721=DIRECTION('center_axis',(0.,0.,-1.));
#8722=DIRECTION('ref_axis',(-1.,0.,0.));
#8723=DIRECTION('center_axis',(0.,0.,1.));
#8724=DIRECTION('ref_axis',(1.,0.,0.));
#8725=DIRECTION('center_axis',(0.,0.,1.));
#8726=DIRECTION('ref_axis',(1.,0.,0.));
#8727=DIRECTION('center_axis',(0.,0.,1.));
#8728=DIRECTION('ref_axis',(1.,0.,0.));
#8729=DIRECTION('',(0.,0.,-1.));
#8730=DIRECTION('center_axis',(0.,0.,-1.));
#8731=DIRECTION('ref_axis',(1.,0.,0.));
#8732=DIRECTION('center_axis',(0.,0.,-1.));
#8733=DIRECTION('ref_axis',(-1.,0.,0.));
#8734=DIRECTION('center_axis',(0.,0.,1.));
#8735=DIRECTION('ref_axis',(1.,0.,0.));
#8736=DIRECTION('axis',(0.,0.,1.));
#8737=DIRECTION('refdir',(1.,0.,0.));
#8738=DIRECTION('center_axis',(0.,0.,-1.));
#8739=DIRECTION('ref_axis',(-1.,0.,0.));
#8740=DIRECTION('',(0.,-1.,0.));
#8741=DIRECTION('',(1.,0.,0.));
#8742=DIRECTION('',(0.,1.,0.));
#8743=DIRECTION('',(-1.,0.,0.));
#8744=DIRECTION('center_axis',(0.,1.,0.));
#8745=DIRECTION('ref_axis',(0.,0.,1.));
#8746=DIRECTION('',(0.,0.,-1.));
#8747=DIRECTION('',(-1.,0.,0.));
#8748=DIRECTION('',(0.,0.,-1.));
#8749=DIRECTION('center_axis',(1.,0.,0.));
#8750=DIRECTION('ref_axis',(0.,0.,-1.));
#8751=DIRECTION('',(0.,0.,-1.));
#8752=DIRECTION('',(0.,1.,0.));
#8753=DIRECTION('center_axis',(0.,0.,1.));
#8754=DIRECTION('ref_axis',(1.,0.,0.));
#8755=DIRECTION('',(0.,-1.,0.));
#8756=DIRECTION('',(1.,0.,0.));
#8757=DIRECTION('center_axis',(0.,-1.,0.));
#8758=DIRECTION('ref_axis',(0.,0.,-1.));
#8759=DIRECTION('',(0.,0.,-1.));
#8760=DIRECTION('center_axis',(-1.,0.,0.));
#8761=DIRECTION('ref_axis',(0.,0.,1.));
#8762=DIRECTION('center_axis',(-0.393753705558376,-7.33811676880664E-5,
-0.919215977871497));
#8763=DIRECTION('ref_axis',(-0.000186363113230128,0.999999982634395,0.));
#8764=DIRECTION('',(-0.0300338822130767,0.999467106822077,0.0127854722211773));
#8765=DIRECTION('',(-0.919215961908753,-0.00017130795136803,0.393753712396153));
#8766=DIRECTION('',(-0.000186363113230128,0.999999982634395,3.20729595827533E-21));
#8767=DIRECTION('',(0.919215961908755,0.00017130795136211,-0.393753712396148));
#8768=DIRECTION('',(-9.57017782802637E-5,0.999999994666486,-3.88355275905544E-5));
#8769=DIRECTION('',(-9.57017782802637E-5,0.999999994666486,-3.88355275905544E-5));
#8770=DIRECTION('',(-2.90230094819658E-5,0.999999997307592,-6.73979254624916E-5));
#8771=DIRECTION('',(-2.90230094819658E-5,0.999999997307592,-6.73979254624916E-5));
#8772=DIRECTION('',(0.0294708753920991,0.999484906803855,-0.0127038803092569));
#8773=DIRECTION('',(-2.87502679878217E-5,0.99999999730759,-6.75147565191354E-5));
#8774=DIRECTION('',(-0.0246768481552815,0.999640434242414,0.0104907288955531));
#8775=DIRECTION('',(0.0250463460344015,0.99962785802396,-0.0108086082709576));
#8776=DIRECTION('',(-0.00443639340004259,0.999988501964564,0.00182053625798336));
#8777=DIRECTION('',(0.00214949052677315,0.999997189259271,-0.00100058184752394));
#8778=DIRECTION('',(-0.00707164228388619,0.999970646120599,0.00294936816293719));
#8779=DIRECTION('',(0.00332599334522381,0.99999333703234,-0.00150454617455467));
#8780=DIRECTION('',(-0.000409316604024395,0.999999911669452,9.55039626032055E-5));
#8781=DIRECTION('',(-2.90250194317363E-5,0.999999997307592,-6.73970644840173E-5));
#8782=DIRECTION('',(0.029151740587996,0.999495994028164,-0.0125671771827667));
#8783=DIRECTION('',(-0.039604062067929,0.999072778178744,0.0168849687570516));
#8784=DIRECTION('',(0.00520185703575705,0.999983806577741,-0.00230808701554868));
#8785=DIRECTION('',(-0.0174570540414209,0.999820243855974,0.00739805649997163));
#8786=DIRECTION('',(-2.88170702080277E-5,0.999999997307599,-6.74861412400517E-5));
#8787=DIRECTION('',(-0.0282747022232613,0.999527775701773,0.0120319081966581));
#8788=DIRECTION('',(0.079467107109859,0.996253386472473,-0.03411991837212));
#8789=DIRECTION('',(-0.013739310828001,0.999888757419967,0.00580552522392304));
#8790=DIRECTION('',(0.00871120927188251,0.999954793221155,-0.00381134452120004));
#8791=DIRECTION('',(-0.00252532739892808,0.999996309437286,0.00100191483435519));
#8792=DIRECTION('',(0.0777060325416811,0.99641783999572,-0.0333655607609754));
#8793=DIRECTION('',(-0.000597734427146422,0.99999980583102,0.000176214291405236));
#8794=DIRECTION('',(-0.00621797577705307,0.999977330397995,0.00258369257747245));
#8795=DIRECTION('',(0.00597614288865175,0.99997865846841,-0.00263975830206222));
#8796=DIRECTION('',(0.00820624911786924,0.999959865772069,-0.003595041101374));
#8797=DIRECTION('',(0.00448534386927016,0.999987938445666,-0.00200116305211021));
#8798=DIRECTION('',(-0.0136215270104471,0.999890660599947,0.00575507140741996));
#8799=DIRECTION('',(-2.90230094819658E-5,0.999999997307592,-6.73979254624916E-5));
#8800=DIRECTION('',(0.028394279608012,0.999521826086995,-0.0122427146198024));
#8801=DIRECTION('',(-2.87502679878217E-5,0.99999999730759,-6.75147565191354E-5));
#8802=DIRECTION('',(-0.0262522086584035,0.99959299317532,0.0111655512788757));
#8803=DIRECTION('center_axis',(0.000186363113225625,-0.999999982634395,
1.92882276990602E-15));
#8804=DIRECTION('ref_axis',(-0.393753705558381,-7.33811676880672E-5,-0.919215977871495));
#8805=DIRECTION('',(-0.394043255356281,-7.34351290907746E-5,-0.919091892857024));
#8806=DIRECTION('',(-0.39326728411928,-7.3290516672763E-5,-0.919424188212353));
#8807=DIRECTION('',(-0.919215961908753,-0.00017130795136803,0.393753712396153));
#8808=DIRECTION('',(-0.393753705558381,-7.33811676880672E-5,-0.919215977871495));
#8809=DIRECTION('center_axis',(0.393753705558376,7.33811676880664E-5,0.919215977871497));
#8810=DIRECTION('ref_axis',(0.000186363113230128,-0.999999982634395,0.));
#8811=DIRECTION('',(-0.605054018587905,-0.752797637835005,0.259239948813188));
#8812=DIRECTION('',(-1.87574203317996E-5,-0.999999995963945,8.78650644664371E-5));
#8813=DIRECTION('',(-1.87574203317996E-5,-0.999999995963945,8.78650644664371E-5));
#8814=DIRECTION('',(-0.919215961908753,-0.00017130795136803,0.393753712396153));
#8815=DIRECTION('',(0.000186363113230128,-0.999999982634395,-3.20729595827533E-21));
#8816=DIRECTION('center_axis',(-0.000186363113225625,0.999999982634395,
-1.92882276990602E-15));
#8817=DIRECTION('ref_axis',(0.393753705558381,7.33811676880672E-5,0.919215977871495));
#8818=DIRECTION('',(0.39404406652487,7.34352802626808E-5,0.919091545083406));
#8819=DIRECTION('',(0.386880779771173,7.21003078191572E-5,0.922129739811701));
#8820=DIRECTION('',(0.395509601754733,7.37084019754016E-5,0.918461838884384));
#8821=DIRECTION('',(0.926612750793304,0.00017268643999193,0.376016994624791));
#8822=DIRECTION('',(0.926612750793304,0.00017268643999193,0.376016994624791));
#8823=DIRECTION('',(0.393753705558381,7.33811676880672E-5,0.919215977871495));
#8824=DIRECTION('center_axis',(0.919215961908755,0.00017130795136211,-0.393753712396148));
#8825=DIRECTION('ref_axis',(-0.393753718173778,0.,-0.919215975396601));
#8826=DIRECTION('center_axis',(-0.966755692836207,0.0834858956161698,0.241688923209052));
#8827=DIRECTION('ref_axis',(0.242535625036333,0.,0.970142500145332));
#8828=DIRECTION('',(0.183053271389593,0.885918201816,0.42619296043538));
#8829=DIRECTION('',(0.183962971369321,0.883575701504576,0.430640923363847));
#8830=DIRECTION('center_axis',(-0.91677073212294,-0.00271532568470328,0.399404621567144));
#8831=DIRECTION('ref_axis',(0.399406093979141,0.,0.916774111813988));
#8832=DIRECTION('',(0.173019629296086,0.898584953558216,0.403248421096752));
#8833=DIRECTION('center_axis',(-0.926440254927831,0.00950513671276712,0.376321812316701));
#8834=DIRECTION('ref_axis',(0.3763388133595,0.,0.92648210860176));
#8835=DIRECTION('',(0.170143484362548,0.902317530789155,0.396073564328059));
#8836=DIRECTION('center_axis',(-0.905946852207529,-0.0149052294682358,0.423128981647167));
#8837=DIRECTION('ref_axis',(0.423175991888578,0.,0.906047504212179));
#8838=DIRECTION('',(0.162136573763669,0.91098415954176,0.379235536984829));
#8839=DIRECTION('center_axis',(-0.973525097343299,0.0849223039198203,0.212219431578894));
#8840=DIRECTION('ref_axis',(0.212988837493462,0.,0.977054632609243));
#8841=DIRECTION('',(0.161293112106345,0.913079029641724,0.374527993100085));
#8842=DIRECTION('center_axis',(-0.888710355322685,-0.0306464127579366,0.45744365962083));
#8843=DIRECTION('ref_axis',(0.457658627196919,0.,0.88912798907257));
#8844=DIRECTION('',(0.154352692566996,0.9195165252576,0.361475595407916));
#8845=DIRECTION('center_axis',(-0.919665076940047,0.,0.392703636673837));
#8846=DIRECTION('ref_axis',(0.392703636673837,0.,0.919665076940047));
#8847=DIRECTION('',(0.152502417991404,0.922333546431764,0.355026536519989));
#8848=DIRECTION('center_axis',(-0.899874416598711,-0.0189361732932651,0.435737829080902));
#8849=DIRECTION('ref_axis',(0.435815973240363,0.,0.900035797881704));
#8850=DIRECTION('',(0.149868743520512,0.924798892332271,0.349694678908026));
#8851=DIRECTION('center_axis',(-0.924489916730973,0.00568891628662077,0.381164046172041));
#8852=DIRECTION('ref_axis',(0.381170214274238,0.,0.924504877082935));
#8853=DIRECTION('',(0.142463722886015,0.93259511979285,0.331617897888544));
#8854=DIRECTION('center_axis',(-0.86869773593542,-0.0427762205443574,0.493492085586604));
#8855=DIRECTION('ref_axis',(0.493944203300462,0.,0.869493602061494));
#8856=DIRECTION('',(0.139346374178675,0.934927606956393,0.326332587637291));
#8857=DIRECTION('center_axis',(-0.948727823450796,0.0316254858634621,0.314508101094733));
#8858=DIRECTION('ref_axis',(0.314665500171103,0.,0.949202624839433));
#8859=DIRECTION('',(0.135963073970552,0.939063754050345,0.315710798588441));
#8860=DIRECTION('center_axis',(-0.918450055731313,0.,0.395536970619876));
#8861=DIRECTION('ref_axis',(0.395536970619876,0.,0.918450055731313));
#8862=DIRECTION('',(0.134084878784023,0.940622878688929,0.311849074663413));
#8863=DIRECTION('center_axis',(-0.918226652295933,-0.000413670283240848,
0.396055102088459));
#8864=DIRECTION('ref_axis',(0.396055135975553,0.,0.918226730860841));
#8865=DIRECTION('',(0.111203987295758,0.959502660994336,0.258821012969028));
#8866=DIRECTION('center_axis',(-0.923612795379017,0.00364866100423242,0.38330939394311));
#8867=DIRECTION('ref_axis',(0.383311945415269,0.,0.923618943342958));
#8868=DIRECTION('',(0.103830174693839,0.964954734365055,0.241001359849927));
#8869=DIRECTION('center_axis',(-0.906862940924273,-0.00765596942098875,
0.421356135009807));
#8870=DIRECTION('ref_axis',(0.421368484209078,0.,0.906889519464937));
#8871=DIRECTION('',(0.0909663670761657,0.972708382668874,0.213456136821284));
#8872=DIRECTION('center_axis',(-0.923791678124338,0.00236879903681956,0.382888135385967));
#8873=DIRECTION('ref_axis',(0.38288920962314,0.,0.923794269929278));
#8874=DIRECTION('',(0.0734238019953832,0.982519104971582,0.171070610177155));
#8875=DIRECTION('center_axis',(-0.908657182214709,-0.00479131786995497,
0.417515470950112));
#8876=DIRECTION('ref_axis',(0.417520263426955,0.,0.908667612291693));
#8877=DIRECTION('',(0.0687608975935377,0.984565042078366,0.160946006099425));
#8878=DIRECTION('center_axis',(-0.968184231055491,0.026948505929233,0.248783184246181));
#8879=DIRECTION('ref_axis',(0.248873569386227,0.,0.968535980984165));
#8880=DIRECTION('',(0.0679909260255154,0.985113157984521,0.157890151510335));
#8881=DIRECTION('center_axis',(-0.847470424380398,-0.0264844125723382,0.530181530884664));
#8882=DIRECTION('ref_axis',(0.530367569813563,0.,0.847767798922591));
#8883=DIRECTION('',(0.065674138209527,0.985850876110579,0.154223725938778));
#8884=DIRECTION('center_axis',(-0.920053538856675,0.,0.391792656436168));
#8885=DIRECTION('ref_axis',(0.391792656436168,0.,0.920053538856675));
#8886=DIRECTION('',(0.0652469190102739,0.986035660704741,0.153220479630602));
#8887=DIRECTION('center_axis',(-0.976520747681241,0.031502440705545,0.213107544628679));
#8888=DIRECTION('ref_axis',(0.213213367765051,0.,0.977005660068705));
#8889=DIRECTION('',(0.0645305205326129,0.986599967623958,0.149854315267179));
#8890=DIRECTION('center_axis',(-0.918461841379353,0.,0.395509602829121));
#8891=DIRECTION('ref_axis',(0.395509602829121,0.,0.918461841379353));
#8892=DIRECTION('',(0.0641673676750711,0.98675137338705,0.149010993032133));
#8893=DIRECTION('center_axis',(-0.918461841379353,0.,0.395509602829121));
#8894=DIRECTION('ref_axis',(0.395509602829121,0.,0.918461841379353));
#8895=DIRECTION('',(0.,1.,0.));
#8896=DIRECTION('center_axis',(-0.376017000231318,0.,0.926612764609381));
#8897=DIRECTION('ref_axis',(0.926612764609381,0.,0.376017000231318));
#8898=DIRECTION('',(0.0440397564880543,0.998869921199498,0.0178712162815248));
#8899=DIRECTION('',(0.726274756141896,0.621019229307312,0.294720368182421));
#8900=DIRECTION('center_axis',(0.,0.,-1.));
#8901=DIRECTION('ref_axis',(-1.,0.,0.));
#8902=DIRECTION('',(0.894359297637225,0.447349356465223,0.));
#8903=DIRECTION('',(0.923586577111191,0.383389924985039,0.));
#8904=DIRECTION('',(0.923527617678724,0.383531927464534,0.));
#8905=DIRECTION('center_axis',(0.447336481266696,-0.89433355700891,-0.00758691872379879));
#8906=DIRECTION('ref_axis',(0.,0.00848301584591739,-0.999964018573748));
#8907=DIRECTION('',(0.797092734935962,0.402516279854734,-0.450137552714961));
#8908=DIRECTION('',(0.797457487172613,0.402691905949905,-0.449333712328349));
#8909=DIRECTION('center_axis',(0.37931461625727,-0.913769155751728,-0.145417852722331));
#8910=DIRECTION('ref_axis',(0.,0.157162995947324,-0.987572677176147));
#8911=DIRECTION('',(0.102303691378916,-0.114781061641619,0.988108932566987));
#8912=DIRECTION('center_axis',(0.,0.,-1.));
#8913=DIRECTION('ref_axis',(-1.,0.,0.));
#8914=DIRECTION('',(0.936344291754673,-0.351083134454562,0.));
#8915=DIRECTION('',(0.933472384326606,0.358649282307384,0.));
#8916=DIRECTION('center_axis',(0.447199679947886,-0.894399359895772,-0.00788868002535972));
#8917=DIRECTION('ref_axis',(0.,0.00881974378700648,-0.999961105303367));
#8918=DIRECTION('',(0.894427190999916,0.447213595499958,0.));
#8919=DIRECTION('',(0.802108962101672,0.404925848862697,-0.438926269251457));
#8920=DIRECTION('center_axis',(0.,0.,-1.));
#8921=DIRECTION('ref_axis',(-1.,0.,0.));
#8922=DIRECTION('',(0.438648712275348,0.898658615503785,0.));
#8923=DIRECTION('',(0.403893629039882,0.914805955610803,0.));
#8924=DIRECTION('center_axis',(0.,0.,-1.));
#8925=DIRECTION('ref_axis',(-1.,0.,0.));
#8926=DIRECTION('',(0.938172102535109,-0.346169186995106,0.));
#8927=DIRECTION('',(0.999882112283858,0.0153545281519602,0.));
#8928=DIRECTION('center_axis',(0.,0.,-1.));
#8929=DIRECTION('ref_axis',(-1.,0.,0.));
#8930=DIRECTION('',(0.419746136677557,0.907641548599592,0.));
#8931=DIRECTION('',(0.403891382285564,0.914806947566237,0.));
#8932=DIRECTION('center_axis',(0.,0.,-1.));
#8933=DIRECTION('ref_axis',(-1.,0.,0.));
#8934=DIRECTION('',(0.385752596102089,-0.922602262408075,0.));
#8935=DIRECTION('',(0.999990895395844,-0.00426721518307581,0.));
#8936=DIRECTION('center_axis',(0.,0.,-1.));
#8937=DIRECTION('ref_axis',(-1.,0.,0.));
#8938=DIRECTION('',(0.419478656233411,0.907765199247367,0.));
#8939=DIRECTION('',(0.407772204899756,0.913083692172405,0.));
#8940=DIRECTION('center_axis',(0.,0.,-1.));
#8941=DIRECTION('ref_axis',(-1.,0.,0.));
#8942=DIRECTION('',(0.406115017218315,-0.913821969964483,0.));
#8943=DIRECTION('',(0.921234554103055,-0.389007578752066,0.));
#8944=DIRECTION('center_axis',(0.,0.,-1.));
#8945=DIRECTION('ref_axis',(-1.,0.,0.));
#8946=DIRECTION('',(0.0140276989049831,0.999901606991124,0.));
#8947=DIRECTION('',(0.390706718184039,-0.920515214630295,0.));
#8948=DIRECTION('center_axis',(0.,0.,-1.));
#8949=DIRECTION('ref_axis',(-1.,0.,0.));
#8950=DIRECTION('',(0.369162204737455,0.929364980292125,0.));
#8951=DIRECTION('',(0.915574300534019,-0.40214885328898,0.));
#8952=DIRECTION('center_axis',(0.,0.,-1.));
#8953=DIRECTION('ref_axis',(-1.,0.,0.));
#8954=DIRECTION('',(0.0129095150218265,0.999916668738901,0.));
#8955=DIRECTION('',(0.395754307834407,-0.918356427445526,0.));
#8956=DIRECTION('center_axis',(0.,0.,-1.));
#8957=DIRECTION('ref_axis',(-1.,0.,0.));
#8958=DIRECTION('',(0.39479475329486,0.918769341440413,0.));
#8959=DIRECTION('',(0.67936783221094,-0.733797893535412,0.));
#8960=DIRECTION('center_axis',(0.,0.,-1.));
#8961=DIRECTION('ref_axis',(-1.,0.,0.));
#8962=DIRECTION('',(0.353336338896591,-0.935496355746592,0.));
#8963=DIRECTION('',(0.923327656056347,-0.384013072123193,0.));
#8964=DIRECTION('center_axis',(0.,0.,-1.));
#8965=DIRECTION('ref_axis',(-1.,0.,0.));
#8966=DIRECTION('',(0.944985810097712,0.327111324649533,0.));
#8967=DIRECTION('',(0.671163607884001,-0.741309254934896,0.));
#8968=DIRECTION('center_axis',(0.,0.,-1.));
#8969=DIRECTION('ref_axis',(-1.,0.,0.));
#8970=DIRECTION('',(0.359557912254348,-0.933122772059119,0.));
#8971=DIRECTION('',(0.899494406133437,-0.436932275455426,0.));
#8972=DIRECTION('center_axis',(0.,0.,-1.));
#8973=DIRECTION('ref_axis',(-1.,0.,0.));
#8974=DIRECTION('',(0.936688558168738,0.350163597473768,0.));
#8975=DIRECTION('center_axis',(-0.35018580654838,-0.93389143851444,-0.072226601480972));
#8976=DIRECTION('ref_axis',(0.,0.0771091320256907,-0.997022658598211));
#8977=DIRECTION('',(0.931353135710806,-0.355369601546051,0.0793333656077325));
#8978=DIRECTION('',(0.889146364871144,-0.307173241321881,-0.339209878470896));
#8979=DIRECTION('center_axis',(-0.350167660670863,-0.93390270864374,-0.0721688312790331));
#8980=DIRECTION('ref_axis',(0.,0.077046898545807,-0.997027469744175));
#8981=DIRECTION('',(0.88552164735251,-0.304940301822805,-0.350517937336041));
#8982=DIRECTION('center_axis',(-0.217875134023227,-0.732282285498758,0.645207780733522));
#8983=DIRECTION('ref_axis',(0.947439985216654,0.,0.319933546869761));
#8984=DIRECTION('',(0.185781317647652,0.617883813376058,0.764005821431331));
#8985=DIRECTION('',(0.946463530954848,-0.319874623067597,-0.04343972939422));
#8986=DIRECTION('',(0.684694395038963,-0.585791342875721,-0.433638199440604));
#8987=DIRECTION('center_axis',(-0.343212184524043,-0.784028295152826,0.517208883135226));
#8988=DIRECTION('ref_axis',(0.833233414910644,0.,0.55292140153583));
#8989=DIRECTION('',(0.401749247780574,0.375201745848641,0.835356924805125));
#8990=DIRECTION('center_axis',(0.342282658007114,-0.769536787981662,0.539124952094087));
#8991=DIRECTION('ref_axis',(0.844226206469408,0.,-0.535987044908991));
#8992=DIRECTION('',(0.890252314191601,0.0821106218939637,-0.448005204041968));
#8993=DIRECTION('',(0.892521411426522,0.445628375651643,0.0694325641128702));
#8994=DIRECTION('center_axis',(0.447185578595468,-0.894406127507772,-0.00792069269621165));
#8995=DIRECTION('ref_axis',(0.,0.00885546496060351,-0.999960789601438));
#8996=DIRECTION('',(0.00886083637204291,-0.00442513286757705,0.999950950686028));
#8997=DIRECTION('center_axis',(-0.345581319304598,-0.936578890060007,-0.0582540508605095));
#8998=DIRECTION('ref_axis',(0.,0.0620787998224019,-0.998071251270474));
#8999=DIRECTION('',(0.205987142410522,-0.0151480712622894,-0.978437444652738));
#9000=DIRECTION('center_axis',(0.914761185742001,-0.403873862810038,-0.00989322994717369));
#9001=DIRECTION('ref_axis',(-0.0108144634521779,0.,-0.999941521980281));
#9002=DIRECTION('',(0.248645078184091,0.582136243552933,-0.774140180482131));
#9003=DIRECTION('center_axis',(0.914762195819496,-0.403871624188078,-0.00989122212764023));
#9004=DIRECTION('ref_axis',(-0.0108122569885043,0.,-0.999941545840963));
#9005=DIRECTION('',(0.350957514887355,0.806562892793963,-0.475694358503363));
#9006=DIRECTION('center_axis',(-0.906676527054801,-0.379089406088815,-0.185010533427356));
#9007=DIRECTION('ref_axis',(-0.19993356469343,0.,0.979809455817292));
#9008=DIRECTION('',(0.382207666650806,-0.923861497916284,0.0199306854178857));
#9009=DIRECTION('',(0.420157366472593,-0.850572296075692,-0.316219159045338));
#9010=DIRECTION('center_axis',(-0.906677002388089,-0.379094027565441,-0.184998734062595));
#9011=DIRECTION('ref_axis',(-0.199921222623994,0.,0.979811974178989));
#9012=DIRECTION('',(0.420550784379671,-0.846437051483472,-0.326621119393113));
#9013=DIRECTION('center_axis',(0.912939996883844,-0.407708032310592,-0.017740419362326));
#9014=DIRECTION('ref_axis',(-0.0194285176383668,0.,-0.999811248537631));
#9015=DIRECTION('',(0.352944934551084,0.810643994328485,-0.467211073963247));
#9016=DIRECTION('center_axis',(-0.90685725135831,-0.403019800743298,-0.123227293517642));
#9017=DIRECTION('ref_axis',(-0.134646493102858,0.,0.990893698584819));
#9018=DIRECTION('',(0.133227804806366,0.00324926803339327,-0.991080114967364));
#9019=DIRECTION('center_axis',(0.920366605672409,0.390643642074806,-0.0179681960579965));
#9020=DIRECTION('ref_axis',(-0.0195191488970009,0.,-0.999809483264855));
#9021=DIRECTION('',(0.0195191488970009,0.,0.999809483264855));
#9022=DIRECTION('',(0.353686762349111,-0.8119344757487,0.464400776517101));
#9023=DIRECTION('center_axis',(0.912920892534039,-0.407747214030323,-0.0178228343807721));
#9024=DIRECTION('ref_axis',(-0.0195191488970009,0.,-0.999809483264855));
#9025=DIRECTION('',(0.40799086144056,0.91289115428211,0.013160448870264));
#9026=DIRECTION('center_axis',(-0.922322988630372,0.366393845299925,-0.122783772422387));
#9027=DIRECTION('ref_axis',(-0.131960310990084,0.,0.991255000654927));
#9028=DIRECTION('',(0.367055155949339,0.930024719849428,0.0180147983613574));
#9029=DIRECTION('',(0.308941838056985,0.890040903009421,0.335234442842835));
#9030=DIRECTION('center_axis',(-0.922341415666178,0.366372305551007,-0.122709603015214));
#9031=DIRECTION('ref_axis',(-0.131879396213194,0.,0.99126576903192));
#9032=DIRECTION('',(0.306453425623817,0.887101545960571,0.345162490832641));
#9033=DIRECTION('center_axis',(0.918330585829962,0.395743171710812,-0.00750181134567464));
#9034=DIRECTION('ref_axis',(-0.00816869346234708,0.,-0.99996663566697));
#9035=DIRECTION('',(0.35404838750283,-0.812807887148481,0.462593858471844));
#9036=DIRECTION('center_axis',(-0.901112480933013,0.387207608650861,-0.195106546557601));
#9037=DIRECTION('ref_axis',(-0.211614015667468,0.,0.97735331808568));
#9038=DIRECTION('',(0.206607322691006,-0.0121530490785446,-0.978348464305305));
#9039=DIRECTION('center_axis',(0.3840127006703,0.923326762928602,-0.00139089312698866));
#9040=DIRECTION('ref_axis',(0.,0.00150639145827227,0.999998865391743));
#9041=DIRECTION('',(0.00905776404304828,-0.00226080733445013,0.999956421880842));
#9042=DIRECTION('',(0.806680245847938,-0.334765615441255,0.487030762557098));
#9043=DIRECTION('center_axis',(0.918314933558815,0.395780969292015,-0.0074234189658084));
#9044=DIRECTION('ref_axis',(-0.00808347567692116,0.,-0.999967328176766));
#9045=DIRECTION('',(0.395846656455687,-0.918227849963935,0.0127687165941804));
#9046=DIRECTION('center_axis',(-0.326063681094255,0.941909133576176,-0.0805584257358674));
#9047=DIRECTION('ref_axis',(0.,0.0852156477797496,0.996362531096728));
#9048=DIRECTION('',(0.939698868441045,0.332238235436438,0.0811405667018806));
#9049=DIRECTION('',(0.849190976308361,0.329277471961507,0.412857157156191));
#9050=DIRECTION('center_axis',(-0.326047226046446,0.941911755472612,-0.0805943626435526));
#9051=DIRECTION('ref_axis',(0.,0.0852531504431544,0.996359322904903));
#9052=DIRECTION('',(0.844159425774798,0.328462108915594,0.423683262452369));
#9053=DIRECTION('center_axis',(0.434524238958442,0.894537080981515,-0.10484319962047));
#9054=DIRECTION('ref_axis',(0.,0.116407060882561,0.993201588891542));
#9055=DIRECTION('',(0.81078518064814,-0.337815051782228,0.478025503117493));
#9056=DIRECTION('center_axis',(-0.350021525024211,0.936308513986843,-0.0284833048552264));
#9057=DIRECTION('ref_axis',(0.,0.0304067878709087,0.999537606721915));
#9058=DIRECTION('',(0.100269281370707,0.0676812402063419,0.992655691031656));
#9059=DIRECTION('center_axis',(0.434542599521911,0.894523376003176,-0.104884026355881));
#9060=DIRECTION('ref_axis',(0.,0.116453536033349,0.993196140722128));
#9061=DIRECTION('',(0.900478433648696,-0.429221816784604,0.070051570501418));
#9062=DIRECTION('center_axis',(-0.791651115138853,-0.316233581694184,0.522766519306926));
#9063=DIRECTION('ref_axis',(0.551045421191898,0.,0.834475250551772));
#9064=DIRECTION('',(0.590606824961951,-0.615169569952514,0.522254706549211));
#9065=DIRECTION('center_axis',(-0.322257151321836,-0.944124170777772,-0.0691366659242463));
#9066=DIRECTION('ref_axis',(0.,0.07303280783941,-0.997329538808057));
#9067=DIRECTION('',(0.184874124964282,-0.134392923361647,0.973529711960042));
#9068=DIRECTION('',(0.276563188761,-0.0240489889248547,-0.96069477398081));
#9069=DIRECTION('center_axis',(-0.299313015200133,-0.952116855856233,-0.0623314665818725));
#9070=DIRECTION('ref_axis',(0.,0.0653263548642814,-0.997863952330249));
#9071=DIRECTION('',(0.952270502337872,-0.302187471796173,0.0431696915279109));
#9072=DIRECTION('',(0.0403015335779528,0.0526526980683318,-0.997799318388918));
#9073=DIRECTION('center_axis',(0.375849679476504,-0.926068149652152,-0.0336868021226157));
#9074=DIRECTION('ref_axis',(0.,0.0363521157933098,-0.999339043406866));
#9075=DIRECTION('',(0.153439346999475,0.0263415532873692,0.987806908946674));
#9076=DIRECTION('',(0.919672163596827,0.377222992784883,-0.109114275965824));
#9077=DIRECTION('center_axis',(0.377117492051114,-0.925544890240335,-0.0338976892882738));
#9078=DIRECTION('ref_axis',(0.,0.0366000374441289,-0.999329994175642));
#9079=DIRECTION('',(0.918974954176928,0.378490788632023,-0.110588229555516));
#9080=DIRECTION('',(0.219857690890111,0.125015869362177,-0.967488309058093));
#9081=DIRECTION('center_axis',(0.366005317703582,-0.714412009629982,0.596368667779546));
#9082=DIRECTION('ref_axis',(0.852289715539316,0.,-0.523070015185264));
#9083=DIRECTION('',(0.0918240318176979,-0.60998331780759,-0.787076044087982));
#9084=DIRECTION('center_axis',(-0.321569213188943,-0.944346875589343,-0.0692980497105773));
#9085=DIRECTION('ref_axis',(0.,0.0731852030133794,-0.997318367453388));
#9086=DIRECTION('',(0.946670110560375,-0.319070743493545,-0.0448281431478413));
#9087=DIRECTION('',(0.0511180572170533,0.0557649779801343,-0.997134500184017));
#9088=DIRECTION('center_axis',(-0.998688536518252,0.,-0.0511977248228138));
#9089=DIRECTION('ref_axis',(-0.0511977248228138,0.,0.998688536518252));
#9090=DIRECTION('',(0.0508389213572554,-0.118183198765786,-0.991689535895543));
#9091=DIRECTION('',(0.,1.,0.));
#9092=DIRECTION('center_axis',(-0.998688536518252,0.,-0.0511977248228138));
#9093=DIRECTION('ref_axis',(-0.0511977248228138,0.,0.998688536518252));
#9094=DIRECTION('',(0.0498943837407453,0.224200722658539,-0.973264910715741));
#9095=DIRECTION('',(0.,1.,0.));
#9096=DIRECTION('center_axis',(-0.662427872354162,0.,0.749125699684865));
#9097=DIRECTION('ref_axis',(0.749125699684865,0.,0.662427872354162));
#9098=DIRECTION('',(0.74734425418473,-0.0689232225004793,0.66085259713284));
#9099=DIRECTION('center_axis',(0.837682453124391,-0.380033278102085,0.392253508923103));
#9100=DIRECTION('ref_axis',(0.42407031080346,0.,-0.905629268241181));
#9101=DIRECTION('',(0.510960075068057,0.798978795597388,-0.317100434992122));
#9102=DIRECTION('center_axis',(-0.662427872354162,0.,0.749125699684865));
#9103=DIRECTION('ref_axis',(0.749125699684865,0.,0.662427872354162));
#9104=DIRECTION('',(0.748422847209814,0.043307972062792,0.661806362412876));
#9105=DIRECTION('',(0.,1.,0.));
#9106=DIRECTION('center_axis',(-0.662427872354162,0.,0.749125699684865));
#9107=DIRECTION('ref_axis',(0.749125699684865,0.,0.662427872354162));
#9108=DIRECTION('',(0.584023448942829,0.626269368458233,0.516433237907716));
#9109=DIRECTION('',(0.,1.,0.));
#9110=DIRECTION('center_axis',(-0.792581346136528,0.302555239654996,0.529410178135741));
#9111=DIRECTION('ref_axis',(0.555442751308562,0.,0.831554778724032));
#9112=DIRECTION('',(0.395427267139986,-0.405879570769299,0.823953305979369));
#9113=DIRECTION('center_axis',(0.838678040170909,0.367146770141027,0.402271542754511));
#9114=DIRECTION('ref_axis',(0.432474236074531,0.,-0.901646291586535));
#9115=DIRECTION('',(0.0894479293590761,0.635732803319622,-0.766709117408126));
#9116=DIRECTION('',(0.502578687754729,-0.806308685234544,-0.31189896878649));
#9117=DIRECTION('center_axis',(0.527306203034967,0.,0.849675331077022));
#9118=DIRECTION('ref_axis',(0.849675331077022,0.,-0.527306203034967));
#9119=DIRECTION('',(0.,1.,0.));
#9120=DIRECTION('center_axis',(-0.251464825202302,0.814952879863646,0.522127613987161));
#9121=DIRECTION('ref_axis',(0.900954419695856,0.,0.433913739849873));
#9122=DIRECTION('',(0.946463299377324,0.319875309715146,-0.0434397187655326));
#9123=DIRECTION('',(0.90667967563535,0.00958476385549127,0.421710917681308));
#9124=DIRECTION('center_axis',(-0.304805370052089,0.705978869407387,0.639286729361463));
#9125=DIRECTION('ref_axis',(0.902650430884468,0.,0.430374487654746));
#9126=DIRECTION('',(0.186500725602041,-0.613989598333238,0.766964309787946));
#9127=DIRECTION('center_axis',(0.293578420658122,0.718764898052248,0.630229110920644));
#9128=DIRECTION('ref_axis',(0.906474223939715,0.,-0.422261153000003));
#9129=DIRECTION('',(0.742904651692945,-0.586444110745511,0.322763045382975));
#9130=DIRECTION('center_axis',(0.377929750378573,0.765425651948713,0.520857634212725));
#9131=DIRECTION('ref_axis',(0.80938296328059,0.,-0.587281209261059));
#9132=DIRECTION('',(0.918974639367893,-0.378491564055806,-0.110588191671813));
#9133=DIRECTION('center_axis',(-0.299278320452193,-0.952089856999738,-0.0629077984476732));
#9134=DIRECTION('ref_axis',(0.,0.0659296262170621,-0.997824275304464));
#9135=DIRECTION('',(0.0402747752299146,0.0532659928636844,-0.99776784698868));
#9136=DIRECTION('',(0.196001008487639,-0.125866482082764,0.972492279331789));
#9137=DIRECTION('center_axis',(-0.300447460914702,-0.951740088107697,-0.0626268945315143));
#9138=DIRECTION('ref_axis',(0.,0.0656605177315425,-0.997842019766268));
#9139=DIRECTION('',(0.951905061861541,-0.303339091423272,0.0431526223638879));
#9140=DIRECTION('',(0.276397093952366,-0.0240343541356602,-0.960742939748177));
#9141=DIRECTION('center_axis',(-0.32156080709544,-0.944379947387172,-0.0688851385505727));
#9142=DIRECTION('ref_axis',(0.,0.072748910993964,-0.997350287486394));
#9143=DIRECTION('',(0.0517820815289502,0.05510159410089,-0.997137117130874));
#9144=DIRECTION('center_axis',(0.375782815917252,-0.926073879633298,-0.0342701724861735));
#9145=DIRECTION('ref_axis',(0.,0.0369805605490616,-0.999315985132569));
#9146=DIRECTION('',(0.219855618995929,0.125015912146236,-0.967488774356665));
#9147=DIRECTION('center_axis',(0.3597117343575,-0.932259680061574,-0.0387215327306505));
#9148=DIRECTION('ref_axis',(0.,0.041499354897195,-0.999138530706887));
#9149=DIRECTION('',(0.241757569525628,0.0530391733888818,0.968886022018733));
#9150=DIRECTION('',(0.9329593620486,0.359981706154451,0.));
#9151=DIRECTION('center_axis',(0.360374635671778,-0.932011236464984,-0.0385379951145091));
#9152=DIRECTION('ref_axis',(0.,0.0413139781728848,-0.999146213127754));
#9153=DIRECTION('',(0.932704109197093,0.360642544199735,0.));
#9154=DIRECTION('',(0.0114492626432439,-0.0368914114410726,0.999253690584534));
#9155=DIRECTION('center_axis',(0.360369577014635,-0.931998153620543,-0.0388999949896172));
#9156=DIRECTION('ref_axis',(0.,0.0417019663871422,-0.999130094632048));
#9157=DIRECTION('',(0.0108092955404254,-0.037526875928385,0.999237155390538));
#9158=DIRECTION('center_axis',(0.999934365714762,0.,-0.0114570616920882));
#9159=DIRECTION('ref_axis',(-0.0114570616920882,0.,-0.999934365714762));
#9160=DIRECTION('',(0.,1.,0.));
#9161=DIRECTION('',(0.0108643485556116,0.317475224884165,0.948204327935288));
#9162=DIRECTION('center_axis',(0.999934365714762,0.,-0.0114570616920882));
#9163=DIRECTION('ref_axis',(-0.0114570616920882,0.,-0.999934365714762));
#9164=DIRECTION('',(0.0106033907684052,-0.378773163266751,0.925428797311339));
#9165=DIRECTION('center_axis',(-0.9986543196019,0.,-0.0518608709960164));
#9166=DIRECTION('ref_axis',(-0.0518608709960164,0.,0.9986543196019));
#9167=DIRECTION('',(0.0505407443809084,0.224192660557356,-0.973233417074053));
#9168=DIRECTION('center_axis',(-0.998592429452393,-0.00635614687541313,
-0.0526569960904102));
#9169=DIRECTION('ref_axis',(-0.0526580598098413,0.,0.998612601931832));
#9170=DIRECTION('',(0.0262153412146292,0.803899049028775,-0.594187743777698));
#9171=DIRECTION('',(0.0515460313377336,0.117612784520577,-0.991720847603118));
#9172=DIRECTION('center_axis',(-0.998592403130529,-0.00635648639286663,
-0.0526574542750904));
#9173=DIRECTION('ref_axis',(-0.0526585181174231,0.,0.998612577764609));
#9174=DIRECTION('',(0.0527634808512533,-0.0178582637674634,-0.998447343380547));
#9175=DIRECTION('',(0.0515464519474108,0.11761235977908,-0.991720876113249));
#9176=DIRECTION('center_axis',(-0.99860329780474,-0.00367984207602449,-0.0527059045629064));
#9177=DIRECTION('ref_axis',(-0.0527062614181217,0.,0.99861005903572));
#9178=DIRECTION('',(0.0283970088699375,0.803850372175255,-0.594153337986874));
#9179=DIRECTION('center_axis',(0.,0.999690144502318,0.0248920667067883));
#9180=DIRECTION('ref_axis',(0.,-0.0248920667067883,0.999690144502318));
#9181=DIRECTION('',(0.0256861223637325,0.0248838537468042,-0.999360303864739));
#9182=DIRECTION('',(0.0513219434948312,0.0248592629632169,-0.998372713549824));
#9183=DIRECTION('',(1.,0.,0.));
#9184=DIRECTION('center_axis',(-0.998670619614971,0.00608355210475474,-0.0511857784119565));
#9185=DIRECTION('ref_axis',(-0.0511867256209998,0.,0.998689100331129));
#9186=DIRECTION('',(0.0392210986554402,0.734023219490378,-0.67799086916362));
#9187=DIRECTION('center_axis',(-0.999669852664803,0.,-0.0256940785616375));
#9188=DIRECTION('ref_axis',(-0.0256940785616375,0.,0.999669852664803));
#9189=DIRECTION('',(0.0256558647732296,-0.0545188873502855,-0.998183083169027));
#9190=DIRECTION('',(0.,1.,0.));
#9191=DIRECTION('center_axis',(-0.999669852664803,0.,-0.0256940785616375));
#9192=DIRECTION('ref_axis',(-0.0256940785616375,0.,0.999669852664803));
#9193=DIRECTION('',(0.0256922151099785,0.0120434153670665,-0.999597352051834));
#9194=DIRECTION('center_axis',(-0.99868134526394,0.,-0.0513378088917692));
#9195=DIRECTION('ref_axis',(-0.0513378088917692,0.,0.99868134526394));
#9196=DIRECTION('',(0.0513257729473447,-0.0216526454228332,-0.998447208407911));
#9197=DIRECTION('',(0.,1.,0.));
#9198=DIRECTION('',(0.0498485304131271,-0.239117614850189,-0.969710209435792));
#9199=DIRECTION('center_axis',(0.,-0.999764934677225,0.0216812220560628));
#9200=DIRECTION('ref_axis',(0.,-0.0216812220560628,-0.999764934677225));
#9201=DIRECTION('',(1.,0.,0.));
#9202=DIRECTION('',(0.0256880427607428,-0.0216740674215104,-0.999435020029081));
#9203=DIRECTION('center_axis',(-0.99868134526394,0.,-0.0513378088917692));
#9204=DIRECTION('ref_axis',(-0.0513378088917692,0.,0.99868134526394));
#9205=DIRECTION('',(0.0503042766176092,0.199646396664755,-0.978575902039672));
#9206=DIRECTION('center_axis',(-0.999669852664803,0.,-0.0256940785616375));
#9207=DIRECTION('ref_axis',(-0.0256940785616375,0.,0.999669852664803));
#9208=DIRECTION('',(0.,1.,0.));
#9209=DIRECTION('center_axis',(-0.32212330058922,0.944637346930792,-0.0624248508293124));
#9210=DIRECTION('ref_axis',(0.,0.0659395806030182,0.997823617534631));
#9211=DIRECTION('',(0.261716042207905,0.0254878979859481,-0.964808312727087));
#9212=DIRECTION('',(0.190895264115726,0.129397761443642,0.973044303961316));
#9213=DIRECTION('center_axis',(-0.298971151382754,0.951841609868709,-0.0679249612691404));
#9214=DIRECTION('ref_axis',(0.,0.0711806093112345,0.99746344336927));
#9215=DIRECTION('',(0.0511199385696283,-0.0551031049915209,-0.997171198792329));
#9216=DIRECTION('',(0.952270704537918,0.302186670281792,0.0431708418131989));
#9217=DIRECTION('center_axis',(-0.998662362728684,0.00493911221968977,-0.0514693155155851));
#9218=DIRECTION('ref_axis',(-0.0514699433196603,0.,0.998674544050599));
#9219=DIRECTION('',(0.024465755354455,-0.831802511358561,-0.554532243347965));
#9220=DIRECTION('',(0.0517043754124808,0.088117272248169,-0.994767311432552));
#9221=DIRECTION('center_axis',(-0.998617020343869,-0.00493749403059027,
-0.0523418363475246));
#9222=DIRECTION('ref_axis',(-0.0523424743760083,0.,0.998629193132364));
#9223=DIRECTION('',(0.0388999834138782,-0.739128748440868,-0.672439948633807));
#9224=DIRECTION('center_axis',(0.999934365714762,0.,-0.0114570616920882));
#9225=DIRECTION('ref_axis',(-0.0114570616920882,0.,-0.999934365714762));
#9226=DIRECTION('',(0.,1.,0.));
#9227=DIRECTION('',(0.0114495288544922,0.0362565333610001,0.999276924619824));
#9228=DIRECTION('center_axis',(0.376651273173756,0.925579572833708,-0.0378981895287912));
#9229=DIRECTION('ref_axis',(0.,0.0409110809540385,0.999162791268356));
#9230=DIRECTION('',(0.373193431816285,-0.114167207743792,0.920702183729989));
#9231=DIRECTION('center_axis',(0.37542389716385,0.926100921788845,-0.0373360429097433));
#9232=DIRECTION('ref_axis',(0.,0.0402825840957378,0.999188327303002));
#9233=DIRECTION('',(0.919674468106823,-0.377217668258266,-0.109113259809375));
#9234=DIRECTION('',(0.199626080286954,-0.0414561829889149,0.978994797208471));
#9235=DIRECTION('center_axis',(0.360436661722106,0.932162983383884,-0.0340233051816218));
#9236=DIRECTION('ref_axis',(0.,0.0364750215248073,0.999334565000513));
#9237=DIRECTION('',(0.932702981330676,-0.360645461106707,0.));
#9238=DIRECTION('',(0.0403029053442718,-0.0520040290869567,-0.997833281054272));
#9239=DIRECTION('center_axis',(-0.321418728389348,0.94489036198074,-0.0622270429675179));
#9240=DIRECTION('ref_axis',(0.,0.0657140146560017,0.99783849809365));
#9241=DIRECTION('',(0.946669712986659,0.319071659463695,-0.0448300194160066));
#9242=DIRECTION('center_axis',(0.359204328092843,-0.93094464261139,-0.065683506853096));
#9243=DIRECTION('ref_axis',(0.,0.0703807957019546,-0.997520197086936));
#9244=DIRECTION('',(0.123629934767628,-0.0222942894849665,0.992077922285197));
#9245=DIRECTION('',(0.651311360135299,0.199656053440563,0.732073064989586));
#9246=DIRECTION('center_axis',(0.4809657014106,-0.854831252879032,-0.194770437099356));
#9247=DIRECTION('ref_axis',(-0.375348143458628,0.,-0.926883903842418));
#9248=DIRECTION('',(0.871521894845843,0.490356591476357,0.));
#9249=DIRECTION('',(0.00696492634476414,0.225871532175171,-0.974132198807663));
#9250=DIRECTION('center_axis',(-0.287301035190209,-0.932631713954274,-0.218303003427228));
#9251=DIRECTION('ref_axis',(0.,0.227911682687897,-0.973681808854603));
#9252=DIRECTION('',(0.554513783755436,-0.347782683989107,0.756016976226436));
#9253=DIRECTION('center_axis',(-0.335441655138589,-0.924821262725495,-0.179400468251073));
#9254=DIRECTION('ref_axis',(0.,0.190434028642972,-0.981699995281047));
#9255=DIRECTION('',(0.936865170582278,-0.347460019941389,0.0394358554131806));
#9256=DIRECTION('',(0.136638503561463,0.140657471958639,-0.980584211032734));
#9257=DIRECTION('center_axis',(-0.990430757394685,0.,-0.138010560489372));
#9258=DIRECTION('ref_axis',(-0.138010560489372,0.,0.990430757394685));
#9259=DIRECTION('',(0.,1.,0.));
#9260=DIRECTION('',(0.113860343205578,-0.565115477256354,-0.817117078276076));
#9261=DIRECTION('center_axis',(-0.990408308515167,0.000237035695247961,
-0.138171365478539));
#9262=DIRECTION('ref_axis',(-0.138171369360182,0.,0.99040833633867));
#9263=DIRECTION('',(0.138107650952449,-0.0287151846971777,-0.990000866118916));
#9264=DIRECTION('',(0.049875578608663,-0.931963343207209,-0.359105490874885));
#9265=DIRECTION('center_axis',(-0.986261223440738,0.0107364923805872,-0.164843947018203));
#9266=DIRECTION('ref_axis',(-0.164853448807553,0.,0.986318072639985));
#9267=DIRECTION('',(0.0918895861733747,-0.793598205729034,-0.601463375291084));
#9268=DIRECTION('',(0.00539462728460193,-0.995260147883018,-0.0970985892396697));
#9269=DIRECTION('center_axis',(-0.998816066275514,-0.000668363847940505,
-0.0486417417417855));
#9270=DIRECTION('ref_axis',(-0.048641752606171,0.,0.998816289366268));
#9271=DIRECTION('',(0.0486436617788448,-0.00324303641130363,-0.998810931499841));
#9272=DIRECTION('center_axis',(0.999941495466009,0.,-0.0108169147727524));
#9273=DIRECTION('ref_axis',(-0.0108169147727524,0.,-0.999941495466009));
#9274=DIRECTION('',(0.0100109418318308,-0.378773085997078,0.925435427443693));
#9275=DIRECTION('center_axis',(0.999941495466009,0.,-0.0108169147727524));
#9276=DIRECTION('ref_axis',(-0.0108169147727524,0.,-0.999941495466009));
#9277=DIRECTION('',(0.,1.,0.));
#9278=DIRECTION('',(0.00974472261203199,0.434071981459563,0.900825485481501));
#9279=DIRECTION('center_axis',(0.992324563126427,0.,-0.123660670449199));
#9280=DIRECTION('ref_axis',(-0.123660670449199,0.,-0.992324563126427));
#9281=DIRECTION('',(0.,1.,0.));
#9282=DIRECTION('',(0.0704908464028917,0.821620768770548,0.565659219758944));
#9283=DIRECTION('center_axis',(0.992324563126427,0.,-0.123660670449199));
#9284=DIRECTION('ref_axis',(-0.123660670449199,0.,-0.992324563126427));
#9285=DIRECTION('',(0.123629938013545,0.0222931123787457,0.992077948332305));
#9286=DIRECTION('center_axis',(0.999941495466009,0.,-0.0108169147727524));
#9287=DIRECTION('ref_axis',(-0.0108169147727524,0.,-0.999941495466009));
#9288=DIRECTION('',(0.0108098027223236,0.0362567865157934,0.999284040499323));
#9289=DIRECTION('center_axis',(-0.998661351220684,0.00179719711008463,-0.0516940582719707));
#9290=DIRECTION('ref_axis',(-0.0516941417559435,0.,0.998662964021454));
#9291=DIRECTION('',(0.0363500913059,0.735389058878641,-0.676669493138002));
#9292=DIRECTION('',(0.0513268281852512,-0.0893789447107928,-0.994674298929467));
#9293=DIRECTION('center_axis',(-0.998632430144968,0.00532094556142034,-0.0520092011194936));
#9294=DIRECTION('ref_axis',(-0.0520099373893844,0.,0.998646567316362));
#9295=DIRECTION('',(0.0521227183554239,0.024056782614463,-0.998350886933788));
#9296=DIRECTION('center_axis',(0.,0.999994728870982,-0.00324688007966682));
#9297=DIRECTION('ref_axis',(0.,0.00324688007966682,0.999994728870982));
#9298=DIRECTION('',(0.160238791152167,0.00320492480269715,0.987073076457413));
#9299=DIRECTION('',(1.,0.,0.));
#9300=DIRECTION('center_axis',(0.,0.677116988212096,0.735875386376375));
#9301=DIRECTION('ref_axis',(1.,0.,0.));
#9302=DIRECTION('',(1.,0.,0.));
#9303=DIRECTION('',(0.141267333350228,-0.728495648808549,0.670326510138997));
#9304=DIRECTION('center_axis',(0.,0.999994728870982,-0.00324688007966682));
#9305=DIRECTION('ref_axis',(0.,0.00324688007966682,0.999994728870982));
#9306=DIRECTION('',(0.0454075502983456,-0.00324353106974859,-0.998963279546402));
#9307=DIRECTION('center_axis',(0.,0.999709805218277,0.0240895278167647));
#9308=DIRECTION('ref_axis',(0.,-0.0240895278167647,0.999709805218277));
#9309=DIRECTION('',(0.000803015108194705,0.024089520049899,-0.999709482895157));
#9310=DIRECTION('',(0.0264892755042285,0.0240810747430457,-0.999359004623704));
#9311=DIRECTION('center_axis',(-0.999648893933877,0.,-0.026496959387365));
#9312=DIRECTION('ref_axis',(-0.026496959387365,0.,0.999648893933877));
#9313=DIRECTION('',(0.0263559578880247,0.103026822827272,-0.994329340441044));
#9314=DIRECTION('center_axis',(0.,0.999709805218277,0.0240895278167647));
#9315=DIRECTION('ref_axis',(0.,-0.0240895278167647,0.999709805218277));
#9316=DIRECTION('',(1.,0.,0.));
#9317=DIRECTION('center_axis',(-0.999648893933877,0.,-0.026496959387365));
#9318=DIRECTION('ref_axis',(-0.026496959387365,0.,0.999648893933877));
#9319=DIRECTION('',(0.0264907347133719,-0.021674534330995,-0.999414056102815));
#9320=DIRECTION('',(0.0264563876065165,-0.0553175202047541,-0.998118245256147));
#9321=DIRECTION('center_axis',(-0.999648893933877,0.,-0.026496959387365));
#9322=DIRECTION('ref_axis',(-0.026496959387365,0.,0.999648893933877));
#9323=DIRECTION('',(0.,1.,0.));
#9324=DIRECTION('center_axis',(-0.998639899585072,0.,-0.052137807363929));
#9325=DIRECTION('ref_axis',(-0.052137807363929,0.,0.998639899585071));
#9326=DIRECTION('',(0.052125583838206,-0.0216526674291622,-0.998405771969858));
#9327=DIRECTION('',(0.0510962671215767,0.198882604390593,-0.978690390857627));
#9328=DIRECTION('center_axis',(0.,-0.999764914694373,0.0216821434861211));
#9329=DIRECTION('ref_axis',(0.,-0.0216821434861211,-0.999764914694373));
#9330=DIRECTION('',(0.000803059374754001,-0.0216821364946655,-0.999764592317945));
#9331=DIRECTION('center_axis',(0.,-0.999764914694373,0.0216821434861211));
#9332=DIRECTION('ref_axis',(0.,-0.0216821434861211,-0.999764914694373));
#9333=DIRECTION('',(1.,0.,0.));
#9334=DIRECTION('center_axis',(-0.998584420559016,-0.00432452483164483,
-0.0530137105077038));
#9335=DIRECTION('ref_axis',(-0.0530142062330085,0.,0.998593758210757));
#9336=DIRECTION('',(0.0487459646205492,0.324411637047354,-0.944659155823659));
#9337=DIRECTION('center_axis',(-0.321431613288579,0.944848055045821,-0.0628002456590052));
#9338=DIRECTION('ref_axis',(0.,0.0663196438015259,0.997798428965509));
#9339=DIRECTION('',(0.190275879659453,0.129412972604135,0.973163589609467));
#9340=DIRECTION('',(0.0402761604121004,-0.0526181850126931,-0.997802163511599));
#9341=DIRECTION('center_axis',(-0.300128097187569,0.95148294194897,-0.0678478920726561));
#9342=DIRECTION('ref_axis',(0.,0.0711269208466674,0.997467273212947));
#9343=DIRECTION('',(0.29169559896614,0.0238248211782068,-0.956214440091558));
#9344=DIRECTION('',(0.95190527481824,0.303338421772026,0.0431526320178338));
#9345=DIRECTION('center_axis',(-0.298997789270561,0.951863927498641,-0.0674935962753371));
#9346=DIRECTION('ref_axis',(0.,0.0707291875689898,0.997495554890261));
#9347=DIRECTION('',(0.0517839634287981,-0.0544400557779196,-0.997173355770451));
#9348=DIRECTION('center_axis',(-0.998662340823904,0.00493937913202566,-0.051469714919654));
#9349=DIRECTION('ref_axis',(-0.0514703427964583,0.,0.998674523462181));
#9350=DIRECTION('',(0.0517047966532002,0.0881168458046408,-0.994767327312519));
#9351=DIRECTION('',(0.0510255179518095,0.255128958224575,-0.965559739836429));
#9352=DIRECTION('center_axis',(-0.998642106111193,0.00286533643681502,-0.0520166679911803));
#9353=DIRECTION('ref_axis',(-0.0520168815248939,0.,0.998646205638626));
#9354=DIRECTION('',(0.0265469716302709,-0.831129531077882,-0.555444831524717));
#9355=DIRECTION('center_axis',(-0.998644100718562,-0.00147005128738417,
-0.0520365164978163));
#9356=DIRECTION('ref_axis',(-0.0520365727246849,0.,0.998645179780621));
#9357=DIRECTION('',(0.0362009481844371,-0.737941409521878,-0.673893142466528));
#9358=DIRECTION('center_axis',(0.37538605718578,0.926103048604201,-0.0376623344539271));
#9359=DIRECTION('ref_axis',(0.,0.0406339544845311,0.999174099815917));
#9360=DIRECTION('',(0.198892414716923,-0.040798425048084,0.979171739727852));
#9361=DIRECTION('center_axis',(0.360429432794292,0.9321442878969,-0.0346070876666499));
#9362=DIRECTION('ref_axis',(0.,0.0371007602225445,0.999311529799846));
#9363=DIRECTION('',(0.270946254062333,-0.14012289799527,-0.952341168314694));
#9364=DIRECTION('center_axis',(0.3608494634894,0.931987052625386,-0.0344644518026741));
#9365=DIRECTION('ref_axis',(0.,0.0369542806558696,0.999316957296937));
#9366=DIRECTION('',(0.932541052587183,-0.361063962809346,0.));
#9367=DIRECTION('center_axis',(0.490332910410861,-0.871479805950879,-0.00982775599177079));
#9368=DIRECTION('ref_axis',(0.,0.0112763727545602,-0.999936419687522));
#9369=DIRECTION('',(0.364025550746312,0.215036389909621,-0.906225551073507));
#9370=DIRECTION('',(0.681644871528084,0.376448024353925,0.627413064957599));
#9371=DIRECTION('center_axis',(0.927933595506123,0.,0.372745546359818));
#9372=DIRECTION('ref_axis',(0.372745546359818,0.,-0.927933595506123));
#9373=DIRECTION('',(0.,1.,0.));
#9374=DIRECTION('',(0.138776890618961,-0.928108437298019,-0.345478947616728));
#9375=DIRECTION('center_axis',(0.927933595506123,0.,0.372745546359818));
#9376=DIRECTION('ref_axis',(0.372745546359818,0.,-0.927933595506123));
#9377=DIRECTION('',(0.36390494165037,-0.216500679382193,-0.905925300049342));
#9378=DIRECTION('center_axis',(-0.142142433501848,-0.908213016062117,0.39363008784076));
#9379=DIRECTION('ref_axis',(0.,-0.397667922579012,-0.917529412799226));
#9380=DIRECTION('',(0.478525136682184,-0.411160281716656,-0.775861402765969));
#9381=DIRECTION('',(0.940555246848973,0.,0.339640733165013));
#9382=DIRECTION('',(0.674141031511211,-0.380008064244493,-0.633346461853348));
#9383=DIRECTION('center_axis',(-0.34868505656844,-0.919664409431611,0.18065465770544));
#9384=DIRECTION('ref_axis',(0.,-0.192751767505615,-0.981247550887879));
#9385=DIRECTION('',(0.371326382361589,0.0414230620150793,0.927577946964863));
#9386=DIRECTION('center_axis',(-0.147516166416703,-0.908680002711981,0.390563225761302));
#9387=DIRECTION('ref_axis',(0.,-0.394883390379751,-0.918731249061548));
#9388=DIRECTION('',(0.00667023916493688,-0.395788412025125,-0.91831750545011));
#9389=DIRECTION('',(0.931908642484954,0.00459088664930079,0.362664039879367));
#9390=DIRECTION('center_axis',(0.137179231407759,-0.909293633019377,0.39289559353701));
#9391=DIRECTION('ref_axis',(0.,-0.396645382811719,-0.917971916941986));
#9392=DIRECTION('',(0.503040534708189,0.405641164322219,0.763154942490589));
#9393=DIRECTION('',(0.941013478949083,-0.00422946735422983,-0.338342642955396));
#9394=DIRECTION('center_axis',(0.145852175134628,-0.910192131975718,0.387656324465363));
#9395=DIRECTION('ref_axis',(0.,-0.391846577016104,-0.920030575622769));
#9396=DIRECTION('',(0.935946779868836,0.,-0.352141484709139));
#9397=DIRECTION('center_axis',(-0.928063392933647,-0.0141588924174947,0.372153012163003));
#9398=DIRECTION('ref_axis',(0.372190321317853,0.,0.92815643332216));
#9399=DIRECTION('',(0.351658683030292,-0.36231556969159,0.863170665980059));
#9400=DIRECTION('',(0.368758996308331,0.104876249474519,0.923589613918341));
#9401=DIRECTION('center_axis',(-0.928611216619648,-0.00248273576464498,
0.371045879092195));
#9402=DIRECTION('ref_axis',(0.371047022656591,0.,0.928614078601913));
#9403=DIRECTION('',(0.367311564375492,-0.147820285415306,0.918276308033571));
#9404=DIRECTION('',(0.277758208728747,0.658395363151985,0.699546941429782));
#9405=DIRECTION('center_axis',(-0.929663000612648,0.000761325986620244,
0.368410268144946));
#9406=DIRECTION('ref_axis',(0.368410374913467,0.,0.929663270037124));
#9407=DIRECTION('',(0.367457229664625,-0.069995726749807,0.927402707891219));
#9408=DIRECTION('',(0.20705040622309,0.828208916683386,0.520768777490535));
#9409=DIRECTION('center_axis',(-0.929020938382012,-0.000415722739723612,
0.370026922294053));
#9410=DIRECTION('ref_axis',(0.370026954269081,0.,0.929021018661229));
#9411=DIRECTION('',(0.0324855104637163,-0.996229811758302,0.0804416171762438));
#9412=DIRECTION('',(0.0154497295029723,0.999083754750025,0.0399118635605693));
#9413=DIRECTION('center_axis',(-0.932568288109447,0.,0.360993612149324));
#9414=DIRECTION('ref_axis',(0.360993612149324,0.,0.932568288109447));
#9415=DIRECTION('',(0.234170778590142,-0.761057865277998,0.604942122977879));
#9416=DIRECTION('center_axis',(0.,0.99957961408249,-0.0289930183096068));
#9417=DIRECTION('ref_axis',(0.,0.0289930183096068,0.99957961408249));
#9418=DIRECTION('',(0.223393283403472,-0.028260318157187,-0.974318631325436));
#9419=DIRECTION('',(1.,0.,0.));
#9420=DIRECTION('center_axis',(-0.974707932161358,0.,-0.223482542901518));
#9421=DIRECTION('ref_axis',(-0.223482542901518,0.,0.974707932161358));
#9422=DIRECTION('',(0.220622032664016,0.159485341510909,-0.962231959844583));
#9423=DIRECTION('',(0.,1.,0.));
#9424=DIRECTION('center_axis',(-0.974707932161358,0.,-0.223482542901518));
#9425=DIRECTION('ref_axis',(-0.223482542901518,0.,0.974707932161358));
#9426=DIRECTION('',(0.,1.,0.));
#9427=DIRECTION('',(0.223356070715644,0.033637929487208,-0.974156330048869));
#9428=DIRECTION('center_axis',(-0.930752902102186,0.,0.365648786718017));
#9429=DIRECTION('ref_axis',(0.365648786718017,0.,0.930752902102186));
#9430=DIRECTION('',(0.12870081398231,0.936007774082753,0.32760578037779));
#9431=DIRECTION('',(0.327226776692879,-0.446224617725831,0.832950314935186));
#9432=DIRECTION('center_axis',(-0.925535445194485,-0.00525892773091654,
0.378624462188812));
#9433=DIRECTION('ref_axis',(0.378629697977223,0.,0.925548243912588));
#9434=DIRECTION('',(0.363845326672829,0.264609541062063,0.893083629363604));
#9435=DIRECTION('',(0.,0.99990355399602,0.01388822184904));
#9436=DIRECTION('center_axis',(-0.919865940688048,0.0279471683860153,0.391235999035487));
#9437=DIRECTION('ref_axis',(0.391388874901434,0.,0.920225379243253));
#9438=DIRECTION('',(0.,0.997458384583416,-0.0712514633129837));
#9439=DIRECTION('',(0.360829414122739,-0.330776312951313,0.872002961402182));
#9440=DIRECTION('center_axis',(-0.925149611281758,-0.0087505964229193,0.379501810018681));
#9441=DIRECTION('ref_axis',(0.379516340637414,0.,0.925185034027889));
#9442=DIRECTION('',(0.0522724970898306,-0.993147071379012,0.104529807515777));
#9443=DIRECTION('center_axis',(0.,0.60401885697178,-0.796970024795478));
#9444=DIRECTION('ref_axis',(-1.,0.,0.));
#9445=DIRECTION('',(0.0891289752243291,0.793798158261306,0.601614918129878));
#9446=DIRECTION('center_axis',(0.,0.60401885697178,-0.796970024795478));
#9447=DIRECTION('ref_axis',(-1.,0.,0.));
#9448=DIRECTION('',(0.0918895861733747,-0.793598205729034,-0.601463375291084));
#9449=DIRECTION('center_axis',(0.353095368254217,0.911960096525375,-0.208931671277591));
#9450=DIRECTION('ref_axis',(0.,0.223316053478497,0.974746090147988));
#9451=DIRECTION('',(0.00696492543516055,-0.225872080870904,-0.974132071588206));
#9452=DIRECTION('',(0.563916091402153,-0.385642367212356,-0.730259273456057));
#9453=DIRECTION('center_axis',(0.489516095481956,0.868269332125764,-0.0805130992695042));
#9454=DIRECTION('ref_axis',(0.,0.0923321434727471,0.995728263775679));
#9455=DIRECTION('',(0.871097305357309,-0.491110460690093,0.));
#9456=DIRECTION('center_axis',(0.491081282674195,0.871045551438266,-0.0109005103859461));
#9457=DIRECTION('ref_axis',(0.,0.0125133030282717,0.999921705558651));
#9458=DIRECTION('',(0.68164471296447,-0.376448554716001,0.627412919009339));
#9459=DIRECTION('center_axis',(0.,0.677116988212096,0.735875386376375));
#9460=DIRECTION('ref_axis',(1.,0.,0.));
#9461=DIRECTION('',(0.0363500913059,0.735389058878641,-0.676669493138002));
#9462=DIRECTION('center_axis',(-0.995679460057792,-0.0812274797239764,-0.0449945480776942));
#9463=DIRECTION('ref_axis',(-0.0451437215010637,0.,0.998980502516958));
#9464=DIRECTION('',(0.0850463690600013,-0.992238389667186,-0.0907198610028721));
#9465=DIRECTION('',(0.0784078066008584,-0.475860884039618,-0.876018627030884));
#9466=DIRECTION('center_axis',(-0.995025308528713,-0.0798371945282224,-0.05958739595924));
#9467=DIRECTION('ref_axis',(-0.0597782130074564,0.,0.998211683587021));
#9468=DIRECTION('',(0.0890911891133048,-0.445455945566524,-0.89086012402723));
#9469=DIRECTION('',(0.0876349747764032,-0.985920519960315,-0.14241081250074));
#9470=DIRECTION('center_axis',(-0.963113175247453,-0.120371660556091,0.240673378253056));
#9471=DIRECTION('ref_axis',(0.242436156469298,0.,0.970167361869278));
#9472=DIRECTION('',(0.,0.894375201510677,0.447317559372239));
#9473=DIRECTION('',(0.0866312894148644,-0.985455301218909,-0.146194627103279));
#9474=DIRECTION('center_axis',(-0.995691457801164,-0.0807751839968985,-0.0455399880551096));
#9475=DIRECTION('ref_axis',(-0.0456892848274252,0.,0.998955699344049));
#9476=DIRECTION('',(0.0787357450561513,-0.477043451793586,-0.875345775994443));
#9477=DIRECTION('center_axis',(-0.99721621492514,-0.0205245710489945,-0.0716837685507129));
#9478=DIRECTION('ref_axis',(-0.0716988720038047,0.,0.997426323972544));
#9479=DIRECTION('',(0.044289766886552,-0.936445829896833,-0.348005207170765));
#9480=DIRECTION('',(0.0582969101486864,0.384790774553004,-0.921160968607558));
#9481=DIRECTION('',(0.0109536822125118,-0.991263687196012,0.131439413010537));
#9482=DIRECTION('center_axis',(-0.996840899514989,-0.0211659534403555,-0.0765520964383615));
#9483=DIRECTION('ref_axis',(-0.0765692497792352,0.,0.99706426572626));
#9484=DIRECTION('',(0.0642694666314447,0.351335933357725,-0.934040950703215));
#9485=DIRECTION('center_axis',(-0.99682441624184,-0.0183490383359774,-0.0774880376332961));
#9486=DIRECTION('ref_axis',(-0.0775010855437034,0.,0.996992267642807));
#9487=DIRECTION('',(0.0743498757975007,-0.562930365390474,-0.823153387705016));
#9488=DIRECTION('',(0.0644080062917973,0.386431998569338,-0.920066258052768));
#9489=DIRECTION('center_axis',(-0.994777124108943,0.0160186049448928,-0.100806138925963));
#9490=DIRECTION('ref_axis',(-0.100819074626562,0.,0.99490477644418));
#9491=DIRECTION('',(0.0869135957198965,-0.384920589246286,-0.918848282826567));
#9492=DIRECTION('',(0.0784518699088041,-0.511809501118434,-0.855509403029979));
#9493=DIRECTION('center_axis',(-0.996917745702909,-0.0397954053106414,-0.067611641148485));
#9494=DIRECTION('ref_axis',(-0.0676652422305726,0.,0.997708081050704));
#9495=DIRECTION('',(0.0776641636608584,-0.378623375336833,-0.922286624283039));
#9496=DIRECTION('center_axis',(-0.997194314562309,-0.00199568291820061,
-0.0748299155037375));
#9497=DIRECTION('ref_axis',(-0.0748300645186172,0.,0.997196300356224));
#9498=DIRECTION('',(0.0632285466952432,-0.557563553686753,-0.827722800509329));
#9499=DIRECTION('',(0.0299052446017871,-0.927027829320592,-0.373798180854935));
#9500=DIRECTION('',(0.055937475365245,-0.684158929544337,-0.727184679414046));
#9501=DIRECTION('center_axis',(-0.997054465335383,0.,-0.0766967610448646));
#9502=DIRECTION('ref_axis',(-0.0766967610448646,0.,0.997054465335383));
#9503=DIRECTION('',(0.0747437519140572,0.224231255742172,-0.971665433931916));
#9504=DIRECTION('center_axis',(-0.996788066973933,0.00556393358208154,-0.0798911270509089));
#9505=DIRECTION('ref_axis',(-0.0798923636886881,0.,0.996803496294146));
#9506=DIRECTION('',(0.0788402608376217,-0.106998665540553,-0.991128396749683));
#9507=DIRECTION('',(0.0355627198591278,0.924582500370052,-0.379318458509052));
#9508=DIRECTION('center_axis',(-0.996536005671124,-0.0348497884198628,-0.0755081561695968));
#9509=DIRECTION('ref_axis',(-0.0755540505987232,0.,0.997141707801918));
#9510=DIRECTION('',(0.0766555823926954,-0.0328537560198802,-0.996516207797657));
#9511=DIRECTION('',(0.,0.90795997842137,-0.419056890630693));
#9512=DIRECTION('center_axis',(-0.996909113464956,-0.0197756441167103,-0.0760338305643297));
#9513=DIRECTION('ref_axis',(-0.0760487024334677,0.,0.997104104323208));
#9514=DIRECTION('',(0.0105174867594105,0.925496055974367,-0.378611189544311));
#9515=DIRECTION('center_axis',(-0.997054443982287,-1.20995697822551E-6,
-0.0766970386241143));
#9516=DIRECTION('ref_axis',(-0.0766970386241704,0.,0.997054443983017));
#9517=DIRECTION('',(0.0297361974576162,-0.921787564303526,-0.386553288507722));
#9518=DIRECTION('',(0.0766234367651,0.043783458014574,-0.996098317307378));
#9519=DIRECTION('center_axis',(-0.996608777855727,0.0334191811961828,-0.0751937645625742));
#9520=DIRECTION('ref_axis',(-0.0752357895321425,0.,0.997165771561316));
#9521=DIRECTION('',(0.0750559426767786,-0.00536136128114955,-0.997164911774433));
#9522=DIRECTION('',(0.,0.913812765138647,0.406135728876025));
#9523=DIRECTION('center_axis',(-0.997009620409485,0.0180445556220442,-0.0751412724362369));
#9524=DIRECTION('ref_axis',(-0.0751535086485664,0.,0.997171976209625));
#9525=DIRECTION('',(0.0118609087499603,-0.925102639404948,-0.379531850323031));
#9526=DIRECTION('',(0.0645563203201937,-0.339992285588091,-0.938209852456956));
#9527=DIRECTION('center_axis',(-0.997541612521665,0.00369813017591841,-0.0699789619877138));
#9528=DIRECTION('ref_axis',(-0.0699794405146004,0.,0.997548433864373));
#9529=DIRECTION('',(0.0633283884768023,-0.379991359713039,-0.92281963663349));
#9530=DIRECTION('',(0.0641733790032145,-0.352956974553549,-0.933436206465827));
#9531=DIRECTION('center_axis',(-0.989252711622302,0.100642824631199,-0.106066462174319));
#9532=DIRECTION('ref_axis',(-0.106607750122129,0.,0.994301155392016));
#9533=DIRECTION('',(0.0598583769229363,-0.383079699842661,-0.921773789104793));
#9534=DIRECTION('',(0.0633332496894195,-0.35888886925048,-0.931229122725385));
#9535=DIRECTION('center_axis',(-0.996940649711351,0.0200768673489752,-0.0755397931593802));
#9536=DIRECTION('ref_axis',(-0.0755550220760671,0.,0.997141634191996));
#9537=DIRECTION('',(0.0730153783546773,0.584116965709426,-0.808378701410506));
#9538=DIRECTION('',(0.0362009481844371,-0.737941409521878,-0.673893142466528));
#9539=DIRECTION('center_axis',(0.,-0.674335148349407,0.738425424603313));
#9540=DIRECTION('ref_axis',(1.,0.,0.));
#9541=DIRECTION('',(0.209786905705907,-0.721993341124472,-0.659329257326158));
#9542=DIRECTION('center_axis',(0.,-0.674335148349407,0.738425424603313));
#9543=DIRECTION('ref_axis',(1.,0.,0.));
#9544=DIRECTION('',(1.,0.,0.));
#9545=DIRECTION('center_axis',(-0.291764325702602,0.940421425507049,-0.174588432304652));
#9546=DIRECTION('ref_axis',(0.,0.182530281121332,0.983200232136754));
#9547=DIRECTION('',(0.136657749023992,-0.139672399874088,-0.980722325811495));
#9548=DIRECTION('',(0.683085016411827,0.077096886329762,-0.726258170674802));
#9549=DIRECTION('center_axis',(-0.33251919756502,0.918196909303811,-0.215279862029976));
#9550=DIRECTION('ref_axis',(0.,0.228269180368023,0.973598059413694));
#9551=DIRECTION('',(0.936517864337035,0.348396693327308,0.039421236106901));
#9552=DIRECTION('center_axis',(-0.99881628779607,0.000601846200950264,-0.0486380613761268));
#9553=DIRECTION('ref_axis',(-0.0486380701849405,0.,0.998816468691163));
#9554=DIRECTION('',(0.0486416164025283,0.00972681583132607,-0.998768933341207));
#9555=DIRECTION('',(0.00485948846196821,0.996155603710764,-0.0874665568519222));
#9556=DIRECTION('center_axis',(-0.990544702836264,-0.00719717177681563,
-0.137001432114531));
#9557=DIRECTION('ref_axis',(-0.137004980540266,0.,0.990570358584973));
#9558=DIRECTION('',(0.122173812929306,-0.500551149453734,-0.857042651339396));
#9559=DIRECTION('center_axis',(0.,-0.999952581212104,-0.00973834314706951));
#9560=DIRECTION('ref_axis',(0.,0.00973834314706951,-0.999952581212104));
#9561=DIRECTION('',(0.2484400078074,0.00943301964871535,-0.968601352807731));
#9562=DIRECTION('center_axis',(0.352141484709139,0.,0.935946779868836));
#9563=DIRECTION('ref_axis',(0.935946779868836,0.,-0.352141484709139));
#9564=DIRECTION('',(0.935936743967808,0.00463091107212305,-0.352137708792426));
#9565=DIRECTION('',(0.116260759055334,-0.99225504204054,-0.0437420558387885));
#9566=DIRECTION('center_axis',(0.355990247906756,0.000515193474512106,0.934489528015681));
#9567=DIRECTION('ref_axis',(0.934489652033828,0.,-0.355990295150999));
#9568=DIRECTION('',(0.0440327919841767,-0.998898350076692,-0.0162234227011679));
#9569=DIRECTION('',(0.186438004891144,-0.979935239118593,-0.070482603994141));
#9570=DIRECTION('center_axis',(0.352141466468317,-0.000321868596597179,
0.935946731387075));
#9571=DIRECTION('ref_axis',(0.935946779868836,0.,-0.352141484709139));
#9572=DIRECTION('',(0.0440329993079981,0.998898339696939,-0.0162234990874663));
#9573=DIRECTION('center_axis',(0.00526906665647707,0.999617475271539,0.0271503235399616));
#9574=DIRECTION('ref_axis',(0.,-0.0271507004358867,0.999631351782166));
#9575=DIRECTION('',(0.93944443248522,0.00435536952873564,-0.342673589628368));
#9576=DIRECTION('',(0.941013478949083,0.00422946735422983,-0.338342642955396));
#9577=DIRECTION('center_axis',(0.139399375349038,0.908601886990713,0.393713633379914));
#9578=DIRECTION('ref_axis',(0.,-0.397595661363534,0.917560728270829));
#9579=DIRECTION('',(0.00666730179050258,0.396725443199135,-0.917913105803204));
#9580=DIRECTION('center_axis',(-0.339640206714661,0.001760693070893,0.940553788968357));
#9581=DIRECTION('ref_axis',(0.940555246848973,0.,0.339640733165013));
#9582=DIRECTION('',(0.363502110852327,-0.922052124378611,0.132989079757674));
#9583=DIRECTION('',(0.821229319887372,0.488037622959306,0.295637755933768));
#9584=DIRECTION('center_axis',(-0.103092098779606,-0.955323307737411,0.27700071635804));
#9585=DIRECTION('ref_axis',(0.,-0.278484533526368,-0.960440713728131));
#9586=DIRECTION('',(0.00948716450686231,0.277527473358668,0.960670856870746));
#9587=DIRECTION('',(0.580274543253804,0.168421384613673,0.79681597100987));
#9588=DIRECTION('center_axis',(-0.787761495609815,0.364351992374557,0.496668351807601));
#9589=DIRECTION('ref_axis',(0.533328666190812,0.,0.845908111924179));
#9590=DIRECTION('',(0.51471192528493,-0.0535815252916527,0.855687240828622));
#9591=DIRECTION('',(0.511566989383621,0.83611292500839,0.198026240702824));
#9592=DIRECTION('center_axis',(-0.354630842031985,-0.00446860143495062,
0.934995720568228));
#9593=DIRECTION('ref_axis',(0.935005055891742,0.,0.35463438279005));
#9594=DIRECTION('',(0.888381042490642,0.310229080943908,0.33843321450463));
#9595=DIRECTION('',(0.223956718751659,0.970473330733733,0.0895818199221452));
#9596=DIRECTION('center_axis',(-0.371387575662447,0.,0.928477931155916));
#9597=DIRECTION('ref_axis',(0.928477931155916,0.,0.371387575662447));
#9598=DIRECTION('',(0.878940441080101,0.322273621865002,0.351572771533764));
#9599=DIRECTION('',(0.,1.,0.));
#9600=DIRECTION('center_axis',(-0.343582676504322,0.,0.939122433128997));
#9601=DIRECTION('ref_axis',(0.939122433128997,0.,0.343582676504322));
#9602=DIRECTION('',(0.888161176461982,0.324938243844633,0.324938243844633));
#9603=DIRECTION('center_axis',(-0.338714600605131,0.,0.940889164214843));
#9604=DIRECTION('ref_axis',(0.940889164214843,0.,0.338714600605131));
#9605=DIRECTION('',(0.892603767781835,0.316234358509215,0.321332140066843));
#9606=DIRECTION('',(0.,1.,0.));
#9607=DIRECTION('center_axis',(-0.923095356164436,0.0191151587056967,0.384095787708364));
#9608=DIRECTION('ref_axis',(0.384165979188393,0.,0.923264046973683));
#9609=DIRECTION('',(0.38449217285348,0.0256338045045649,0.922772278019356));
#9610=DIRECTION('',(0.30108330816871,-0.585448405785696,0.752727710201486));
#9611=DIRECTION('center_axis',(-0.928477931155916,0.,0.371387575662447));
#9612=DIRECTION('ref_axis',(0.371387575662447,0.,0.928477931155916));
#9613=DIRECTION('',(0.367019839422188,0.152914565802552,0.917558484804063));
#9614=DIRECTION('',(0.244287189967966,-0.753219821510835,0.610723889577558));
#9615=DIRECTION('center_axis',(-0.928483527305442,-1.31591531407557E-5,
0.37137358461431));
#9616=DIRECTION('ref_axis',(0.371373584646464,0.,0.928483527385831));
#9617=DIRECTION('',(0.368558346604201,0.122864680775948,0.921449410095965));
#9618=DIRECTION('center_axis',(0.0947308856978797,-0.956642736972051,0.275428272139079));
#9619=DIRECTION('ref_axis',(0.,-0.276672491081373,-0.960964272321728));
#9620=DIRECTION('',(0.606982880166883,-0.163789170802167,-0.777653451552974));
#9621=DIRECTION('center_axis',(0.338487432406909,0.000107455683170439,0.940970906328062));
#9622=DIRECTION('ref_axis',(0.940970911760628,0.,-0.338487434361119));
#9623=DIRECTION('',(0.546437381056646,-0.814128263915905,-0.196472284246987));
#9624=DIRECTION('',(0.248923372711505,-0.964385245561992,-0.0894329506404997));
#9625=DIRECTION('',(0.939595964301033,-0.0540781013911122,-0.337986660711846));
#9626=DIRECTION('center_axis',(0.764223830776536,0.388748840405223,0.514622459242532));
#9627=DIRECTION('ref_axis',(0.558556401030979,0.,-0.829466543549117));
#9628=DIRECTION('',(0.00589725194490987,-0.802103375168072,0.597156091791322));
#9629=DIRECTION('center_axis',(0.461622351148827,0.0369599282347843,0.886306249907282));
#9630=DIRECTION('ref_axis',(0.886912234078267,0.,-0.461937970989935));
#9631=DIRECTION('',(0.246511104432012,-0.965123099391185,-0.0881457793275644));
#9632=DIRECTION('',(0.816575641350279,-0.408050581964695,-0.408287820675139));
#9633=DIRECTION('center_axis',(0.334136491650626,-0.000736893559675019,
0.942524409198665));
#9634=DIRECTION('ref_axis',(0.942524665099857,0.,-0.334136582370745));
#9635=DIRECTION('',(0.0295624283403094,-0.999499493413315,-0.0112616826962849));
#9636=DIRECTION('',(0.869413505913081,0.386404053555331,-0.307915675359235));
#9637=DIRECTION('center_axis',(0.355989951126983,0.,0.934489783088402));
#9638=DIRECTION('ref_axis',(0.934489783088402,0.,-0.355989951126983));
#9639=DIRECTION('',(0.,1.,0.));
#9640=DIRECTION('',(0.359036288312789,0.923247524084991,-0.136773363435684));
#9641=DIRECTION('center_axis',(0.345720653166651,0.,0.938337481918965));
#9642=DIRECTION('ref_axis',(0.938337481918965,0.,-0.345720653166651));
#9643=DIRECTION('',(0.358349133561039,0.924204510873947,-0.132029998698405));
#9644=DIRECTION('center_axis',(0.250709488331896,-0.935010703821021,-0.250798198160349));
#9645=DIRECTION('ref_axis',(0.,0.259072355148823,-0.965857916464757));
#9646=DIRECTION('',(0.963561655456109,0.21607111360199,0.157677550721332));
#9647=DIRECTION('',(0.600617909106029,-0.0529422201788722,0.797781454148712));
#9648=DIRECTION('center_axis',(0.251470560100309,-0.934658671462156,-0.251347817303901));
#9649=DIRECTION('ref_axis',(0.,0.259693067555878,-0.965691208753304));
#9650=DIRECTION('',(0.850622243959034,0.337318141827153,-0.403309148515595));
#9651=DIRECTION('',(0.393462378884514,-0.138543771480627,0.908841559231565));
#9652=DIRECTION('center_axis',(0.321820130378975,-0.940625182780672,-0.107963277097757));
#9653=DIRECTION('ref_axis',(0.,0.114029555276007,-0.993477357831348));
#9654=DIRECTION('',(0.932602397502228,0.334600238286604,-0.135260669492818));
#9655=DIRECTION('center_axis',(0.241785749047897,-0.955687564563645,-0.167931326725412));
#9656=DIRECTION('ref_axis',(0.,0.173066261319995,-0.984910183312529));
#9657=DIRECTION('',(0.947594526032605,0.269801723750604,-0.171089579151525));
#9658=DIRECTION('center_axis',(-0.153691879859644,-0.0845060241017418,-0.984498622627642));
#9659=DIRECTION('ref_axis',(-0.98803284737655,0.,0.15424361414654));
#9660=DIRECTION('',(0.175636655563822,0.97813422074343,-0.111378684823432));
#9661=DIRECTION('center_axis',(-0.229437530695526,-0.0693507157405828,-0.970849575235324));
#9662=DIRECTION('ref_axis',(-0.973192691668666,0.,0.229991271318493));
#9663=DIRECTION('',(0.168970665610175,0.979474910914915,-0.109899103961197));
#9664=DIRECTION('center_axis',(-0.996829461441647,-0.00236398690798228,
-0.0795326119768225));
#9665=DIRECTION('ref_axis',(-0.0795328342091344,0.,0.996832246811199));
#9666=DIRECTION('',(0.0284050355989445,0.923122394566511,-0.383455601865995));
#9667=DIRECTION('',(0.0656697421813163,0.539956395762144,-0.839127270226272));
#9668=DIRECTION('',(0.0552726010860046,0.698446544531426,-0.713524606444164));
#9669=DIRECTION('center_axis',(-0.997013086110931,0.,-0.077232804711197));
#9670=DIRECTION('ref_axis',(-0.077232804711197,0.,0.997013086110931));
#9671=DIRECTION('',(0.0772251903811234,-0.0140416854353844,-0.996914791263894));
#9672=DIRECTION('center_axis',(-0.997331510020958,0.00863675980675311,-0.0724932100224299));
#9673=DIRECTION('ref_axis',(-0.0724959139391811,0.,0.997368709385913));
#9674=DIRECTION('',(0.0208615417744203,-0.917859351051196,-0.396357171958162));
#9675=DIRECTION('',(0.0726309084943055,0.217892725482916,-0.973266413328292));
#9676=DIRECTION('center_axis',(-0.996486033729446,-0.0249636311060698,-0.0799524965473772));
#9677=DIRECTION('ref_axis',(-0.079977420710667,0.,0.996796675444129));
#9678=DIRECTION('',(0.0807698228777753,-0.0336557225249749,-0.996164408144366));
#9679=DIRECTION('',(0.0529838652395126,-0.927171461681093,-0.370871663339796));
#9680=DIRECTION('center_axis',(-0.996469222893807,-0.0257085110998028,-0.0799259675102179));
#9681=DIRECTION('ref_axis',(-0.0799523932467253,0.,0.996798683192409));
#9682=DIRECTION('',(0.0543154074362154,-0.923314585851366,-0.38018418177136));
#9683=DIRECTION('',(0.0837247482040826,-0.233232482483095,-0.968809979125388));
#9684=DIRECTION('center_axis',(-0.996454841361809,-0.011555046201146,-0.0833320468601485));
#9685=DIRECTION('ref_axis',(-0.0833376106269518,0.,0.996521370897278));
#9686=DIRECTION('',(0.0431503293594655,-0.920506929237174,-0.388336249019478));
#9687=DIRECTION('center_axis',(-0.996470339654427,-0.0340933036431485,-0.0767105523098837));
#9688=DIRECTION('ref_axis',(-0.0767551735967862,0.,0.997049970325523));
#9689=DIRECTION('',(0.0750432940734214,0.047753381955015,-0.996036203421577));
#9690=DIRECTION('',(0.,0.913812765138647,-0.406135728876025));
#9691=DIRECTION('center_axis',(-0.996842148202761,0.0296020812712717,-0.0736847904992131));
#9692=DIRECTION('ref_axis',(-0.0737170961049887,0.,0.997279193476856));
#9693=DIRECTION('',(0.0554317522177133,0.923830327925155,-0.378767535636008));
#9694=DIRECTION('',(0.0786614375733525,0.495102444447536,-0.865266402757537));
#9695=DIRECTION('center_axis',(-0.993061861355911,-0.037187827326976,-0.111558079129362));
#9696=DIRECTION('ref_axis',(-0.11163529798833,0.,0.993749244147162));
#9697=DIRECTION('',(0.,0.94867870341966,-0.316241549575626));
#9698=DIRECTION('',(0.0769728641170361,0.511636964986851,-0.85574692184586));
#9699=DIRECTION('center_axis',(-0.995864605252403,0.0809961046891044,-0.0411499578452604));
#9700=DIRECTION('ref_axis',(-0.041285605086687,0.,0.999147385930938));
#9701=DIRECTION('',(0.0861709028590324,0.985610606428237,-0.14541770179941));
#9702=DIRECTION('',(0.0896939999542323,0.804535752996764,-0.587092163567306));
#9703=DIRECTION('center_axis',(0.,-0.999404361113159,-0.0345097520709495));
#9704=DIRECTION('ref_axis',(0.,0.0345097520709495,-0.999404361113159));
#9705=DIRECTION('',(1.,0.,0.));
#9706=DIRECTION('',(0.138083898728466,0.0341791671221071,-0.989830602399616));
#9707=DIRECTION('center_axis',(0.,-0.589468091223234,-0.807791662144168));
#9708=DIRECTION('ref_axis',(-1.,0.,0.));
#9709=DIRECTION('',(0.258363128808987,0.780365417352654,-0.569454395954627));
#9710=DIRECTION('center_axis',(-0.930752902102186,0.,0.365648786718017));
#9711=DIRECTION('ref_axis',(0.365648786718017,0.,0.930752902102186));
#9712=DIRECTION('',(0.,1.,0.));
#9713=DIRECTION('',(0.353368137342082,-0.256989917949733,0.899492713468862));
#9714=DIRECTION('center_axis',(-0.927487926708999,0.0292062959141558,0.37271052854463));
#9715=DIRECTION('ref_axis',(0.372869592793419,0.,0.92788375714314));
#9716=DIRECTION('',(0.360831499523251,0.330760751826795,0.872008001111673));
#9717=DIRECTION('',(0.0524896228985106,0.997241836090994,0.0524743731533338));
#9718=DIRECTION('center_axis',(-0.990407758601349,0.00984157906568442,-0.13782458062242));
#9719=DIRECTION('ref_axis',(-0.137831255722868,0.,0.990455725888774));
#9720=DIRECTION('',(0.0896939999542323,0.804535752996764,-0.587092163567306));
#9721=DIRECTION('',(0.13369266145244,0.320265126479589,-0.937846747093989));
#9722=DIRECTION('center_axis',(-0.923914159892816,-0.000762223827359004,
0.382599064510604));
#9723=DIRECTION('ref_axis',(0.382599175652842,0.,0.923914428283142));
#9724=DIRECTION('',(0.0323358002372724,0.996264582638945,0.0800704527417204));
#9725=DIRECTION('',(0.0497141390734247,0.99128102441826,0.12202637011922));
#9726=DIRECTION('center_axis',(-0.989991633890927,0.,-0.141126060052606));
#9727=DIRECTION('ref_axis',(-0.141126060052606,0.,0.989991633890927));
#9728=DIRECTION('',(0.,1.,0.));
#9729=DIRECTION('center_axis',(-0.90018018957879,-0.008456668937736,0.435435541774407));
#9730=DIRECTION('ref_axis',(0.435451112750294,0.,0.900212379610795));
#9731=DIRECTION('',(0.,0.999811462354928,0.0194175112643189));
#9732=DIRECTION('',(0.0430678880380727,0.993182354987657,0.108323435881215));
#9733=DIRECTION('center_axis',(-0.929248177052121,0.,0.36945612113661));
#9734=DIRECTION('ref_axis',(0.36945612113661,0.,0.929248177052121));
#9735=DIRECTION('',(0.234169849900146,-0.773477982287716,0.588979025359874));
#9736=DIRECTION('center_axis',(-0.101512218584855,0.,-0.994834292471857));
#9737=DIRECTION('ref_axis',(-0.994834292471857,0.,0.101512218584855));
#9738=DIRECTION('',(0.992993927558086,-0.0607981901205932,-0.101324428993346));
#9739=DIRECTION('',(0.994743169964191,-0.0135345091669437,-0.101502920505782));
#9740=DIRECTION('center_axis',(-0.100665192505201,0.0138176746558104,-0.994824402035353));
#9741=DIRECTION('ref_axis',(-0.994919385619667,0.,0.100674803790148));
#9742=DIRECTION('',(0.871885505491856,-0.480426918118862,-0.0948980593058848));
#9743=DIRECTION('center_axis',(-0.153795517079716,-0.0846492473661296,-0.984470133547245));
#9744=DIRECTION('ref_axis',(-0.988016310502092,0.,0.154349506581116));
#9745=DIRECTION('',(0.163405212547259,0.980426605518054,-0.109828993006084));
#9746=DIRECTION('',(0.0306351138260058,-0.996253218040618,0.0808765438466554));
#9747=DIRECTION('center_axis',(-0.0306840901537112,-0.106220794917624,-0.993869020212677));
#9748=DIRECTION('ref_axis',(-0.999523757809255,0.,0.0308586709834586));
#9749=DIRECTION('center_axis',(-0.138988906444126,0.907441567037743,0.396524761266623));
#9750=DIRECTION('ref_axis',(0.,-0.400411176925639,0.916335576845636));
#9751=DIRECTION('',(0.674140871713077,0.380008597942325,-0.633346311725143));
#9752=DIRECTION('',(0.940546339828372,-0.00435199154346989,0.339637516780843));
#9753=DIRECTION('',(0.478296448015152,0.412124753029535,-0.775490616162719));
#9754=DIRECTION('center_axis',(-0.349631342949766,0.919519268319979,0.179561240849559));
#9755=DIRECTION('ref_axis',(0.,-0.191657235062487,0.981461921955306));
#9756=DIRECTION('',(0.371348721472679,-0.0399468682604034,0.92763375034374));
#9757=DIRECTION('center_axis',(-0.147870340750158,0.908233137299685,0.391467662313509));
#9758=DIRECTION('ref_axis',(0.,-0.39581899734876,0.918328547600379));
#9759=DIRECTION('',(0.931908642484954,-0.00459088664930079,0.362664039879367));
#9760=DIRECTION('center_axis',(-0.0105634973384029,-0.925341340318975,0.378987884266323));
#9761=DIRECTION('ref_axis',(0.,-0.379009031186862,-0.925392972892488));
#9762=DIRECTION('',(0.492716560725625,0.324987151789021,0.807225954710805));
#9763=DIRECTION('',(0.205533268987971,0.36890704524459,0.906456654952692));
#9764=DIRECTION('center_axis',(-0.031695464312035,-0.923236449388195,0.382922780809817));
#9765=DIRECTION('ref_axis',(0.,-0.383115268435525,-0.923700541892));
#9766=DIRECTION('',(0.981966484227979,-0.10020422641631,-0.160315117382143));
#9767=DIRECTION('',(0.0512169415275799,-0.384112181462216,-0.921864771510929));
#9768=DIRECTION('center_axis',(-0.0185702981416056,-0.895004207096873,0.445670969781329));
#9769=DIRECTION('ref_axis',(0.,-0.445747835810658,-0.895158570796322));
#9770=DIRECTION('',(0.99913301020399,0.,0.0416320540054734));
#9771=DIRECTION('center_axis',(-0.0372411349893571,-0.44700725890669,0.893754780882));
#9772=DIRECTION('ref_axis',(0.99913301020399,0.,0.0416320540054734));
#9773=DIRECTION('',(0.997190999092421,0.0415390621376069,0.0623267009056857));
#9774=DIRECTION('center_axis',(-0.0412488086937071,-0.390008316234811,0.919886976236232));
#9775=DIRECTION('ref_axis',(0.998996148319491,0.,0.0447961565630414));
#9776=DIRECTION('',(0.527373582153209,0.773477167874585,0.351582388102139));
#9777=DIRECTION('center_axis',(0.0205841746487142,-0.922997415649029,-0.384255204856414));
#9778=DIRECTION('ref_axis',(0.,0.384336636784289,-0.923193018618177));
#9779=DIRECTION('',(0.998568260758989,0.,0.0534923228582072));
#9780=DIRECTION('',(0.499758353186658,-0.323376401561219,0.80353549475644));
#9781=DIRECTION('center_axis',(0.0225322062437314,-0.922525843491265,-0.385277001354247));
#9782=DIRECTION('ref_axis',(0.,0.385374841238923,-0.922760116032371));
#9783=DIRECTION('',(0.499831849493634,0.344148626824706,-0.794814346175534));
#9784=DIRECTION('',(0.051456896327246,0.385934197742904,-0.921090105707855));
#9785=DIRECTION('center_axis',(0.0214342912452649,-0.922303621763205,-0.385871222613565));
#9786=DIRECTION('ref_axis',(0.,0.385959893352482,-0.922515561236416));
#9787=DIRECTION('',(0.998460782949049,0.,0.0554622836959721));
#9788=DIRECTION('center_axis',(0.0644773323007776,-0.378471861016873,-0.923364350642692));
#9789=DIRECTION('ref_axis',(-0.997570856187219,0.,-0.0696590761200443));
#9790=DIRECTION('',(0.257837632716264,-0.88755292030718,0.381797811425721));
#9791=DIRECTION('',(0.468991937129427,-0.805244486073519,0.362805568529181));
#9792=DIRECTION('center_axis',(0.0494239583575349,-0.382525607372818,-0.922622041815786));
#9793=DIRECTION('ref_axis',(-0.99856826075899,0.,-0.0534923228582072));
#9794=DIRECTION('',(0.0206448188288183,0.923944874517578,-0.381968140436112));
#9795=DIRECTION('center_axis',(-0.0213622827670874,-0.922846578737314,0.38457488865995));
#9796=DIRECTION('ref_axis',(0.,-0.384662668527058,-0.923057220025738));
#9797=DIRECTION('center_axis',(0.049595561374876,0.37488098906857,-0.925745388498847));
#9798=DIRECTION('ref_axis',(-0.998568013661096,0.,-0.0534969353601901));
#9799=DIRECTION('',(0.621715394958387,0.71382534392844,0.32237144110045));
#9800=DIRECTION('',(0.998568013661096,0.,0.0534969353601901));
#9801=DIRECTION('center_axis',(0.049468059750635,-0.38072187217998,-0.92336545696072));
#9802=DIRECTION('ref_axis',(-0.998568013661096,0.,-0.0534969353601901));
#9803=DIRECTION('',(0.526902882236025,-0.775435546770866,0.347955551034233));
#9804=DIRECTION('center_axis',(0.0329055429394014,0.387417449613871,-0.921316962276581));
#9805=DIRECTION('ref_axis',(-0.999362801506475,0.,-0.0356930100318068));
#9806=DIRECTION('',(0.462373376095348,0.811339579689856,0.357685542770292));
#9807=DIRECTION('center_axis',(-0.017119990383439,-0.418995474585222,-0.907826909827185));
#9808=DIRECTION('ref_axis',(-0.999822231374174,0.,0.0188548574634484));
#9809=DIRECTION('center_axis',(-0.00574499522339213,0.406129026571925,-0.913797684832712));
#9810=DIRECTION('ref_axis',(-0.999980237750987,0.,0.00628682014051903));
#9811=DIRECTION('',(0.429349323586564,0.826298210875764,0.364541390022135));
#9812=DIRECTION('center_axis',(0.0512262068779626,0.380707782547474,-0.923275397720898));
#9813=DIRECTION('ref_axis',(-0.99846435582646,0.,-0.0553979254489998));
#9814=DIRECTION('',(0.0205467272079137,-0.924695263734797,-0.380153260182624));
#9815=DIRECTION('',(0.565104679096586,-0.773300230190167,-0.287512531293819));
#9816=DIRECTION('center_axis',(0.0494876592613375,0.379636507019902,-0.923811178823119));
#9817=DIRECTION('ref_axis',(-0.99856826075899,0.,-0.0534923228582072));
#9818=DIRECTION('',(0.998568260758989,0.,0.0534923228582072));
#9819=DIRECTION('center_axis',(0.0203285770802562,0.924975009065807,-0.379483835700023));
#9820=DIRECTION('ref_axis',(0.,0.379562271057022,0.925166191767747));
#9821=DIRECTION('',(0.397572257363952,0.340782955971141,0.851940888262856));
#9822=DIRECTION('center_axis',(0.0212472685261913,0.923709359819201,-0.382504342671528));
#9823=DIRECTION('ref_axis',(0.,0.382590712024013,0.923917933083322));
#9824=DIRECTION('',(0.590558554670138,-0.320307085367311,-0.740705045594679));
#9825=DIRECTION('',(0.998460782949049,0.,0.0554622836959721));
#9826=DIRECTION('center_axis',(0.0237147210071167,0.924347848132893,-0.380813166342296));
#9827=DIRECTION('ref_axis',(0.,0.380920293905913,0.924607878881979));
#9828=DIRECTION('',(0.051558651518038,-0.381544207729801,-0.922911546683365));
#9829=DIRECTION('center_axis',(-0.0208615921430951,0.926562778049355,0.375561196486959));
#9830=DIRECTION('ref_axis',(0.,-0.375642946419536,0.926764466736425));
#9831=DIRECTION('',(0.345767388672699,-0.345776521461623,0.872286369340002));
#9832=DIRECTION('',(0.085433895934034,0.37592105688401,-0.922704941146812));
#9833=DIRECTION('center_axis',(-0.996506757769643,0.00978557316799778,-0.082936869227185));
#9834=DIRECTION('ref_axis',(-0.0829408404236227,0.,0.996554472665605));
#9835=DIRECTION('',(0.0804813912224567,0.377645941639542,-0.922445818696188));
#9836=DIRECTION('',(0.0769628828242853,0.493130582407477,-0.866544253550757));
#9837=DIRECTION('center_axis',(0.321667677643961,0.866092690728371,0.382639982524083));
#9838=DIRECTION('ref_axis',(0.,-0.40411777918394,0.914706958838425));
#9839=DIRECTION('',(0.0674401267337681,0.382134593762616,-0.921642545435059));
#9840=DIRECTION('center_axis',(-0.996020002522018,0.0772137575633208,-0.0445217948761304));
#9841=DIRECTION('ref_axis',(-0.0446551099651228,0.,0.999002463037005));
#9842=DIRECTION('',(0.0762269795511288,0.996814610072394,0.0234538000062665));
#9843=DIRECTION('',(0.0454056404120944,0.00972829933205625,-0.998921262167781));
#9844=DIRECTION('center_axis',(0.,-0.999952581212104,-0.0097383431470695));
#9845=DIRECTION('ref_axis',(0.,0.0097383431470695,-0.999952581212104));
#9846=DIRECTION('',(1.,0.,0.));
#9847=DIRECTION('center_axis',(-0.931048649870517,-0.00403517847415945,
0.364872757148255));
#9848=DIRECTION('ref_axis',(0.364875727735026,0.,0.931056229939865));
#9849=DIRECTION('',(0.361760068051377,0.120586689350459,0.924439561850832));
#9850=DIRECTION('',(0.269786563641333,-0.680888299040174,0.680886432754229));
#9851=DIRECTION('center_axis',(-0.928308507663499,0.00396745510874175,0.371789690415868));
#9852=DIRECTION('ref_axis',(0.37179261656541,0.,0.928315813862635));
#9853=DIRECTION('',(0.368677987169744,0.139356162591753,0.919051903716089));
#9854=DIRECTION('center_axis',(0.,-0.589468091223234,-0.807791662144168));
#9855=DIRECTION('ref_axis',(-1.,0.,0.));
#9856=DIRECTION('center_axis',(0.33812999138868,0.000603565517212777,0.941099221459756));
#9857=DIRECTION('ref_axis',(0.941099392876948,0.,-0.338130052977609));
#9858=DIRECTION('',(0.546956097179844,0.813642808200454,-0.197039103787734));
#9859=DIRECTION('',(0.7641340088901,-0.583890622088921,-0.27417322607096));
#9860=DIRECTION('',(0.0296039147842493,0.99949808730248,-0.0112774867825551));
#9861=DIRECTION('center_axis',(0.764142361963724,-0.389087388221177,0.514487565427702));
#9862=DIRECTION('ref_axis',(0.558496625298515,0.,-0.82950679293793));
#9863=DIRECTION('',(0.606982880166883,0.163789170802167,-0.777653451552974));
#9864=DIRECTION('',(0.202492580090093,-0.612584797139097,-0.764026584172637));
#9865=DIRECTION('center_axis',(0.355989951126983,0.,0.934489783088402));
#9866=DIRECTION('ref_axis',(0.934489783088402,0.,-0.355989951126983));
#9867=DIRECTION('',(0.348022877473922,-0.928064216636855,-0.132577850914067));
#9868=DIRECTION('',(0.,1.,0.));
#9869=DIRECTION('center_axis',(0.0947308856978797,0.956642736972051,0.275428272139079));
#9870=DIRECTION('ref_axis',(0.,-0.276672491081373,0.960964272321728));
#9871=DIRECTION('',(0.00948716450686231,-0.277527473358668,0.960670856870746));
#9872=DIRECTION('center_axis',(0.332830233684293,0.,0.942986763186875));
#9873=DIRECTION('ref_axis',(0.942986763186875,0.,-0.332830233684293));
#9874=DIRECTION('',(0.371947917664976,-0.918923418816886,-0.131280222785362));
#9875=DIRECTION('',(0.02106059570066,-0.999750566787265,-0.00743340549647988));
#9876=DIRECTION('center_axis',(0.35735014724514,0.000583572534018803,0.933970305580951));
#9877=DIRECTION('ref_axis',(0.933970464616009,0.,-0.357350208094185));
#9878=DIRECTION('',(0.353423692692568,-0.925722435716301,-0.134646446128475));
#9879=DIRECTION('center_axis',(0.859458979016421,-0.388622142557193,-0.33211909566044));
#9880=DIRECTION('ref_axis',(-0.360451594343661,0.,-0.932777920051238));
#9881=DIRECTION('',(0.257765123791775,0.89049104679802,-0.374943777824326));
#9882=DIRECTION('',(0.0796713183534339,0.743568108886029,-0.663896790532595));
#9883=DIRECTION('',(0.364697100896628,0.921379964597047,-0.134368841018817));
#9884=DIRECTION('center_axis',(0.872971875222394,-0.380955066418868,-0.304619996783685));
#9885=DIRECTION('ref_axis',(-0.329463682665716,0.,-0.944168248674114));
#9886=DIRECTION('',(0.358907286389774,0.924590978666901,-0.127738333886548));
#9887=DIRECTION('',(0.329463682665716,0.,0.944168248674114));
#9888=DIRECTION('center_axis',(0.345720653166651,0.,0.938337481918965));
#9889=DIRECTION('ref_axis',(0.938337481918965,0.,-0.345720653166651));
#9890=DIRECTION('',(0.,1.,0.));
#9891=DIRECTION('center_axis',(0.874087663159271,0.37807414045968,-0.305009346460793));
#9892=DIRECTION('ref_axis',(-0.329463682665716,0.,-0.944168248674114));
#9893=DIRECTION('',(0.483433237941319,-0.738523506316921,0.469973759981269));
#9894=DIRECTION('center_axis',(-0.103092098779606,0.955323307737411,0.27700071635804));
#9895=DIRECTION('ref_axis',(0.,-0.278484533526368,0.960440713728131));
#9896=DIRECTION('',(0.580274543253804,-0.168421384613673,0.79681597100987));
#9897=DIRECTION('center_axis',(0.346773366756053,-0.937048367371254,-0.0410924484004083));
#9898=DIRECTION('ref_axis',(0.,0.0438109647829944,-0.999039838727557));
#9899=DIRECTION('',(0.927758360449259,0.336235836300049,0.161894678739327));
#9900=DIRECTION('',(0.911490998255668,0.326335496239632,0.250378321731173));
#9901=DIRECTION('center_axis',(0.316114004471948,-0.945240054268217,0.0811983742677638));
#9902=DIRECTION('ref_axis',(0.,-0.0855871812787722,-0.996330685265065));
#9903=DIRECTION('',(0.909091834943916,0.326276236471471,0.259028672452136));
#9904=DIRECTION('center_axis',(-0.789145755338836,0.360527336418471,0.497261517237863));
#9905=DIRECTION('ref_axis',(0.533114165847446,0.,0.846043312232171));
#9906=DIRECTION('',(0.58798660141029,0.209418859597399,0.781290917524901));
#9907=DIRECTION('',(0.490045589768226,-0.118494156801008,0.863605497176071));
#9908=DIRECTION('center_axis',(-0.788312290827054,0.362603995180907,0.49707351046887));
#9909=DIRECTION('ref_axis',(0.533373116562785,0.,0.845880085194173));
#9910=DIRECTION('',(0.278180402915177,0.930647908960283,-0.23771860041192));
#9911=DIRECTION('',(0.332914827148225,-0.428032325640354,0.840211905457056));
#9912=DIRECTION('center_axis',(-0.787009578188347,0.364683078070566,0.49761649531419));
#9913=DIRECTION('ref_axis',(0.534421169953652,0.,0.845218322745887));
#9914=DIRECTION('',(0.513081975390376,0.834788815474861,0.199686053813449));
#9915=DIRECTION('center_axis',(0.337593888122245,-0.94129021108856,-0.0017621609910495));
#9916=DIRECTION('ref_axis',(0.,0.00187206653423609,-0.99999824768191));
#9917=DIRECTION('',(0.904742902083207,0.323968452548951,0.276558715073481));
#9918=DIRECTION('',(0.868011654283136,0.310587251531365,0.387416219607344));
#9919=DIRECTION('center_axis',(0.364468769628738,-0.924816800998181,-0.108978899594397));
#9920=DIRECTION('ref_axis',(0.,0.117028643199574,-0.993128539853159));
#9921=DIRECTION('',(0.907040286499112,0.326074370694105,0.266370838201278));
#9922=DIRECTION('center_axis',(0.320988381834694,-0.944937796112216,0.0637104403197259));
#9923=DIRECTION('ref_axis',(0.,-0.0672701668669747,-0.997734796751967));
#9924=DIRECTION('center_axis',(0.337261870318787,-0.941155093379023,0.0219435875780552));
#9925=DIRECTION('ref_axis',(0.,-0.0233092565844071,-0.99972830236894));
#9926=DIRECTION('',(0.941229586309455,0.336647888563792,-0.0274784457579464));
#9927=DIRECTION('center_axis',(0.336527086345842,-0.941630322365682,-0.00904743925537078));
#9928=DIRECTION('ref_axis',(0.,0.00960782745066009,-0.99995384376064));
#9929=DIRECTION('center_axis',(0.33810551159313,-0.00721369046540301,0.94108056281076));
#9930=DIRECTION('ref_axis',(0.941105049426391,0.,-0.338114308990539));
#9931=DIRECTION('',(0.868834222872011,-0.381908018363892,-0.315076750452574));
#9932=DIRECTION('',(0.934602562294341,0.119948774526372,-0.33485868966248));
#9933=DIRECTION('center_axis',(-0.362727741486762,2.70721583261295E-5,0.931895157634705));
#9934=DIRECTION('ref_axis',(0.931895157976198,0.,0.362727741619684));
#9935=DIRECTION('',(0.190076523277107,-0.978975466180744,0.0740131874403574));
#9936=DIRECTION('',(0.081230431353853,0.996194638182161,0.0315889201964813));
#9937=DIRECTION('center_axis',(-0.362848820213971,0.,0.931848020692929));
#9938=DIRECTION('ref_axis',(0.931848020692929,0.,0.362848820213971));
#9939=DIRECTION('',(0.514733815917152,-0.833592707751897,0.200430277987702));
#9940=DIRECTION('',(0.,1.,0.));
#9941=DIRECTION('center_axis',(0.34174420197806,0.,0.939793009345344));
#9942=DIRECTION('ref_axis',(0.939793009345344,0.,-0.34174420197806));
#9943=DIRECTION('',(0.357794781953861,0.924691778094248,-0.130107684367552));
#9944=DIRECTION('',(0.356263382144845,-0.92536100537709,-0.129550809608497));
#9945=DIRECTION('center_axis',(0.328919769634968,0.00560216545833359,0.944341252347612));
#9946=DIRECTION('ref_axis',(0.944356071421096,0.,-0.328924931207889));
#9947=DIRECTION('',(0.546596116170198,0.814324467790162,-0.195213593138194));
#9948=DIRECTION('',(0.365606288389643,-0.922756764561706,-0.121868762796548));
#9949=DIRECTION('center_axis',(0.339754981589247,-0.00258906012076315,0.940510419534511));
#9950=DIRECTION('ref_axis',(0.940513571780274,0.,-0.339756120323257));
#9951=DIRECTION('',(0.894697311087126,0.309199928688804,-0.322354037716772));
#9952=DIRECTION('',(0.355269378644152,-0.925555069254739,-0.130887288820013));
#9953=DIRECTION('center_axis',(0.336292955010923,0.00868690623599793,0.941717359970638));
#9954=DIRECTION('ref_axis',(0.941752894079545,0.,-0.336305644455757));
#9955=DIRECTION('',(0.867774965502,-0.391357442825893,-0.306277588459848));
#9956=DIRECTION('center_axis',(-0.361192593012792,-0.924181601662845,0.124210619113645));
#9957=DIRECTION('ref_axis',(0.,-0.133202987784707,-0.991088777075609));
#9958=DIRECTION('',(0.932075800570363,-0.353838761760697,0.0776713117358968));
#9959=DIRECTION('',(0.375114891126293,-0.0220527604585988,0.926715972783174));
#9960=DIRECTION('center_axis',(-0.387922897597015,-0.911702974114276,0.13532742704685));
#9961=DIRECTION('ref_axis',(0.,-0.146825026498244,-0.989162479875672));
#9962=DIRECTION('',(0.329384060559334,0.,0.944196028719378));
#9963=DIRECTION('center_axis',(0.369513424473075,-0.920240872669107,-0.128905257469898));
#9964=DIRECTION('ref_axis',(0.,0.138723348048747,-0.99033117324769));
#9965=DIRECTION('',(0.867780951128296,0.391350254954699,-0.306269813735801));
#9966=DIRECTION('',(0.483400451880892,0.308843512491891,-0.819109081815737));
#9967=DIRECTION('center_axis',(0.395237540976743,-0.169930811655013,0.90272410262102));
#9968=DIRECTION('ref_axis',(0.916047095616652,0.,-0.4010707152265));
#9969=DIRECTION('',(0.870300312552203,0.383678853418423,-0.30881694158686));
#9970=DIRECTION('center_axis',(0.361328563851326,-0.923466306173633,-0.129041273657553));
#9971=DIRECTION('ref_axis',(0.,0.138391181077274,-0.990377645648385));
#9972=DIRECTION('',(0.93207414661471,0.353843148804696,0.0776711739092254));
#9973=DIRECTION('',(0.33632566695352,0.,0.941745743684711));
#9974=DIRECTION('center_axis',(0.869492617576792,-0.384133743724993,-0.31052190729686));
#9975=DIRECTION('ref_axis',(-0.33632566695352,0.,-0.941745743684711));
#9976=DIRECTION('',(0.0812629496475372,0.731335067862254,-0.677159768097229));
#9977=DIRECTION('center_axis',(0.992876183266235,0.,0.119150680663914));
#9978=DIRECTION('ref_axis',(0.119150680663914,0.,-0.992876183266235));
#9979=DIRECTION('center_axis',(-0.376017000231318,0.,0.926612764609381));
#9980=DIRECTION('ref_axis',(0.926612764609381,0.,0.376017000231318));
#9981=DIRECTION('',(0.,1.,0.));
#9982=DIRECTION('',(0.0440397564880543,0.998869921199498,0.0178712162815248));
#9983=DIRECTION('center_axis',(-0.687285926178749,0.663986294501027,0.294550940231761));
#9984=DIRECTION('ref_axis',(0.393919105391404,0.,0.91914511281279));
#9985=DIRECTION('',(0.346440325975916,-0.056778049395293,0.936352152581798));
#9986=DIRECTION('',(0.393919105391404,0.,0.91914511281279));
#9987=DIRECTION('center_axis',(-0.376017000231318,0.,0.926612764609381));
#9988=DIRECTION('ref_axis',(0.926612764609381,0.,0.376017000231318));
#9989=DIRECTION('',(0.716806974687214,-0.633701456761938,0.290878367599863));
#9990=DIRECTION('',(0.,1.,0.));
#9991=DIRECTION('center_axis',(-0.918828220235693,-0.0262567853505957,0.393783294365773));
#9992=DIRECTION('ref_axis',(0.393919105391404,0.,0.91914511281279));
#9993=DIRECTION('',(0.38709721095336,0.13440969392942,0.912189554560854));
#9994=DIRECTION('center_axis',(-0.93515921800615,0.,0.354227662638205));
#9995=DIRECTION('ref_axis',(0.354227662638205,0.,0.93515921800615));
#9996=DIRECTION('',(0.0306349616998346,0.996253255321628,0.0808761422343413));
#9997=DIRECTION('center_axis',(0.338955583566969,-0.940787918933225,-0.00521574137276968));
#9998=DIRECTION('ref_axis',(0.,0.00554392877916717,-0.999984632308763));
#9999=DIRECTION('',(0.729540261592807,0.266337809813384,-0.629948551692047));
#10000=DIRECTION('center_axis',(-0.0614085925129389,0.384497336569036,0.921081311794403));
#10001=DIRECTION('ref_axis',(0.997784929807328,0.,0.0665224311746392));
#10002=DIRECTION('',(0.561354405704114,0.776344891040914,-0.286652823728029));
#10003=DIRECTION('',(0.997784929807328,0.,0.0665224311746392));
#10004=DIRECTION('center_axis',(-0.0555876517497079,0.380965993969041,0.922916531660439));
#10005=DIRECTION('ref_axis',(0.998191068376205,0.,0.0601214688274543));
#10006=DIRECTION('',(0.317591166592028,-0.869591408508168,0.378082839006871));
#10007=DIRECTION('',(0.0256811057443629,0.924585472106963,-0.380108123533937));
#10008=DIRECTION('center_axis',(0.0241599150640864,0.40601718055805,0.91354602927044));
#10009=DIRECTION('ref_axis',(0.999650479861623,0.,-0.0264370594511997));
#10010=DIRECTION('',(0.341610941071143,-0.862158920963431,0.374144303636525));
#10011=DIRECTION('center_axis',(-0.0614556953666473,-0.382792915158826,
0.921787818107405));
#10012=DIRECTION('ref_axis',(0.997784929807328,0.,0.0665224311746392));
#10013=DIRECTION('',(0.0258036799533873,-0.923834122217718,-0.381922354317055));
#10014=DIRECTION('',(0.201084515539842,0.899848606199502,0.387088495735691));
#10015=DIRECTION('center_axis',(0.00617956861758004,-0.396317497685447,
0.918092726231968));
#10016=DIRECTION('ref_axis',(0.999977348421448,0.,-0.00673072388445737));
#10017=DIRECTION('',(0.268774132484052,0.884983723393872,0.380216089921723));
#10018=DIRECTION('center_axis',(-0.0758882888442196,-0.374057854423405,
0.924295239174397));
#10019=DIRECTION('ref_axis',(0.996646416343773,0.,0.0818286061784875));
#10020=DIRECTION('',(0.366241277471973,0.851718836793334,0.374756387173196));
#10021=DIRECTION('center_axis',(-0.0532794160302582,-0.382883711506478,
0.922258839638037));
#10022=DIRECTION('ref_axis',(0.99833544615038,0.,0.0576744047192603));
#10023=DIRECTION('center_axis',(-0.0484915532606151,0.381394031841769,0.923139838669014));
#10024=DIRECTION('ref_axis',(0.998623204034543,0.,0.052456614109024));
#10025=DIRECTION('',(0.987021937029126,-0.12335832549953,0.102812544726919));
#10026=DIRECTION('center_axis',(-0.0591906110632177,0.315687082870928,0.947015383861533));
#10027=DIRECTION('ref_axis',(0.998052437442657,0.,0.0623805427579013));
#10028=DIRECTION('',(0.998052437442657,0.,0.0623805427579013));
#10029=DIRECTION('center_axis',(-0.024041566237107,0.922748905095036,0.384651090260744));
#10030=DIRECTION('ref_axis',(0.,-0.384762302043365,0.923015693759478));
#10031=DIRECTION('',(0.0888777605585045,0.385211572447776,-0.918538397744164));
#10032=DIRECTION('',(0.855482495052329,0.218074103726979,-0.46967370156601));
#10033=DIRECTION('center_axis',(-0.994946578926191,0.0775837203706755,-0.0637343817457637));
#10034=DIRECTION('ref_axis',(-0.063927068119803,0.,0.997954573095192));
#10035=DIRECTION('center_axis',(-0.224755668080479,0.0629959499574549,-0.97237667596187));
#10036=DIRECTION('ref_axis',(-0.974311871139003,0.,0.225202970134976));
#10037=DIRECTION('',(0.147333650738437,-0.984237881073858,-0.0978191638654067));
#10038=DIRECTION('',(0.151962361720355,-0.98343211194518,-0.09883684442259));
#10039=DIRECTION('center_axis',(-0.100031852651363,0.0835637498438185,-0.991468974888864));
#10040=DIRECTION('ref_axis',(-0.99494887487232,0.,0.100382948702983));
#10041=DIRECTION('center_axis',(-0.106676832862533,0.0830949179139124,-0.990815466142561));
#10042=DIRECTION('ref_axis',(-0.994253957069566,0.,0.107047040367819));
#10043=DIRECTION('',(0.688679536679826,-0.712593082027043,-0.133908906371683));
#10044=DIRECTION('center_axis',(-0.171725107948046,0.0191290623238515,-0.984959169851645));
#10045=DIRECTION('ref_axis',(-0.985139427958027,0.,0.1717565354871));
#10046=DIRECTION('',(0.938793373679359,-0.299894274475427,-0.169500518207421));
#10047=DIRECTION('center_axis',(0.259605667784963,0.939347626830955,-0.22412258525409));
#10048=DIRECTION('ref_axis',(0.,0.232079498631102,0.972696821376083));
#10049=DIRECTION('',(0.962530632624025,-0.270515479617237,-0.0188721103178917));
#10050=DIRECTION('center_axis',(-0.339640733165013,0.,0.940555246848973));
#10051=DIRECTION('ref_axis',(0.940555246848973,0.,0.339640733165013));
#10052=DIRECTION('',(0.839537201758883,-0.450854541106624,0.303162447586108));
#10053=DIRECTION('',(0.,1.,0.));
#10054=DIRECTION('center_axis',(-0.329071030278694,0.0220305559497245,0.944048151121469));
#10055=DIRECTION('ref_axis',(0.944277329259377,0.,0.329150915913626));
#10056=DIRECTION('',(0.321403731919777,-0.937426254466708,0.133909142871423));
#10057=DIRECTION('',(0.881922244207428,-0.350168396057373,0.31558715052223));
#10058=DIRECTION('center_axis',(-0.919795098836322,0.197602562192806,0.339013574317488));
#10059=DIRECTION('ref_axis',(0.345832626570643,0.,0.938296218898515));
#10060=DIRECTION('',(0.368304340927689,0.136667499638532,0.919605299569534));
#10061=DIRECTION('',(0.369852229502077,0.147934874169316,0.917237483608717));
#10062=DIRECTION('center_axis',(-0.384593167077906,0.,0.923086180070413));
#10063=DIRECTION('ref_axis',(0.923086180070413,0.,0.384593167077906));
#10064=DIRECTION('',(0.861551940454714,-0.358997358365833,0.358955638742548));
#10065=DIRECTION('',(0.,1.,0.));
#10066=DIRECTION('center_axis',(-0.928317541233161,0.0185762919997135,0.371323934071532));
#10067=DIRECTION('ref_axis',(0.371388018633867,0.,0.928477753968942));
#10068=DIRECTION('',(0.371388018633867,0.,0.928477753968942));
#10069=DIRECTION('',(0.36709833892825,0.203935621049725,0.907551140169623));
#10070=DIRECTION('center_axis',(-0.927033394543891,0.,0.374978779933519));
#10071=DIRECTION('ref_axis',(0.374978779933519,0.,0.927033394543891));
#10072=DIRECTION('',(0.372960830156388,-0.103605247316376,0.922044560689759));
#10073=DIRECTION('center_axis',(-0.787208282733311,-0.366789984652084,0.495750165663105));
#10074=DIRECTION('ref_axis',(0.532890633018458,0.,0.846184124904968));
#10075=DIRECTION('',(0.516545034511593,0.0469579551897459,0.854971448509139));
#10076=DIRECTION('',(0.513461922313054,-0.835078910918276,0.1974843458964));
#10077=DIRECTION('center_axis',(-0.32493809543797,0.0237887474656308,0.945436052637703));
#10078=DIRECTION('ref_axis',(0.945703679492647,0.,0.325030076445348));
#10079=DIRECTION('',(0.43801971962295,-0.88221261890945,0.172741483895335));
#10080=DIRECTION('',(0.918639771171348,-0.229639925365591,0.321506571473025));
#10081=DIRECTION('center_axis',(-0.366870610799853,0.,0.930271979010087));
#10082=DIRECTION('ref_axis',(0.930271979010087,0.,0.366870610799853));
#10083=DIRECTION('',(0.873352745258112,-0.344423418447497,0.344423418447497));
#10084=DIRECTION('center_axis',(-0.998443181989209,0.,-0.0557782425257748));
#10085=DIRECTION('ref_axis',(-0.0557782425257748,0.,0.998443181989209));
#10086=DIRECTION('',(0.0557643630579767,0.0223070413906161,-0.998194736370181));
#10087=DIRECTION('',(0.,1.,0.));
#10088=DIRECTION('center_axis',(-0.998111718435882,0.,-0.0614247305323382));
#10089=DIRECTION('ref_axis',(-0.0614247305323382,0.,0.998111718435882));
#10090=DIRECTION('',(0.0567413142465032,-0.382987386180094,-0.922009265292122));
#10091=DIRECTION('',(0.044317192640789,-0.692427165319288,-0.720125410719782));
#10092=DIRECTION('center_axis',(-0.998642862499234,-0.0109656617632727,
-0.0509135290608449));
#10093=DIRECTION('ref_axis',(-0.0509165904043685,0.,0.99870290918851));
#10094=DIRECTION('',(0.0282743596737407,0.706826133784629,-0.706822026527268));
#10095=DIRECTION('center_axis',(-0.998996729260466,-0.00458580163032452,
-0.0445477872660096));
#10096=DIRECTION('ref_axis',(-0.0445482556839498,0.,0.999007233665261));
#10097=DIRECTION('',(0.021448257467993,-0.922229374661922,-0.386047863304885));
#10098=DIRECTION('',(0.00558538275011977,-0.999734830841309,-0.0223399082861414));
#10099=DIRECTION('center_axis',(-0.998362428559201,-0.00430303384469492,
-0.0570433619372679));
#10100=DIRECTION('ref_axis',(-0.0570438900549066,0.,0.998371671576975));
#10101=DIRECTION('',(0.0570438900549066,0.,-0.998371671576975));
#10102=DIRECTION('center_axis',(-0.998305614626885,-0.00173861609399716,
-0.0581625052634001));
#10103=DIRECTION('ref_axis',(-0.0581625931700005,0.,0.998307123462385));
#10104=DIRECTION('',(0.0390894975027903,0.720387702691719,-0.692469182704565));
#10105=DIRECTION('',(0.0423902415288002,-0.706471183921584,-0.706471183921584));
#10106=DIRECTION('center_axis',(-0.998429997685168,-0.00404077788960926,
-0.0558678067982149));
#10107=DIRECTION('ref_axis',(-0.0558682629053893,0.,0.998438148910554));
#10108=DIRECTION('',(0.0499904405087219,0.385655955211317,-0.921287381910656));
#10109=DIRECTION('center_axis',(-0.998370855864867,0.00126770351875915,
-0.0570440802138213));
#10110=DIRECTION('ref_axis',(-0.0570441260508547,0.,0.998371658092864));
#10111=DIRECTION('',(0.,0.99975315552891,0.0222177408839609));
#10112=DIRECTION('',(0.0570441260508547,0.,-0.998371658092864));
#10113=DIRECTION('center_axis',(-0.998371440650309,-0.000659995726363792,
-0.0570441136268036));
#10114=DIRECTION('ref_axis',(-0.0570441260508547,0.,0.998371658092864));
#10115=DIRECTION('',(0.0214482230706934,0.922227895651326,-0.386051398403939));
#10116=DIRECTION('center_axis',(-0.998370902099395,0.00292261804145117,
-0.0569824547121599));
#10117=DIRECTION('ref_axis',(-0.0569826980771279,0.,0.99837516601719));
#10118=DIRECTION('',(0.0390893622062958,-0.692468408435372,-0.720388454294825));
#10119=DIRECTION('',(0.042390487410023,0.706467071314242,-0.70647528175147));
#10120=DIRECTION('center_axis',(-0.99828084517107,0.00130222388237944,-0.058597426372625));
#10121=DIRECTION('ref_axis',(-0.0585974760570663,0.,0.998281691608006));
#10122=DIRECTION('',(0.0213074902953747,-0.923287436833532,-0.383518317479987));
#10123=DIRECTION('center_axis',(-0.998531087407461,0.,-0.0541818002734709));
#10124=DIRECTION('ref_axis',(-0.0541818002734709,0.,0.998531087407461));
#10125=DIRECTION('',(0.0499905205160591,-0.385652422466948,-0.921288856387565));
#10126=DIRECTION('',(0.,1.,0.));
#10127=DIRECTION('center_axis',(-0.998460219312941,0.,-0.0554724296345012));
#10128=DIRECTION('ref_axis',(-0.0554724296345012,0.,0.99846021931294));
#10129=DIRECTION('',(0.0554587787366091,0.0221835114946436,-0.998214513859026));
#10130=DIRECTION('',(0.0513172653607428,0.379735836356223,-0.92367052181107));
#10131=DIRECTION('center_axis',(-0.0301159536361913,0.925056947283669,0.378632636758644));
#10132=DIRECTION('ref_axis',(0.,-0.378804457991971,0.925476732611582));
#10133=DIRECTION('',(0.583077990192771,0.323933611080086,-0.745041658543584));
#10134=DIRECTION('center_axis',(-0.0262634186810305,0.924105452464119,0.381233977453834));
#10135=DIRECTION('ref_axis',(0.,-0.381365526850705,0.924424326232215));
#10136=DIRECTION('center_axis',(0.258090629512985,0.935228899953462,-0.242355382959464));
#10137=DIRECTION('ref_axis',(0.,0.250854143135914,0.968024895791191));
#10138=DIRECTION('',(0.620490324588637,0.0318202833295118,0.783568265475777));
#10139=DIRECTION('center_axis',(0.326389314867768,-0.0166348550403931,0.945089041698154));
#10140=DIRECTION('ref_axis',(0.945219830607338,0.,-0.326434483207022));
#10141=DIRECTION('',(0.740878702125221,-0.616410749534847,-0.266714335188674));
#10142=DIRECTION('',(0.873483981953663,-0.376804232123094,-0.308292562227017));
#10143=DIRECTION('center_axis',(0.763725987231407,-0.389554848381942,0.514752014594926));
#10144=DIRECTION('ref_axis',(0.558903569995588,0.,-0.829232657006576));
#10145=DIRECTION('',(0.0059042043085228,0.801578726566824,0.597860088555));
#10146=DIRECTION('',(0.547048965172919,0.813904388150317,-0.195696388962332));
#10147=DIRECTION('center_axis',(0.329494397065493,-0.0124641285933428,0.944075255369431));
#10148=DIRECTION('ref_axis',(0.944148597085397,0.,-0.329519994266928));
#10149=DIRECTION('',(0.664710586209433,-0.707050877228385,-0.241327357735676));
#10150=DIRECTION('',(0.870301774019592,-0.38367949771801,-0.308812022384503));
#10151=DIRECTION('center_axis',(0.336193041719508,0.000480927189775865,
0.941792974813692));
#10152=DIRECTION('ref_axis',(0.941793083727812,0.,-0.336193080598721));
#10153=DIRECTION('',(0.725772385849368,-0.637417135921277,-0.258754398556687));
#10154=DIRECTION('',(0.0281554972850136,0.999547763061822,-0.0105611235548638));
#10155=DIRECTION('center_axis',(0.346851756179015,0.0059611822999547,0.937901020119458));
#10156=DIRECTION('ref_axis',(0.937917685045629,0.,-0.346857919152277));
#10157=DIRECTION('',(0.481813164486998,-0.85908266078577,-0.172722483956971));
#10158=DIRECTION('',(0.868779321089169,0.374779001843049,-0.323671424480706));
#10159=DIRECTION('center_axis',(0.356362395092016,-0.000165872876970009,
0.934347802400407));
#10160=DIRECTION('ref_axis',(0.934347815254142,0.,-0.35636239999446));
#10161=DIRECTION('',(0.359039581544968,0.923246057538734,-0.136774617978626));
#10162=DIRECTION('',(0.0564182889948027,-0.998171474249053,-0.0216952682023193));
#10163=DIRECTION('center_axis',(0.333752552921968,-0.00234182937974415,
0.942657811325629));
#10164=DIRECTION('ref_axis',(0.942660396181675,0.,-0.333753468102741));
#10165=DIRECTION('',(0.250080503810658,-0.963945131992954,-0.0909369238587571));
#10166=DIRECTION('',(0.867780951128296,0.391350254954699,-0.306269813735801));
#10167=DIRECTION('center_axis',(0.336889220368657,-0.00142292105936274,
0.941543216477639));
#10168=DIRECTION('ref_axis',(0.941544169652405,0.,-0.336889561419708));
#10169=DIRECTION('',(0.873291351863113,0.374271174292169,-0.311902713766741));
#10170=DIRECTION('center_axis',(0.865225737193655,0.37241417027653,-0.335696454367542));
#10171=DIRECTION('ref_axis',(-0.361715894513182,0.,-0.932288373657276));
#10172=DIRECTION('',(0.432134072973468,-0.893432691400965,0.122630212066156));
#10173=DIRECTION('',(0.463808696591192,-0.848812525730345,0.253769165048969));
#10174=DIRECTION('center_axis',(0.871554149678248,0.378829424734735,-0.311258142277074));
#10175=DIRECTION('ref_axis',(-0.33632566695352,0.,-0.941745743684711));
#10176=DIRECTION('',(0.356898993287033,-0.925466435212419,-0.127023564293875));
#10177=DIRECTION('',(0.33632566695352,0.,0.941745743684711));
#10178=DIRECTION('center_axis',(0.354855883710682,0.926292010464934,-0.126729685333552));
#10179=DIRECTION('ref_axis',(0.,0.135551221419767,0.990770339872773));
#10180=DIRECTION('',(0.896816064834955,-0.298946584176054,0.326116368285026));
#10181=DIRECTION('center_axis',(-0.798368095294864,-0.334497989095574,0.500718962798762));
#10182=DIRECTION('ref_axis',(0.531325171460029,0.,0.847167965738183));
#10183=DIRECTION('',(0.55766712999348,-0.0969849752534474,0.824379334226618));
#10184=DIRECTION('',(0.504400411317082,0.0827208233300777,0.859498394676076));
#10185=DIRECTION('center_axis',(-0.787204998343749,-0.364965410416005,0.497100130539608));
#10186=DIRECTION('ref_axis',(0.533930049330068,0.,0.845528652632418));
#10187=DIRECTION('',(0.439732410066603,-0.897344039720156,0.0375377398857131));
#10188=DIRECTION('center_axis',(0.875107313305186,0.394295470646095,-0.280567767264442));
#10189=DIRECTION('ref_axis',(-0.305302216416084,0.,-0.952255510171208));
#10190=DIRECTION('center_axis',(0.361468299793355,-0.922624755187993,-0.134551957840821));
#10191=DIRECTION('ref_axis',(0.,0.144309533629484,-0.989532595978344));
#10192=DIRECTION('',(0.867784145433674,0.385683009676365,-0.313367664223559));
#10193=DIRECTION('center_axis',(0.342447004558742,-0.00715107594429115,
0.939509931390608));
#10194=DIRECTION('ref_axis',(0.939533954588412,0.,-0.342455760902718));
#10195=DIRECTION('',(0.60458286227779,0.767109483332116,-0.214528793456563));
#10196=DIRECTION('',(0.665203368642888,-0.70433476190349,-0.247824578120309));
#10197=DIRECTION('center_axis',(0.348121842316937,-0.00106625981032196,
0.937448689791542));
#10198=DIRECTION('ref_axis',(0.937449222689383,0.,-0.348122040208705));
#10199=DIRECTION('',(0.358368238550728,0.924197251079276,-0.132028961578731));
#10200=DIRECTION('',(0.0851658029969565,-0.995828114431357,-0.0327590065168661));
#10201=DIRECTION('center_axis',(0.33963284920534,-0.00189448547030521,0.940556185810006));
#10202=DIRECTION('ref_axis',(0.940557873677988,0.,-0.339633458690898));
#10203=DIRECTION('',(0.940557873677988,0.,-0.339633458690898));
#10204=DIRECTION('center_axis',(0.339632272988412,-0.00264239202627527,
0.940554590073912));
#10205=DIRECTION('ref_axis',(0.940557873677988,0.,-0.339633458690898));
#10206=DIRECTION('',(0.355267592302066,-0.925555847998158,-0.130886630701169));
#10207=DIRECTION('',(0.717554520983387,-0.645782770045385,-0.260921680449922));
#10208=DIRECTION('center_axis',(0.345129775712357,0.00427796167105104,0.9385452237163));
#10209=DIRECTION('ref_axis',(0.938553811971629,0.,-0.345132933858135));
#10210=DIRECTION('',(0.665206919701903,0.704330942620554,-0.247825901083697));
#10211=DIRECTION('center_axis',(0.654027803782768,-0.00226875912977068,
0.756467107421796));
#10212=DIRECTION('ref_axis',(0.756469054298776,0.,-0.654029487017456));
#10213=DIRECTION('',(0.645988822606474,0.522025967388981,-0.556944638576493));
#10214=DIRECTION('center_axis',(-0.359942260937109,-0.000234285076393258,
0.93297455158326));
#10215=DIRECTION('ref_axis',(0.932974577188513,0.,0.359942270815634));
#10216=DIRECTION('',(0.128394072851206,0.990472912308783,0.0497832505893037));
#10217=DIRECTION('',(0.045491280964282,0.998806114329262,0.0178013857525078));
#10218=DIRECTION('center_axis',(-0.333284644573464,-0.00162398239386103,
0.94282485561886));
#10219=DIRECTION('ref_axis',(0.942826098886185,0.,0.333285084063266));
#10220=DIRECTION('',(0.0625454683992363,0.997757627380584,0.0238281637267408));
#10221=DIRECTION('',(0.0117677489634486,0.999913456361526,0.00588216554344902));
#10222=DIRECTION('center_axis',(0.658556338285112,-0.0121767143935241,0.752432905268691));
#10223=DIRECTION('ref_axis',(0.752488693979063,0.,-0.658605166570749));
#10224=DIRECTION('',(0.548804536481077,0.691899300579271,-0.469136375263853));
#10225=DIRECTION('center_axis',(-0.368560788968977,-0.920237771948097,0.13162593936822));
#10226=DIRECTION('ref_axis',(0.,-0.141593613002794,-0.989924870258756));
#10227=DIRECTION('',(0.336329793817909,0.,0.941744269847395));
#10228=DIRECTION('',(0.488772748767836,-0.312273669847443,-0.814608099138441));
#10229=DIRECTION('center_axis',(-0.361514117158641,-0.922299240836724,0.136644258741492));
#10230=DIRECTION('ref_axis',(0.,-0.1465563583367,-0.989202321990342));
#10231=DIRECTION('',(0.869413505913081,-0.386404053555331,-0.307915675359235));
#10232=DIRECTION('center_axis',(-0.799716587782489,-0.367644480825583,0.474648201243848));
#10233=DIRECTION('ref_axis',(0.510392840912997,0.,0.859941363085158));
#10234=DIRECTION('',(0.351378049621487,-0.927648505034697,-0.126497894650824));
#10235=DIRECTION('',(0.504243756340303,-0.840406260567172,0.198634215057033));
#10236=DIRECTION('',(0.383968253011245,-0.920955442549467,-0.066403716146067));
#10237=DIRECTION('center_axis',(-0.784139742022587,-0.363208386436005,0.503194329263858));
#10238=DIRECTION('ref_axis',(0.54007732757704,0.,0.841615399239607));
#10239=DIRECTION('center_axis',(-0.362189250431213,0.00299288454353599,
0.932099774441655));
#10240=DIRECTION('ref_axis',(0.932103949045335,0.,0.362190872571481));
#10241=DIRECTION('',(0.229254905135912,0.969562522388997,0.0859692017516104));
#10242=DIRECTION('',(0.0580310254515333,0.99812734324126,0.0193444244987388));
#10243=DIRECTION('center_axis',(-0.338325223189304,-0.00344101106503607,
0.941022955509991));
#10244=DIRECTION('ref_axis',(0.941028526677507,0.,0.338327226186662));
#10245=DIRECTION('',(0.00571434588236889,0.999967364686799,0.00571102551869523));
#10246=DIRECTION('center_axis',(0.332772977975879,-0.00390274013428691,
0.942998893821467));
#10247=DIRECTION('ref_axis',(0.943006075491015,0.,-0.332775512300763));
#10248=DIRECTION('',(0.35568280415687,0.926651742638034,-0.121681102448161));
#10249=DIRECTION('center_axis',(-0.869027651174557,-0.385308606666494,0.310367877079373));
#10250=DIRECTION('ref_axis',(0.33633722238078,0.,0.941741616814921));
#10251=DIRECTION('',(0.33633722238078,0.,0.941741616814921));
#10252=DIRECTION('',(0.0828272393086075,-0.731750258630258,-0.67652140204362));
#10253=DIRECTION('center_axis',(-0.872677581834401,0.37589195194485,0.311671427350589));
#10254=DIRECTION('ref_axis',(0.33633722238078,0.,0.941741616814921));
#10255=DIRECTION('',(0.199022449466253,0.856669936597471,-0.47592718386171));
#10256=DIRECTION('center_axis',(-0.87278406843607,-0.380937318957019,0.305179830444314));
#10257=DIRECTION('ref_axis',(0.330066563953986,0.,0.943957659728237));
#10258=DIRECTION('',(0.457954336226721,-0.855421484911387,0.241933687367305));
#10259=DIRECTION('',(0.358885568769789,-0.924598771619094,-0.127742945203433));
#10260=DIRECTION('center_axis',(-0.871642392583871,-0.378596893622301,0.31129396330512));
#10261=DIRECTION('ref_axis',(0.336329793817909,0.,0.941744269847395));
#10262=DIRECTION('center_axis',(0.333845593157193,0.,0.942627773794896));
#10263=DIRECTION('ref_axis',(0.942627773794896,0.,-0.333845593157193));
#10264=DIRECTION('',(0.939233102897075,0.084791508865574,-0.332643320159344));
#10265=DIRECTION('',(0.,1.,0.));
#10266=DIRECTION('center_axis',(0.334409001621217,0.,0.942428044804855));
#10267=DIRECTION('ref_axis',(0.942428044804855,0.,-0.334409001621217));
#10268=DIRECTION('',(0.870299135840865,0.383683129286511,-0.308814945324145));
#10269=DIRECTION('center_axis',(-0.918461841379353,0.,0.395509602829121));
#10270=DIRECTION('ref_axis',(0.395509602829121,0.,0.918461841379353));
#10271=DIRECTION('',(0.348572514847178,-0.472510509285781,0.809463415175514));
#10272=DIRECTION('center_axis',(-0.692159398881831,0.658251930409837,0.296006355761605));
#10273=DIRECTION('ref_axis',(0.393208362356871,0.,0.919449391632094));
#10274=DIRECTION('',(0.39404391183469,0.00103974152064306,0.919091026222966));
#10275=DIRECTION('',(0.174301610070154,0.550438482105508,-0.816478062255402));
#10276=DIRECTION('center_axis',(-0.919091484260382,0.000977800425987467,
0.394043002052283));
#10277=DIRECTION('ref_axis',(0.394043190423428,0.,0.919091923629473));
#10278=DIRECTION('',(0.365360814927645,0.376661175484956,0.851256620413433));
#10279=DIRECTION('center_axis',(-0.913130561854113,-0.0326377354419593,
0.406358653449403));
#10280=DIRECTION('ref_axis',(0.406575257556343,0.,0.913617294025783));
#10281=DIRECTION('',(0.35724446535467,0.416131266641134,0.836188472114452));
#10282=DIRECTION('center_axis',(-0.912700825222762,-0.0285234545789532,
0.407631716352606));
#10283=DIRECTION('ref_axis',(0.407797639630886,0.,0.913072332902206));
#10284=DIRECTION('',(0.33419208915356,0.521940306748703,0.784789120552935));
#10285=DIRECTION('center_axis',(-0.920053538856675,0.,0.391792656436168));
#10286=DIRECTION('ref_axis',(0.391792656436168,0.,0.920053538856675));
#10287=DIRECTION('',(0.328267947539214,0.545883007315442,0.770877355318368));
#10288=DIRECTION('center_axis',(-0.927317722895156,0.0309117881983142,0.372996383568158));
#10289=DIRECTION('ref_axis',(0.373174717612477,0.,0.927761084619768));
#10290=DIRECTION('',(0.311523083429431,0.616123118795717,0.723426341085295));
#10291=DIRECTION('center_axis',(-0.918461841379353,0.,0.395509602829121));
#10292=DIRECTION('ref_axis',(0.395509602829121,0.,0.918461841379353));
#10293=DIRECTION('',(0.305567991902128,0.634901484410863,0.709597285379378));
#10294=DIRECTION('center_axis',(-0.913488298804519,-0.0147847127504597,
0.406596286525236));
#10295=DIRECTION('ref_axis',(0.406640732291719,0.,0.913588153842449));
#10296=DIRECTION('',(0.268872842970435,0.728094507134421,0.630544037315143));
#10297=DIRECTION('center_axis',(-0.921884210119958,0.00491034626429018,
0.387434370740472));
#10298=DIRECTION('ref_axis',(0.387439041636938,0.,0.921895324326711));
#10299=DIRECTION('',(0.246683641698093,0.778521106193515,0.577106634972942));
#10300=DIRECTION('center_axis',(-0.923791828437809,0.00895737228037198,
0.382790312303434));
#10301=DIRECTION('ref_axis',(0.382805669725721,0.,0.923828890664198));
#10302=DIRECTION('',(0.212468428098476,0.843681436296999,0.493009940172808));
#10303=DIRECTION('center_axis',(-0.923727636122022,0.00653147998136045,
0.382994248042545));
#10304=DIRECTION('ref_axis',(0.383002417615431,0.,0.923747339969504));
#10305=DIRECTION('',(0.20237752018764,0.85723606470473,0.473486714377762));
#10306=DIRECTION('center_axis',(-0.915044812503413,-0.00673187199973857,
0.403296011646499));
#10307=DIRECTION('ref_axis',(0.403305150261726,0.,0.915065547254603));
#10308=DIRECTION('',(0.191210058199217,0.873134324144813,0.448414056028168));
#10309=DIRECTION('center_axis',(-0.919146827374448,-0.000618819207880102,
0.393914618655204));
#10310=DIRECTION('ref_axis',(0.393914694077509,0.,0.91914700336226));
#10311=DIRECTION('center_axis',(-0.697271652071663,-0.651494775557861,0.298942804961194));
#10312=DIRECTION('ref_axis',(0.394044124827897,0.,0.919091523020758));
#10313=DIRECTION('',(0.394044124827897,0.,0.919091523020758));
#10314=DIRECTION('',(0.440110981807842,-0.0599262627060115,0.895941497381513));
#10315=DIRECTION('center_axis',(-0.921988317867416,-0.017482936777342,0.38682281297469));
#10316=DIRECTION('ref_axis',(0.386881943321848,0.,0.922129254460301));
#10317=DIRECTION('',(0.357278653984727,-0.423578822706069,0.832425939265351));
#10318=DIRECTION('center_axis',(-0.919091192492264,-0.00084808626713066,
0.394043983119691));
#10319=DIRECTION('ref_axis',(0.394044124827897,0.,0.919091523020758));
#10320=DIRECTION('center_axis',(-0.977963590376322,0.,-0.20877551556218));
#10321=DIRECTION('ref_axis',(-0.20877551556218,0.,0.977963590376322));
#10322=DIRECTION('',(0.,1.,0.));
#10323=DIRECTION('',(0.0121121899928158,-0.99831568963479,-0.0567369252126999));
#10324=DIRECTION('center_axis',(-0.905235511485785,0.,0.424910189034188));
#10325=DIRECTION('ref_axis',(0.424910189034188,0.,0.905235511485785));
#10326=DIRECTION('',(0.0282623246249136,0.997785515676331,0.060210511651328));
#10327=DIRECTION('',(0.0281930064642616,-0.997796377134746,0.0600628351252468));
#10328=DIRECTION('center_axis',(0.69316755834092,-0.0629623808873207,0.718021221592152));
#10329=DIRECTION('ref_axis',(0.719448679016868,0.,-0.69454560560188));
#10330=DIRECTION('',(0.570573850478398,-0.560758498637439,-0.599996156117804));
#10331=DIRECTION('center_axis',(-0.696532742289758,-0.652481122202455,0.298513859121707));
#10332=DIRECTION('ref_axis',(0.393919105391404,0.,0.91914511281279));
#10333=DIRECTION('',(0.173420790282692,-0.556784851867331,-0.812352053132631));
#10334=DIRECTION('',(0.393919105391404,0.,0.91914511281279));
#10335=DIRECTION('center_axis',(-0.918573788530155,0.0352530583831189,0.393674252269556));
#10336=DIRECTION('ref_axis',(0.393919105391404,0.,0.91914511281279));
#10337=DIRECTION('',(0.3872988826056,-0.118488905711047,0.9143084571171));
#10338=DIRECTION('',(0.394861378321022,0.125979697070705,0.910062419747347));
#10339=DIRECTION('center_axis',(0.255838816257657,0.936296240214462,-0.240615566113551));
#10340=DIRECTION('ref_axis',(0.,0.248899063175575,0.96852942978018));
#10341=DIRECTION('',(0.702111932571523,-0.351055966285762,-0.619514763888522));
#10342=DIRECTION('center_axis',(-0.998371457701765,-0.000654559416370374,
-0.0570438778347341));
#10343=DIRECTION('ref_axis',(-0.0570438900549066,0.,0.998371671576975));
#10344=DIRECTION('',(0.0213075240200114,0.923288898175666,-0.383514797531597));
#10345=DIRECTION('',(0.0389324371181925,0.723061909722658,-0.689685247086134));
#10346=DIRECTION('center_axis',(-0.998816355193163,0.00801997001572908,
-0.0479746670607792));
#10347=DIRECTION('ref_axis',(-0.0479762099985618,0.,0.998848478636362));
#10348=DIRECTION('',(0.028274523841756,-0.706822023231812,-0.706826130513021));
#10349=DIRECTION('center_axis',(-0.998363622333825,0.0151928834529574,-0.0551294285556216));
#10350=DIRECTION('ref_axis',(-0.0551357922468599,0.,0.998478865281239));
#10351=DIRECTION('',(0.0567414038058848,0.382983869427445,-0.922010720573529));
#10352=DIRECTION('center_axis',(0.384077011549555,0.921831603934944,-0.0520705596848288));
#10353=DIRECTION('ref_axis',(0.,0.0563960791183254,0.998408474653576));
#10354=DIRECTION('',(0.890656089058319,-0.35504391075579,0.284034421256605));
#10355=DIRECTION('',(0.893644807980517,-0.356970252743831,0.271976461896007));
#10356=DIRECTION('center_axis',(0.381496134594527,0.923439264801356,-0.0414803991370096));
#10357=DIRECTION('ref_axis',(0.,0.0448742166672692,0.998992644957158));
#10358=DIRECTION('',(0.905910713848144,-0.364577777424521,0.215427070590822));
#10359=DIRECTION('center_axis',(0.357088687877051,0.931121947035532,0.0741592120980672));
#10360=DIRECTION('ref_axis',(0.,-0.0793935932803561,0.996843346442175));
#10361=DIRECTION('',(0.908681361811209,-0.3646710119996,0.2032565760415));
#10362=DIRECTION('center_axis',(0.343365150812523,0.929105347149721,-0.137344920201984));
#10363=DIRECTION('ref_axis',(0.,0.146235764019878,0.989249766904963));
#10364=DIRECTION('',(0.839742005862066,-0.369196735053354,-0.398154661427815));
#10365=DIRECTION('center_axis',(0.381713649499449,0.922889024736039,-0.050700471472899));
#10366=DIRECTION('ref_axis',(0.,0.0548539800853944,0.998494386999142));
#10367=DIRECTION('center_axis',(0.26332056357572,0.962523465554324,-0.0648911323329989));
#10368=DIRECTION('ref_axis',(0.,0.0672650231913673,0.99773514354014));
#10369=DIRECTION('',(0.627899741701215,-0.119932404976848,0.768998135633642));
#10370=DIRECTION('center_axis',(0.381476692166931,0.923427356575638,-0.04192195679005));
#10371=DIRECTION('ref_axis',(0.,0.0453515077446181,0.998971091045827));
#10372=DIRECTION('',(0.489263710045297,-0.240181911980019,-0.838411397340431));
#10373=DIRECTION('center_axis',(0.299901704991226,0.949039776772046,-0.0968631480379406));
#10374=DIRECTION('ref_axis',(0.,0.101536879620349,0.994831775767623));
#10375=DIRECTION('',(0.722467113231089,-0.292257015368873,-0.626599638738497));
#10376=DIRECTION('center_axis',(-0.0185179446454226,-0.923691274199682,
0.382689842683964));
#10377=DIRECTION('ref_axis',(0.,-0.382755474468768,-0.923849688404011));
#10378=DIRECTION('',(0.998831308614346,0.,0.0483323590543015));
#10379=DIRECTION('',(0.44720466565796,-0.349985932591071,-0.823114714971194));
#10380=DIRECTION('',(0.049663374513525,-0.383132773828813,-0.922357212174421));
#10381=DIRECTION('center_axis',(0.0186399342761793,-0.922640309456678,-0.385210867208943));
#10382=DIRECTION('ref_axis',(0.,0.385277804861367,-0.922800635609451));
#10383=DIRECTION('',(0.449600927987892,0.351861266572751,-0.821007097800163));
#10384=DIRECTION('center_axis',(-0.0188166368873708,-0.923743295688286,
0.382549680234073));
#10385=DIRECTION('ref_axis',(0.,-0.382617422107245,-0.92390687209264));
#10386=DIRECTION('',(0.99879248885317,0.,0.0491280389440762));
#10387=DIRECTION('center_axis',(-0.0603434048245946,-0.386626854880206,
0.920259935333282));
#10388=DIRECTION('ref_axis',(0.997857055881755,0.,0.0654316133607878));
#10389=DIRECTION('',(0.997857055881755,0.,0.0654316133607878));
#10390=DIRECTION('',(0.419847487852307,-0.846251578534728,-0.328003586522446));
#10391=DIRECTION('center_axis',(-0.0454318303634189,-0.380541686398344,
0.923647104527987));
#10392=DIRECTION('ref_axis',(0.99879248885317,0.,0.0491280389440762));
#10393=DIRECTION('',(0.0215071145135423,-0.924760102223005,-0.379942360578285));
#10394=DIRECTION('center_axis',(-0.0605762301833638,0.378027083200489,0.923810610841693));
#10395=DIRECTION('ref_axis',(0.997857055881755,0.,0.0654316133607878));
#10396=DIRECTION('',(0.378242773397891,-0.847793889647135,0.371722914345151));
#10397=DIRECTION('',(0.0213652269640915,0.925789258499616,-0.377435790464424));
#10398=DIRECTION('center_axis',(-0.045359508024066,0.384099639833848,0.922176762725738));
#10399=DIRECTION('ref_axis',(0.99879248885317,0.,0.0491280389440762));
#10400=DIRECTION('',(0.99879248885317,0.,0.0491280389440762));
#10401=DIRECTION('center_axis',(0.0189369706492878,-0.922692774317234,-0.385070688790245));
#10402=DIRECTION('ref_axis',(0.,0.385139752245732,-0.922858261728255));
#10403=DIRECTION('',(0.998792955671813,0.,0.0491185474170833));
#10404=DIRECTION('',(0.0571149258264201,0.385509155799624,-0.920934620938155));
#10405=DIRECTION('center_axis',(0.0452986316923074,-0.386640092760124,-0.921117512935916));
#10406=DIRECTION('ref_axis',(-0.998792955671813,0.,-0.0491185474170833));
#10407=DIRECTION('',(0.418937440491923,0.844417271941147,-0.33384261531678));
#10408=DIRECTION('center_axis',(0.0453506731786405,0.384103133908521,-0.922175741908177));
#10409=DIRECTION('ref_axis',(-0.998792955671813,0.,-0.0491185474170833));
#10410=DIRECTION('',(0.378242773397891,0.847793889647135,0.371722914345151));
#10411=DIRECTION('',(0.998792955671813,0.,0.0491185474170833));
#10412=DIRECTION('center_axis',(0.0452986316923074,-0.386640092760124,-0.921117512935916));
#10413=DIRECTION('ref_axis',(-0.998792955671813,0.,-0.0491185474170833));
#10414=DIRECTION('',(0.0214482230706934,0.922227895651326,-0.386051398403939));
#10415=DIRECTION('center_axis',(0.0453506731786405,0.384103133908521,-0.922175741908177));
#10416=DIRECTION('ref_axis',(-0.998792955671813,0.,-0.0491185474170833));
#10417=DIRECTION('',(0.0213074902953747,-0.923287436833532,-0.383518317479987));
#10418=DIRECTION('',(0.998792955671813,0.,0.0491185474170833));
#10419=DIRECTION('center_axis',(0.0189428940538506,0.922642376290751,-0.385191137277873));
#10420=DIRECTION('ref_axis',(0.,0.385260265573544,0.922807958228689));
#10421=DIRECTION('',(0.354101585170043,0.354097774758064,0.865578900673676));
#10422=DIRECTION('center_axis',(-0.0185118718206229,0.923743381339957,0.382564342342983));
#10423=DIRECTION('ref_axis',(0.,-0.382629909567504,0.923901700563628));
#10424=DIRECTION('',(0.352099357563115,-0.352095568696682,0.867210904513891));
#10425=DIRECTION('',(0.998831308614346,0.,0.0483323590543015));
#10426=DIRECTION('center_axis',(0.0186338607512891,0.922692825701215,-0.385085352399969));
#10427=DIRECTION('ref_axis',(0.,0.385152224630657,0.922853056484106));
#10428=DIRECTION('',(0.0571150171665824,-0.38550562393037,-0.920936093728613));
#10429=DIRECTION('center_axis',(0.358062538464538,0.923415495100363,-0.138184810876166));
#10430=DIRECTION('ref_axis',(0.,0.147997392367349,0.988987751113463));
#10431=DIRECTION('',(0.928396095097814,-0.367857617246872,-0.0525496340670875));
#10432=DIRECTION('center_axis',(0.35932072276301,0.924757328223431,-0.12534951970442));
#10433=DIRECTION('ref_axis',(0.,0.1343202114715,0.990937980294555));
#10434=DIRECTION('',(0.869791205124142,-0.380538039595961,-0.314092438478158));
#10435=DIRECTION('',(0.329384060559334,0.,0.944196028719378));
#10436=DIRECTION('center_axis',(-0.353931778971506,0.927085518602083,0.123469579380398));
#10437=DIRECTION('ref_axis',(0.,-0.132014728835241,0.991247754787146));
#10438=DIRECTION('',(0.896817610211114,0.298944467298254,0.326114059014619));
#10439=DIRECTION('center_axis',(-0.869489864391414,0.384137297468835,0.310525220254235));
#10440=DIRECTION('ref_axis',(0.336329793817909,0.,0.941744269847395));
#10441=DIRECTION('',(0.336329793817909,0.,0.941744269847395));
#10442=DIRECTION('',(0.491351702571385,0.737035485024797,0.464060554447868));
#10443=DIRECTION('center_axis',(-0.868965609924264,0.378796697717892,0.318452242207482));
#10444=DIRECTION('ref_axis',(0.344094171187553,0.,0.93893514225145));
#10445=DIRECTION('',(0.356877363621203,0.925474148491882,-0.127028137859319));
#10446=DIRECTION('center_axis',(-0.361600891194783,0.920017403231237,0.151038979203352));
#10447=DIRECTION('ref_axis',(0.,-0.162001110744777,0.986790575612403));
#10448=DIRECTION('',(0.932277505656855,0.358570408412689,0.0478112398604043));
#10449=DIRECTION('center_axis',(-0.36164290994697,0.926963779234592,0.0997625063448745));
#10450=DIRECTION('ref_axis',(0.,-0.107004956243423,0.994258487184969));
#10451=DIRECTION('',(0.928395929562269,0.36785755165686,-0.0525530176224934));
#10452=DIRECTION('center_axis',(-0.35904367695423,0.924470368754279,0.128227046033642));
#10453=DIRECTION('ref_axis',(0.,-0.13738797179977,0.990517311915721));
#10454=DIRECTION('',(0.871431885919935,0.381252768768324,-0.308630514545324));
#10455=DIRECTION('center_axis',(0.338661247061274,0.0111952388827947,0.940841764785801));
#10456=DIRECTION('ref_axis',(0.940900729764791,0.,-0.338682471834733));
#10457=DIRECTION('',(0.873404325691865,-0.375654723129902,-0.309916783754825));
#10458=DIRECTION('',(0.936645587374521,0.0910633953828481,-0.33823438866145));
#10459=DIRECTION('center_axis',(0.339645582976259,0.,0.940553495535856));
#10460=DIRECTION('ref_axis',(0.940553495535856,0.,-0.339645582976259));
#10461=DIRECTION('',(0.,1.,0.));
#10462=DIRECTION('center_axis',(0.668419209585315,0.0634954058613089,0.741069560629669));
#10463=DIRECTION('ref_axis',(0.742567965642159,0.,-0.669770719277923));
#10464=DIRECTION('',(0.352845108627381,0.850030892699282,-0.39108542644107));
#10465=DIRECTION('center_axis',(-0.782045248540519,-0.365100783556255,0.5050808322257));
#10466=DIRECTION('ref_axis',(0.542532967820599,0.,0.840034510498094));
#10467=DIRECTION('',(0.30890539808695,-0.930960271705175,-0.194654636573008));
#10468=DIRECTION('',(0.513470375059965,-0.83676940212882,0.19017134799111));
#10469=DIRECTION('center_axis',(0.665850358194937,0.0655423007354568,0.74320085260041));
#10470=DIRECTION('ref_axis',(0.744802332751221,0.,-0.667285160278827));
#10471=DIRECTION('',(0.517845145997652,0.676512209406601,-0.523610194028411));
#10472=DIRECTION('center_axis',(-0.0544676718165444,0.698136240202263,0.713890091570918));
#10473=DIRECTION('ref_axis',(0.997102030145431,0.,0.0760758928955891));
#10474=DIRECTION('',(0.752663746951618,0.498517399149525,-0.43009032396689));
#10475=DIRECTION('',(0.732583761805487,-0.457871502756978,0.503661313684095));
#10476=DIRECTION('center_axis',(-0.414040033800363,0.287558857736972,0.863643881323548));
#10477=DIRECTION('ref_axis',(0.901730292316674,0.,0.432299063055294));
#10478=DIRECTION('',(0.357023603058971,0.924065756368095,-0.136516023845744));
#10479=DIRECTION('',(0.175630918799821,0.956198290847722,-0.234176448306454));
#10480=DIRECTION('center_axis',(-0.428222191951693,0.288394506493155,0.856419501730698));
#10481=DIRECTION('ref_axis',(0.894421993682224,0.,0.447223989984342));
#10482=DIRECTION('',(0.894421993682224,0.,0.447223989984342));
#10483=DIRECTION('center_axis',(-0.427778456271907,-0.29166846459859,0.855532056154721));
#10484=DIRECTION('ref_axis',(0.894421993682224,0.,0.447223989984342));
#10485=DIRECTION('',(0.357023603058971,-0.924065756368095,-0.136516023845744));
#10486=DIRECTION('',(0.522796761565038,-0.851962384248046,-0.0290455146880479));
#10487=DIRECTION('center_axis',(-0.406350881830936,-0.27901546600434,0.870074324736457));
#10488=DIRECTION('ref_axis',(0.906056918196372,0.,0.423155835347325));
#10489=DIRECTION('',(0.716961039090349,0.492946518160071,0.492920479043375));
#10490=DIRECTION('center_axis',(-0.0430927794993822,-0.674396258534708,
0.737111049184181));
#10491=DIRECTION('ref_axis',(0.998295481668309,0.,0.0583620705650456));
#10492=DIRECTION('',(0.870126349783797,-0.387885668252158,-0.304014545337064));
#10493=DIRECTION('',(0.9525855450946,-0.250168955069629,-0.173194322066844));
#10494=DIRECTION('center_axis',(-0.0621227596190315,-0.717127789333715,
0.69416748447522));
#10495=DIRECTION('ref_axis',(0.996019443334293,0.,0.0891362356174242));
#10496=DIRECTION('',(0.280678511097349,0.654889344166999,0.701669096016557));
#10497=DIRECTION('center_axis',(0.696241856713939,-0.0080779864565627,0.717761815015493));
#10498=DIRECTION('ref_axis',(0.717785234528018,0.,-0.696264574061871));
#10499=DIRECTION('',(0.684586031457311,0.308154693211511,-0.660592651022738));
#10500=DIRECTION('',(0.717611560686584,-0.0155153834589808,-0.696270723817313));
#10501=DIRECTION('center_axis',(0.694396715505818,-0.0606529224535355,0.717031676073364));
#10502=DIRECTION('ref_axis',(0.718354226038764,0.,-0.695677515758737));
#10503=DIRECTION('center_axis',(0.333550988866723,-0.000779465046694888,
0.942731738226879));
#10504=DIRECTION('ref_axis',(0.942732024612771,0.,-0.333551090193849));
#10505=DIRECTION('',(0.721797541903118,-0.643052664218872,-0.255913226589849));
#10506=DIRECTION('',(0.667315470489698,0.706555009999061,-0.235520871029172));
#10507=DIRECTION('center_axis',(0.333941142191063,-0.00119413994583939,
0.942593171830731));
#10508=DIRECTION('ref_axis',(0.942593843886341,0.,-0.333941380286378));
#10509=DIRECTION('',(0.870299135840865,-0.383683129286511,-0.308814945324145));
#10510=DIRECTION('center_axis',(-0.355957904072376,-0.00604952690574584,
0.93448240954692));
#10511=DIRECTION('ref_axis',(0.934499509537883,0.,0.355964417706962));
#10512=DIRECTION('',(0.0677891092821927,-0.997511734594417,0.0193642972804271));
#10513=DIRECTION('',(0.318427267498923,0.939350725050209,0.127374607598279));
#10514=DIRECTION('center_axis',(-0.383237671566018,0.00466843844712894,
0.923637966291513));
#10515=DIRECTION('ref_axis',(0.923648031485598,0.,0.383241847836035));
#10516=DIRECTION('',(0.0592783986491786,-0.997801377688459,0.0296391993245893));
#10517=DIRECTION('',(0.0871252318305232,0.995711252597811,0.0311174457270432));
#10518=DIRECTION('center_axis',(-0.374829305399228,0.00382494758164536,
0.927085951565404));
#10519=DIRECTION('ref_axis',(0.927092733377389,0.,0.374832047347665));
#10520=DIRECTION('',(0.0102039738956515,0.999947938103148,0.));
#10521=DIRECTION('center_axis',(0.696020168311881,-0.00710254140007914,
0.717987102397224));
#10522=DIRECTION('ref_axis',(0.718005212904981,0.,-0.696037724725659));
#10523=DIRECTION('',(0.641026524731993,0.456643333673744,-0.616896960927312));
#10524=DIRECTION('center_axis',(0.328017407733739,0.00317374536741723,0.944666347216826));
#10525=DIRECTION('ref_axis',(0.94467110490407,0.,-0.328019059750074));
#10526=DIRECTION('',(0.0846373782699052,-0.996071440389948,-0.0260422702368939));
#10527=DIRECTION('',(0.94467110490407,0.,-0.328019059750074));
#10528=DIRECTION('center_axis',(0.328009182388895,-0.00776037407322773,
0.944642658820155));
#10529=DIRECTION('ref_axis',(0.94467110490407,0.,-0.328019059750074));
#10530=DIRECTION('',(0.358368238550728,-0.924197251079276,-0.132028961578731));
#10531=DIRECTION('center_axis',(0.492002064725966,0.706102771235623,0.509266968061703));
#10532=DIRECTION('ref_axis',(0.719192530671845,0.,-0.694810840319743));
#10533=DIRECTION('',(0.847056279183567,-0.253151124520393,-0.467343736504247));
#10534=DIRECTION('',(0.272180170631954,-0.680397709134478,0.680424067857181));
#10535=DIRECTION('center_axis',(-0.0515012923774687,0.695806285554243,0.716380645932495));
#10536=DIRECTION('ref_axis',(0.997425818772296,0.,0.0717058996625498));
#10537=DIRECTION('',(0.873636065084145,0.378930170587615,-0.305240809202723));
#10538=DIRECTION('center_axis',(-0.977963590376322,0.,-0.20877551556218));
#10539=DIRECTION('ref_axis',(-0.20877551556218,0.,0.977963590376322));
#10540=DIRECTION('center_axis',(0.669964814465262,0.0598944053007269,0.739972842469371));
#10541=DIRECTION('ref_axis',(0.741303691205977,0.,-0.671169753046421));
#10542=DIRECTION('',(0.579981820007055,0.579978136775998,-0.572054585964613));
#10543=DIRECTION('center_axis',(0.668908173454631,0.0617435737744228,0.740776340458543));
#10544=DIRECTION('ref_axis',(0.742192409878525,0.,-0.670186859553891));
#10545=DIRECTION('center_axis',(-0.0188225622109345,0.923693277949954,0.382670144408842));
#10546=DIRECTION('ref_axis',(0.,-0.382737950308878,0.923856948555001));
#10547=DIRECTION('',(0.0496634529607505,0.383129256200364,-0.922358669110542));
#10548=DIRECTION('center_axis',(-0.998582939811958,-0.00136650168462175,
-0.0532000468952239));
#10549=DIRECTION('ref_axis',(-0.0532000965662316,0.,0.998583872153633));
#10550=DIRECTION('',(0.0386104062010053,-0.706577837414736,-0.706581202840345));
#10551=DIRECTION('center_axis',(-0.998354216186332,0.00272954968096398,
-0.0572835803831563));
#10552=DIRECTION('ref_axis',(-0.0572837937783299,0.,0.998357935296936));
#10553=DIRECTION('',(0.0572837937783299,0.,-0.998357935296936));
#10554=DIRECTION('',(0.0424673307637778,0.706468308212721,-0.706469429847361));
#10555=DIRECTION('center_axis',(-0.997991479330523,-0.00327240646811488,
-0.0632637221445395));
#10556=DIRECTION('ref_axis',(-0.0632640608816023,0.,0.99799682294122));
#10557=DIRECTION('center_axis',(-0.99858267703737,0.00135382855734535,-0.0532053030168742));
#10558=DIRECTION('ref_axis',(-0.053205351775658,0.,0.998583592165638));
#10559=DIRECTION('',(0.0385051486566031,0.70850458028435,-0.704654960418949));
#10560=DIRECTION('center_axis',(-0.998354256526514,-0.00271470600556033,
-0.0572835826977957));
#10561=DIRECTION('ref_axis',(-0.0572837937783299,0.,0.998357935296936));
#10562=DIRECTION('',(0.0423515944290403,-0.708395350269696,-0.704544086743755));
#10563=DIRECTION('center_axis',(-0.997992385847286,0.00324189476973331,
-0.0632509913688695));
#10564=DIRECTION('ref_axis',(-0.0632513237517077,0.,0.99799763027958));
#10565=DIRECTION('center_axis',(0.334409001621217,0.,0.942428044804855));
#10566=DIRECTION('ref_axis',(0.942428044804855,0.,-0.334409001621217));
#10567=DIRECTION('',(0.873404325691865,0.375654723129902,-0.309916783754825));
#10568=DIRECTION('',(0.607607779125422,0.764413828056768,-0.215602147999205));
#10569=DIRECTION('center_axis',(0.333544955754971,0.000773062021625738,
0.942733878072452));
#10570=DIRECTION('ref_axis',(0.942734159773193,0.,-0.333545055422399));
#10571=DIRECTION('',(0.667319055318163,-0.706551202493609,-0.235522136250735));
#10572=DIRECTION('center_axis',(0.336557525549371,0.00397815393227365,0.941654504734818));
#10573=DIRECTION('ref_axis',(0.941661955998208,0.,-0.336560188711662));
#10574=DIRECTION('',(0.355267592302066,0.925555847998158,-0.130886630701169));
#10575=DIRECTION('center_axis',(0.495949355108529,-0.724854855331112,0.478141899304324));
#10576=DIRECTION('ref_axis',(0.694064126289439,0.,-0.719913181292076));
#10577=DIRECTION('',(0.867317211829323,0.386633408332717,-0.313489173059671));
#10578=DIRECTION('',(0.858513346353994,0.491953937109165,-0.144693323601536));
#10579=DIRECTION('center_axis',(0.486763091465693,-0.693067325498368,0.531713621335114));
#10580=DIRECTION('ref_axis',(0.737596946416387,0.,-0.675241249211881));
#10581=DIRECTION('',(0.186254777256201,-0.512349489717689,-0.838335945987804));
#10582=DIRECTION('center_axis',(0.32420097116045,0.0144795151958942,0.945877409571829));
#10583=DIRECTION('ref_axis',(0.945976579773343,0.,-0.324234961903136));
#10584=DIRECTION('',(0.666354779315109,0.706223941295407,-0.239205043477545));
#10585=DIRECTION('center_axis',(0.337864381989349,1.41364704461758E-6,0.941194804161687));
#10586=DIRECTION('ref_axis',(0.941194804162628,0.,-0.337864381989687));
#10587=DIRECTION('',(0.666353466851639,-0.70622605779478,-0.239202450878845));
#10588=DIRECTION('',(0.941194804162628,0.,-0.337864381989687));
#10589=DIRECTION('center_axis',(0.324012071717297,-0.0145618739468408,0.945940869826768));
#10590=DIRECTION('ref_axis',(0.946041178296253,0.,-0.324046430265537));
#10591=DIRECTION('',(0.66368139353329,-0.709060050111814,-0.238245363466201));
#10592=DIRECTION('center_axis',(0.337864381989355,-1.40234391412116E-6,
0.941194804161702));
#10593=DIRECTION('ref_axis',(0.941194804162628,0.,-0.337864381989687));
#10594=DIRECTION('',(0.663680070407808,0.709062158094114,-0.238242775551339));
#10595=DIRECTION('center_axis',(0.341394025485379,-0.003735871469759,0.939912848421198));
#10596=DIRECTION('ref_axis',(0.93991940754743,0.,-0.341396407883398));
#10597=DIRECTION('',(0.357511983689006,0.925345621634708,-0.126177105848196));
#10598=DIRECTION('center_axis',(0.886253740404529,0.292325619251329,0.35930494005553));
#10599=DIRECTION('ref_axis',(0.37571667872615,0.,-0.926734577604069));
#10600=DIRECTION('',(0.409252100164268,-0.857488410041465,-0.311811393562994));
#10601=DIRECTION('',(0.190650711622648,0.476737590281044,-0.858122121944658));
#10602=DIRECTION('center_axis',(0.490512419933719,0.71093947349679,0.50394705169777));
#10603=DIRECTION('ref_axis',(0.716594038711206,0.,-0.697490490030912));
#10604=DIRECTION('',(0.870792908447729,-0.377696982224288,-0.314745453050256));
#10605=DIRECTION('center_axis',(0.888364951408347,-0.290739763068454,0.355356304686078));
#10606=DIRECTION('ref_axis',(0.371399978264433,0.,-0.928472970067077));
#10607=DIRECTION('',(0.289521388226414,0.955418338012524,0.0579065207799247));
#10608=DIRECTION('',(0.371399978264433,0.,-0.928472970067077));
#10609=DIRECTION('center_axis',(0.887318883985552,0.294421992579147,0.3549378655601));
#10610=DIRECTION('ref_axis',(0.371399978264433,0.,-0.928472970067077));
#10611=DIRECTION('',(0.357511983689006,-0.925345621634708,-0.126177105848196));
#10612=DIRECTION('center_axis',(0.341346306828499,0.00371506068609807,0.939930261848528));
#10613=DIRECTION('ref_axis',(0.939936748222092,0.,-0.341348662428431));
#10614=DIRECTION('center_axis',(0.881480993722681,-0.28971707840112,0.37290115605666));
#10615=DIRECTION('ref_axis',(0.38961064852209,0.,-0.920979664573652));
#10616=DIRECTION('',(0.,0.,1.));
#10617=DIRECTION('',(1.,0.,0.));
#10618=DIRECTION('',(0.,0.,1.));
#10619=DIRECTION('',(1.,0.,0.));
#10620=DIRECTION('',(0.,0.,1.));
#10621=DIRECTION('',(1.,0.,0.));
#10622=DIRECTION('',(0.,0.,1.));
#10623=DIRECTION('',(1.,0.,0.));
#10624=DIRECTION('',(0.,0.,1.));
#10625=DIRECTION('',(1.,0.,0.));
#10626=DIRECTION('',(0.,0.,1.));
#10627=DIRECTION('',(1.,0.,0.));
#10628=DIRECTION('',(0.,0.,1.));
#10629=DIRECTION('',(1.,0.,0.));
#10630=DIRECTION('',(0.,0.,1.));
#10631=DIRECTION('',(1.,0.,0.));
#10632=DIRECTION('',(0.,0.,1.));
#10633=DIRECTION('',(1.,0.,0.));
#10634=DIRECTION('',(0.,0.,1.));
#10635=DIRECTION('',(1.,0.,0.));
#10636=DIRECTION('',(0.,0.,1.));
#10637=DIRECTION('',(1.,0.,0.));
#10638=CARTESIAN_POINT('',(0.,0.,0.));
#10639=CARTESIAN_POINT('',(0.,0.,0.));
#10640=CARTESIAN_POINT('',(0.,0.,0.));
#10641=CARTESIAN_POINT('Origin',(112.143897546076,134.59368041516,96.4671455109315));
#10642=CARTESIAN_POINT('',(105.802065790948,134.59249853163,81.6621722598989));
#10643=CARTESIAN_POINT('',(112.143897546076,134.59368041516,96.4671455109315));
#10644=CARTESIAN_POINT('',(105.802065790948,134.59249853163,81.6621722598989));
#10645=CARTESIAN_POINT('',(104.423241848085,134.592241569703,82.2528028284931));
#10646=CARTESIAN_POINT('',(105.802065790948,134.59249853163,81.6621722598989));
#10647=CARTESIAN_POINT('',(110.765073603213,134.593423453233,97.0577760795257));
#10648=CARTESIAN_POINT('',(104.423241848085,134.592241569703,82.2528028284931));
#10649=CARTESIAN_POINT('',(112.143897546076,134.59368041516,96.4671455109315));
#10650=CARTESIAN_POINT('Origin',(112.148596742927,109.378407455258,96.4671455109315));
#10651=CARTESIAN_POINT('',(112.148596742928,109.378407455258,96.4671455109315));
#10652=CARTESIAN_POINT('',(112.143897546076,134.59368041516,96.4671455109315));
#10653=CARTESIAN_POINT('',(110.769772800064,109.378150493331,97.0577760795257));
#10654=CARTESIAN_POINT('',(110.765073603213,134.593423453233,97.0577760795257));
#10655=CARTESIAN_POINT('',(112.148596742928,109.378407455258,96.4671455109315));
#10656=CARTESIAN_POINT('Origin',(105.806764987799,109.377225571728,81.6621722598989));
#10657=CARTESIAN_POINT('',(105.806764987799,109.377225571728,81.6621722598989));
#10658=CARTESIAN_POINT('',(112.148596742928,109.378407455258,96.4671455109315));
#10659=CARTESIAN_POINT('',(104.427941044936,109.376968609801,82.2528028284931));
#10660=CARTESIAN_POINT('',(110.769772800064,109.378150493331,97.0577760795257));
#10661=CARTESIAN_POINT('',(105.806764987799,109.377225571728,81.6621722598989));
#10662=CARTESIAN_POINT('Origin',(105.802065790948,134.59249853163,81.6621722598989));
#10663=CARTESIAN_POINT('',(105.806764987799,109.377225571728,81.6621722598989));
#10664=CARTESIAN_POINT('',(104.427941044936,109.376968609801,82.2528028284931));
#10665=CARTESIAN_POINT('Origin',(107.596507324075,121.985196031517,89.6552894540094));
#10666=CARTESIAN_POINT('Origin',(108.975331266938,121.985452993444,89.0646588854152));
#10667=CARTESIAN_POINT('',(0.,0.,0.));
#10668=CARTESIAN_POINT('Origin',(119.48621526285,139.799157132471,80.));
#10669=CARTESIAN_POINT('',(107.40987474721,134.783820869797,80.));
#10670=CARTESIAN_POINT('',(119.48621526285,139.799157132471,80.));
#10671=CARTESIAN_POINT('',(107.40987474721,134.783820869797,80.));
#10672=CARTESIAN_POINT('',(107.40987474721,134.783820869797,81.6));
#10673=CARTESIAN_POINT('',(107.40987474721,134.783820869797,80.));
#10674=CARTESIAN_POINT('',(119.48621526285,139.799157132471,81.6));
#10675=CARTESIAN_POINT('',(107.40987474721,134.783820869797,81.6));
#10676=CARTESIAN_POINT('',(119.48621526285,139.799157132471,80.));
#10677=CARTESIAN_POINT('Origin',(132.860690516896,132.673301893238,80.));
#10678=CARTESIAN_POINT('',(132.860690516896,132.673301893238,80.));
#10679=CARTESIAN_POINT('',(119.48621526285,139.799157132471,80.));
#10680=CARTESIAN_POINT('',(132.860690516896,132.673301893238,81.6));
#10681=CARTESIAN_POINT('',(119.48621526285,139.799157132471,81.6));
#10682=CARTESIAN_POINT('',(132.860690516896,132.673301893238,80.));
#10683=CARTESIAN_POINT('Origin',(132.834063996668,110.812889029948,80.));
#10684=CARTESIAN_POINT('',(132.834063996668,110.812889029948,80.));
#10685=CARTESIAN_POINT('',(132.860690516896,132.673301893238,80.));
#10686=CARTESIAN_POINT('',(132.834063996668,110.812889029948,81.6));
#10687=CARTESIAN_POINT('',(132.860690516896,132.673301893238,81.6));
#10688=CARTESIAN_POINT('',(132.834063996668,110.812889029948,80.));
#10689=CARTESIAN_POINT('Origin',(119.461691926875,103.743507910015,80.));
#10690=CARTESIAN_POINT('',(119.461691926875,103.743507910015,80.));
#10691=CARTESIAN_POINT('',(132.834063996668,110.812889029948,80.));
#10692=CARTESIAN_POINT('',(119.461691926875,103.743507910015,81.6));
#10693=CARTESIAN_POINT('',(132.834063996668,110.812889029948,81.6));
#10694=CARTESIAN_POINT('',(119.461691926875,103.743507910015,80.));
#10695=CARTESIAN_POINT('Origin',(107.449235894671,108.747750235848,80.));
#10696=CARTESIAN_POINT('',(107.449235894671,108.747750235848,80.));
#10697=CARTESIAN_POINT('',(119.461691926875,103.743507910015,80.));
#10698=CARTESIAN_POINT('',(107.449235894671,108.747750235848,81.6));
#10699=CARTESIAN_POINT('',(119.461691926875,103.743507910015,81.6));
#10700=CARTESIAN_POINT('',(107.449235894671,108.747750235848,80.));
#10701=CARTESIAN_POINT('Origin',(107.40987474721,134.783820869797,80.));
#10702=CARTESIAN_POINT('',(107.40987474721,134.783820869797,80.));
#10703=CARTESIAN_POINT('',(107.40987474721,134.783820869797,81.6));
#10704=CARTESIAN_POINT('Origin',(120.135282632053,121.771332521243,81.6));
#10705=CARTESIAN_POINT('Origin',(120.135282632053,121.771332521243,80.));
#10706=CARTESIAN_POINT('',(0.,0.,0.));
#10707=CARTESIAN_POINT('Origin',(115.,122.,81.925));
#10708=CARTESIAN_POINT('',(119.5,117.5,81.925));
#10709=CARTESIAN_POINT('',(119.5,126.5,81.925));
#10710=CARTESIAN_POINT('',(119.5,122.,81.925));
#10711=CARTESIAN_POINT('',(110.5,126.5,81.925));
#10712=CARTESIAN_POINT('',(115.,126.5,81.925));
#10713=CARTESIAN_POINT('',(110.5,117.5,81.925));
#10714=CARTESIAN_POINT('',(110.5,122.,81.925));
#10715=CARTESIAN_POINT('',(115.,117.5,81.925));
#10716=CARTESIAN_POINT('Origin',(115.,122.,81.675));
#10717=CARTESIAN_POINT('',(119.5,126.5,81.675));
#10718=CARTESIAN_POINT('',(119.5,117.5,81.675));
#10719=CARTESIAN_POINT('',(119.5,122.,81.675));
#10720=CARTESIAN_POINT('',(110.5,117.5,81.675));
#10721=CARTESIAN_POINT('',(115.,117.5,81.675));
#10722=CARTESIAN_POINT('',(110.5,126.5,81.675));
#10723=CARTESIAN_POINT('',(110.5,122.,81.675));
#10724=CARTESIAN_POINT('',(115.,126.5,81.675));
#10725=CARTESIAN_POINT('Origin',(115.,117.5,81.8));
#10726=CARTESIAN_POINT('',(110.5,117.5,81.8));
#10727=CARTESIAN_POINT('',(119.5,117.5,81.8));
#10728=CARTESIAN_POINT('Origin',(110.5,122.,81.8));
#10729=CARTESIAN_POINT('',(110.5,126.5,81.8));
#10730=CARTESIAN_POINT('Origin',(115.,126.5,81.8));
#10731=CARTESIAN_POINT('',(119.5,126.5,81.8));
#10732=CARTESIAN_POINT('Origin',(119.5,122.,81.8));
#10733=CARTESIAN_POINT('',(0.,0.,0.));
#10734=CARTESIAN_POINT('Origin',(120.,132.,6.1));
#10735=CARTESIAN_POINT('',(123.,132.15,6.1));
#10736=CARTESIAN_POINT('',(123.,131.85,6.1));
#10737=CARTESIAN_POINT('',(123.,132.,6.1));
#10738=CARTESIAN_POINT('',(117.,131.85,6.1));
#10739=CARTESIAN_POINT('',(120.,131.85,6.1));
#10740=CARTESIAN_POINT('',(117.,132.15,6.1));
#10741=CARTESIAN_POINT('',(117.,132.,6.1));
#10742=CARTESIAN_POINT('',(120.,132.15,6.1));
#10743=CARTESIAN_POINT('Origin',(120.,132.,80.));
#10744=CARTESIAN_POINT('',(123.,131.85,80.));
#10745=CARTESIAN_POINT('',(123.,132.15,80.));
#10746=CARTESIAN_POINT('',(123.,132.,80.));
#10747=CARTESIAN_POINT('',(117.,132.15,80.));
#10748=CARTESIAN_POINT('',(120.,132.15,80.));
#10749=CARTESIAN_POINT('',(117.,131.85,80.));
#10750=CARTESIAN_POINT('',(117.,132.,80.));
#10751=CARTESIAN_POINT('',(120.,131.85,80.));
#10752=CARTESIAN_POINT('Origin',(120.,131.85,45.));
#10753=CARTESIAN_POINT('',(117.,131.85,45.));
#10754=CARTESIAN_POINT('',(123.,131.85,45.));
#10755=CARTESIAN_POINT('Origin',(117.,132.,45.));
#10756=CARTESIAN_POINT('',(117.,132.15,45.));
#10757=CARTESIAN_POINT('Origin',(120.,132.15,45.));
#10758=CARTESIAN_POINT('',(123.,132.15,45.));
#10759=CARTESIAN_POINT('Origin',(123.,132.,45.));
#10760=CARTESIAN_POINT('',(0.,0.,0.));
#10761=CARTESIAN_POINT('Origin',(108.510002354183,133.786132909804,4.5));
#10762=CARTESIAN_POINT('',(108.510002354183,133.786132909804,4.5));
#10763=CARTESIAN_POINT('',(103.652771869538,121.708677585066,4.5));
#10764=CARTESIAN_POINT('',(108.510002354183,133.786132909804,4.5));
#10765=CARTESIAN_POINT('',(103.652771869538,121.708677585066,6.1));
#10766=CARTESIAN_POINT('',(103.652771869538,121.708677585066,4.5));
#10767=CARTESIAN_POINT('',(108.510002354183,133.786132909804,6.1));
#10768=CARTESIAN_POINT('',(108.510002354183,133.786132909804,6.1));
#10769=CARTESIAN_POINT('',(108.510002354183,133.786132909804,4.5));
#10770=CARTESIAN_POINT('Origin',(120.746262319337,138.02278175595,4.5));
#10771=CARTESIAN_POINT('',(120.746262319337,138.02278175595,4.5));
#10772=CARTESIAN_POINT('',(120.746262319337,138.02278175595,4.5));
#10773=CARTESIAN_POINT('',(120.746262319337,138.02278175595,6.1));
#10774=CARTESIAN_POINT('',(120.746262319337,138.02278175595,6.1));
#10775=CARTESIAN_POINT('',(120.746262319337,138.02278175595,4.5));
#10776=CARTESIAN_POINT('Origin',(131.141456861668,133.198436483068,4.5));
#10777=CARTESIAN_POINT('',(131.141456861668,133.198436483068,4.5));
#10778=CARTESIAN_POINT('',(131.141456861668,133.198436483068,4.5));
#10779=CARTESIAN_POINT('',(131.141456861668,133.198436483068,6.1));
#10780=CARTESIAN_POINT('',(131.141456861668,133.198436483068,6.1));
#10781=CARTESIAN_POINT('',(131.141456861668,133.198436483068,4.5));
#10782=CARTESIAN_POINT('Origin',(136.092471809414,121.724913023985,4.5));
#10783=CARTESIAN_POINT('',(136.092471809414,121.724913023985,4.5));
#10784=CARTESIAN_POINT('',(136.092471809414,121.724913023985,4.5));
#10785=CARTESIAN_POINT('',(136.092471809414,121.724913023985,6.1));
#10786=CARTESIAN_POINT('',(136.092471809414,121.724913023985,6.1));
#10787=CARTESIAN_POINT('',(136.092471809414,121.724913023985,4.5));
#10788=CARTESIAN_POINT('Origin',(131.167831255987,110.648326562902,4.5));
#10789=CARTESIAN_POINT('',(131.167831255987,110.648326562902,4.5));
#10790=CARTESIAN_POINT('',(131.167831255987,110.648326562902,4.5));
#10791=CARTESIAN_POINT('',(131.167831255987,110.648326562902,6.1));
#10792=CARTESIAN_POINT('',(131.167831255987,110.648326562902,6.1));
#10793=CARTESIAN_POINT('',(131.167831255987,110.648326562902,4.5));
#10794=CARTESIAN_POINT('Origin',(120.743857210184,105.605418829451,4.5));
#10795=CARTESIAN_POINT('',(120.743857210184,105.605418829451,4.5));
#10796=CARTESIAN_POINT('',(120.743857210184,105.605418829451,4.5));
#10797=CARTESIAN_POINT('',(120.743857210184,105.605418829451,6.1));
#10798=CARTESIAN_POINT('',(120.743857210184,105.605418829451,6.1));
#10799=CARTESIAN_POINT('',(120.743857210184,105.605418829451,4.5));
#10800=CARTESIAN_POINT('Origin',(108.494455117933,110.149436533353,4.5));
#10801=CARTESIAN_POINT('',(108.494455117933,110.149436533353,4.5));
#10802=CARTESIAN_POINT('',(108.494455117933,110.149436533353,4.5));
#10803=CARTESIAN_POINT('',(108.494455117933,110.149436533353,6.1));
#10804=CARTESIAN_POINT('',(108.494455117933,110.149436533353,6.1));
#10805=CARTESIAN_POINT('',(108.494455117933,110.149436533353,4.5));
#10806=CARTESIAN_POINT('Origin',(103.652771869538,121.708677585066,4.5));
#10807=CARTESIAN_POINT('',(103.652771869538,121.708677585066,4.5));
#10808=CARTESIAN_POINT('',(103.652771869538,121.708677585066,6.1));
#10809=CARTESIAN_POINT('Origin',(119.872621839476,121.814100292701,6.1));
#10810=CARTESIAN_POINT('Origin',(119.872621839476,121.814100292701,4.5));
#10811=CARTESIAN_POINT('',(0.,0.,0.));
#10812=CARTESIAN_POINT('Origin',(130.,117.,4.5));
#10813=CARTESIAN_POINT('',(131.75,115.25,4.5));
#10814=CARTESIAN_POINT('',(131.75,118.75,4.5));
#10815=CARTESIAN_POINT('',(131.75,117.,4.5));
#10816=CARTESIAN_POINT('',(128.25,118.75,4.5));
#10817=CARTESIAN_POINT('',(130.,118.75,4.5));
#10818=CARTESIAN_POINT('',(128.25,115.25,4.5));
#10819=CARTESIAN_POINT('',(128.25,117.,4.5));
#10820=CARTESIAN_POINT('',(130.,115.25,4.5));
#10821=CARTESIAN_POINT('Origin',(130.,117.,2.5));
#10822=CARTESIAN_POINT('',(131.75,118.75,2.5));
#10823=CARTESIAN_POINT('',(131.75,115.25,2.5));
#10824=CARTESIAN_POINT('',(131.75,117.,2.5));
#10825=CARTESIAN_POINT('',(128.25,115.25,2.5));
#10826=CARTESIAN_POINT('',(130.,115.25,2.5));
#10827=CARTESIAN_POINT('',(128.25,118.75,2.5));
#10828=CARTESIAN_POINT('',(128.25,117.,2.5));
#10829=CARTESIAN_POINT('',(130.,118.75,2.5));
#10830=CARTESIAN_POINT('Origin',(130.,115.25,3.5));
#10831=CARTESIAN_POINT('',(128.25,115.25,3.5));
#10832=CARTESIAN_POINT('',(131.75,115.25,3.5));
#10833=CARTESIAN_POINT('Origin',(128.25,117.,3.5));
#10834=CARTESIAN_POINT('',(128.25,118.75,3.5));
#10835=CARTESIAN_POINT('Origin',(130.,118.75,3.5));
#10836=CARTESIAN_POINT('',(131.75,118.75,3.5));
#10837=CARTESIAN_POINT('Origin',(131.75,117.,3.5));
#10838=CARTESIAN_POINT('Origin',(130.,117.,1.35));
#10839=CARTESIAN_POINT('',(127.5,117.,2.7));
#10840=CARTESIAN_POINT('Origin',(130.,117.,2.7));
#10841=CARTESIAN_POINT('',(127.5,117.,0.));
#10842=CARTESIAN_POINT('',(127.5,117.,1.35));
#10843=CARTESIAN_POINT('Origin',(130.,117.,0.));
#10844=CARTESIAN_POINT('Origin',(130.,117.,0.));
#10845=CARTESIAN_POINT('Origin',(130.,117.,2.7));
#10846=CARTESIAN_POINT('',(0.,0.,0.));
#10847=CARTESIAN_POINT('Origin',(130.,127.,4.5));
#10848=CARTESIAN_POINT('',(131.75,125.25,4.5));
#10849=CARTESIAN_POINT('',(131.75,128.75,4.5));
#10850=CARTESIAN_POINT('',(131.75,127.,4.5));
#10851=CARTESIAN_POINT('',(128.25,128.75,4.5));
#10852=CARTESIAN_POINT('',(130.,128.75,4.5));
#10853=CARTESIAN_POINT('',(128.25,125.25,4.5));
#10854=CARTESIAN_POINT('',(128.25,127.,4.5));
#10855=CARTESIAN_POINT('',(130.,125.25,4.5));
#10856=CARTESIAN_POINT('Origin',(130.,127.,2.5));
#10857=CARTESIAN_POINT('',(131.75,128.75,2.5));
#10858=CARTESIAN_POINT('',(131.75,125.25,2.5));
#10859=CARTESIAN_POINT('',(131.75,127.,2.5));
#10860=CARTESIAN_POINT('',(128.25,125.25,2.5));
#10861=CARTESIAN_POINT('',(130.,125.25,2.5));
#10862=CARTESIAN_POINT('',(128.25,128.75,2.5));
#10863=CARTESIAN_POINT('',(128.25,127.,2.5));
#10864=CARTESIAN_POINT('',(130.,128.75,2.5));
#10865=CARTESIAN_POINT('Origin',(130.,125.25,3.5));
#10866=CARTESIAN_POINT('',(128.25,125.25,3.5));
#10867=CARTESIAN_POINT('',(131.75,125.25,3.5));
#10868=CARTESIAN_POINT('Origin',(128.25,127.,3.5));
#10869=CARTESIAN_POINT('',(128.25,128.75,3.5));
#10870=CARTESIAN_POINT('Origin',(130.,128.75,3.5));
#10871=CARTESIAN_POINT('',(131.75,128.75,3.5));
#10872=CARTESIAN_POINT('Origin',(131.75,127.,3.5));
#10873=CARTESIAN_POINT('Origin',(130.,127.,1.35));
#10874=CARTESIAN_POINT('',(127.5,127.,2.7));
#10875=CARTESIAN_POINT('Origin',(130.,127.,2.7));
#10876=CARTESIAN_POINT('',(127.5,127.,0.));
#10877=CARTESIAN_POINT('',(127.5,127.,1.35));
#10878=CARTESIAN_POINT('Origin',(130.,127.,0.));
#10879=CARTESIAN_POINT('Origin',(130.,127.,0.));
#10880=CARTESIAN_POINT('Origin',(130.,127.,2.7));
#10881=CARTESIAN_POINT('Origin',(115.,121.8,9.1));
#10882=CARTESIAN_POINT('',(119.25,119.3,9.1));
#10883=CARTESIAN_POINT('',(119.25,124.3,9.1));
#10884=CARTESIAN_POINT('',(119.25,121.8,9.1));
#10885=CARTESIAN_POINT('',(110.75,124.3,9.1));
#10886=CARTESIAN_POINT('',(115.,124.3,9.1));
#10887=CARTESIAN_POINT('',(110.75,119.3,9.1));
#10888=CARTESIAN_POINT('',(110.75,121.8,9.1));
#10889=CARTESIAN_POINT('',(115.,119.3,9.1));
#10890=CARTESIAN_POINT('Origin',(115.,121.8,6.1));
#10891=CARTESIAN_POINT('',(119.25,124.3,6.1));
#10892=CARTESIAN_POINT('',(119.25,119.3,6.1));
#10893=CARTESIAN_POINT('',(119.25,121.8,6.1));
#10894=CARTESIAN_POINT('',(110.75,119.3,6.1));
#10895=CARTESIAN_POINT('',(115.,119.3,6.1));
#10896=CARTESIAN_POINT('',(110.75,124.3,6.1));
#10897=CARTESIAN_POINT('',(110.75,121.8,6.1));
#10898=CARTESIAN_POINT('',(115.,124.3,6.1));
#10899=CARTESIAN_POINT('Origin',(115.,119.3,7.6));
#10900=CARTESIAN_POINT('',(110.75,119.3,7.6));
#10901=CARTESIAN_POINT('',(119.25,119.3,7.6));
#10902=CARTESIAN_POINT('Origin',(110.75,121.8,7.6));
#10903=CARTESIAN_POINT('',(110.75,124.3,7.6));
#10904=CARTESIAN_POINT('Origin',(115.,124.3,7.6));
#10905=CARTESIAN_POINT('',(119.25,124.3,7.6));
#10906=CARTESIAN_POINT('Origin',(119.25,121.8,7.6));
#10907=CARTESIAN_POINT('',(0.,0.,0.));
#10908=CARTESIAN_POINT('Origin',(120.8,121.8,41.5));
#10909=CARTESIAN_POINT('',(111.8,121.8,74.));
#10910=CARTESIAN_POINT('Origin',(120.8,121.8,74.));
#10911=CARTESIAN_POINT('',(111.8,121.8,9.));
#10912=CARTESIAN_POINT('',(111.8,121.8,41.5));
#10913=CARTESIAN_POINT('Origin',(120.8,121.8,9.));
#10914=CARTESIAN_POINT('Origin',(120.8,121.8,9.));
#10915=CARTESIAN_POINT('Origin',(120.8,121.8,74.));
#10916=CARTESIAN_POINT('',(0.,0.,0.));
#10917=CARTESIAN_POINT('Origin',(120.8,121.8,7.55));
#10918=CARTESIAN_POINT('',(117.3,121.8,9.));
#10919=CARTESIAN_POINT('Origin',(120.8,121.8,9.));
#10920=CARTESIAN_POINT('',(117.3,121.8,6.1));
#10921=CARTESIAN_POINT('',(117.3,121.8,7.55));
#10922=CARTESIAN_POINT('Origin',(120.8,121.8,6.1));
#10923=CARTESIAN_POINT('Origin',(120.8,121.8,6.1));
#10924=CARTESIAN_POINT('Origin',(120.8,121.8,9.));
#10925=CARTESIAN_POINT('Origin',(120.8,121.8,74.75));
#10926=CARTESIAN_POINT('',(116.8,121.8,75.5));
#10927=CARTESIAN_POINT('Origin',(120.8,121.8,75.5));
#10928=CARTESIAN_POINT('',(116.8,121.8,74.));
#10929=CARTESIAN_POINT('',(116.8,121.8,74.75));
#10930=CARTESIAN_POINT('Origin',(120.8,121.8,74.));
#10931=CARTESIAN_POINT('Origin',(120.8,121.8,74.));
#10932=CARTESIAN_POINT('Origin',(120.8,121.8,75.5));
#10933=CARTESIAN_POINT('Origin',(120.,109.5,40.3));
#10934=CARTESIAN_POINT('',(119.1,109.5,74.5));
#10935=CARTESIAN_POINT('Origin',(120.,109.5,74.5));
#10936=CARTESIAN_POINT('',(119.1,109.5,6.1));
#10937=CARTESIAN_POINT('',(119.1,109.5,40.3));
#10938=CARTESIAN_POINT('Origin',(120.,109.5,6.1));
#10939=CARTESIAN_POINT('Origin',(120.,109.5,6.1));
#10940=CARTESIAN_POINT('Origin',(120.,109.5,74.5));
#10941=CARTESIAN_POINT('',(0.,0.,0.));
#10942=CARTESIAN_POINT('Origin',(114.,110.,7.1));
#10943=CARTESIAN_POINT('',(117.,112.25,7.1));
#10944=CARTESIAN_POINT('',(117.,107.75,7.1));
#10945=CARTESIAN_POINT('',(117.,110.,7.1));
#10946=CARTESIAN_POINT('',(111.,112.25,7.1));
#10947=CARTESIAN_POINT('',(114.,112.25,7.1));
#10948=CARTESIAN_POINT('',(111.,107.75,7.1));
#10949=CARTESIAN_POINT('',(111.,110.,7.1));
#10950=CARTESIAN_POINT('',(114.,107.75,7.1));
#10951=CARTESIAN_POINT('Origin',(114.,107.75,8.6));
#10952=CARTESIAN_POINT('',(111.,107.75,6.1));
#10953=CARTESIAN_POINT('',(111.,107.75,8.6));
#10954=CARTESIAN_POINT('',(117.,107.75,6.1));
#10955=CARTESIAN_POINT('',(114.,107.75,6.1));
#10956=CARTESIAN_POINT('',(117.,107.75,8.6));
#10957=CARTESIAN_POINT('Origin',(111.,110.,8.6));
#10958=CARTESIAN_POINT('',(111.,112.25,6.1));
#10959=CARTESIAN_POINT('',(111.,112.25,8.6));
#10960=CARTESIAN_POINT('',(111.,110.,6.1));
#10961=CARTESIAN_POINT('Origin',(114.,110.,6.1));
#10962=CARTESIAN_POINT('',(117.,112.25,6.1));
#10963=CARTESIAN_POINT('',(117.,110.,6.1));
#10964=CARTESIAN_POINT('',(114.,112.25,6.1));
#10965=CARTESIAN_POINT('Origin',(114.,112.25,8.6));
#10966=CARTESIAN_POINT('',(117.,112.25,8.6));
#10967=CARTESIAN_POINT('Origin',(117.,110.,8.6));
#10968=CARTESIAN_POINT('Origin',(104.887549025891,109.377054263777,82.055925972295));
#10969=CARTESIAN_POINT('',(104.878901361458,109.377052652171,82.0596302704307));
#10970=CARTESIAN_POINT('',(104.878900363141,109.377081697546,82.0596306957493));
#10971=CARTESIAN_POINT('',(104.852273166109,110.26318118316,82.0709659365804));
#10972=CARTESIAN_POINT('',(105.806764987799,109.377225571728,81.6621722598989));
#10973=CARTESIAN_POINT('',(104.887549025891,109.377054263777,82.055925972295));
#10974=CARTESIAN_POINT('',(105.802065790948,134.59249853163,81.6621722598989));
#10975=CARTESIAN_POINT('',(105.806764987799,109.377225571728,81.6621722598988));
#10976=CARTESIAN_POINT('',(104.877078423608,134.592326148101,82.0583982012471));
#10977=CARTESIAN_POINT('',(104.882849829039,134.592327223678,82.055925972295));
#10978=CARTESIAN_POINT('',(104.877081704769,134.55804087753,82.0583995327337));
#10979=CARTESIAN_POINT('',(104.878236059084,122.496046529639,82.0588679666505));
#10980=CARTESIAN_POINT('',(104.878645484161,118.217912075283,82.05903411026));
#10981=CARTESIAN_POINT('',(104.878284940227,121.985281279617,82.0588878024886));
#10982=CARTESIAN_POINT('',(104.878901965813,109.380728922544,82.059629718073));
#10983=CARTESIAN_POINT('',(104.878536143758,121.985281640743,82.0587801973662));
#10984=CARTESIAN_POINT('',(104.878901966474,109.380706134912,82.0596297196089));
#10985=CARTESIAN_POINT('',(104.878565791827,120.963744977803,82.0588490468182));
#10986=CARTESIAN_POINT('',(104.878899558549,109.380624471759,82.0596307575825));
#10987=CARTESIAN_POINT('',(105.218123529734,120.885177177264,81.9134029760648));
#10988=CARTESIAN_POINT('',(104.878899559287,109.380598790411,82.0596307593163));
#10989=CARTESIAN_POINT('',(104.878575927876,120.637238571824,82.0588707700202));
#10990=CARTESIAN_POINT('',(104.878901972426,109.380501035971,82.0596297334321));
#10991=CARTESIAN_POINT('',(104.603080142538,120.553834521189,82.1768883080534));
#10992=CARTESIAN_POINT('',(104.878900266525,109.380432951513,82.0596304696043));
#10993=CARTESIAN_POINT('',(105.152148769967,120.286088244658,81.941711631053));
#10994=CARTESIAN_POINT('',(104.8789012665,109.380207551427,82.0596300592506));
#10995=CARTESIAN_POINT('',(104.830521241431,120.285342518333,82.0794834811314));
#10996=CARTESIAN_POINT('',(104.878899753622,109.379503722673,82.0596307634908));
#10997=CARTESIAN_POINT('',(104.902252283498,120.243689420395,82.0487602259393));
#10998=CARTESIAN_POINT('',(104.878902114894,109.379169825275,82.0596297786756));
#10999=CARTESIAN_POINT('',(104.814980449677,118.418058714508,82.0862895723622));
#11000=CARTESIAN_POINT('',(104.878901530266,109.378994050891,82.059630043138));
#11001=CARTESIAN_POINT('',(104.907101437057,117.857579534548,82.0468735347868));
#11002=CARTESIAN_POINT('',(104.87890169885,109.378582184689,82.0596300038032));
#11003=CARTESIAN_POINT('',(104.875561296253,117.539507660931,82.0604094045935));
#11004=CARTESIAN_POINT('',(104.87890204662,109.378556819556,82.0596298568578));
#11005=CARTESIAN_POINT('',(104.878701868048,116.275316070207,82.0591650355286));
#11006=CARTESIAN_POINT('',(104.878900210297,109.378493859431,82.0596306484878));
#11007=CARTESIAN_POINT('',(105.077666692308,116.193397481305,81.9739433602833));
#11008=CARTESIAN_POINT('',(104.878901518574,109.37846085615,82.0596300907113));
#11009=CARTESIAN_POINT('',(104.618933644718,115.936546375913,82.1704659292266));
#11010=CARTESIAN_POINT('',(104.878901001913,109.378361535228,82.0596303199563));
#11011=CARTESIAN_POINT('',(104.91281787691,115.898403422839,82.0445812522388));
#11012=CARTESIAN_POINT('',(104.878901497172,109.378333170178,82.0596301100723));
#11013=CARTESIAN_POINT('',(104.76802217143,115.728739959267,82.1066192248779));
#11014=CARTESIAN_POINT('',(104.878900215817,109.378302303719,82.0596306614152));
#11015=CARTESIAN_POINT('',(104.878729691396,115.295781771488,82.059231313559));
#11016=CARTESIAN_POINT('',(104.878902055895,109.378237255852,82.0596298783954));
#11017=CARTESIAN_POINT('',(104.714031901862,115.206496631991,82.129788090568));
#11018=CARTESIAN_POINT('',(104.878900484514,109.378217555951,82.0596305530823));
#11019=CARTESIAN_POINT('',(105.321606258683,114.928276476766,81.8695508405212));
#11020=CARTESIAN_POINT('',(104.878901514418,109.378142603921,82.0596301178979));
#11021=CARTESIAN_POINT('',(104.802667471894,114.926132820212,82.0918426984513));
#11022=CARTESIAN_POINT('',(104.878901258073,109.378113178206,82.0596302300545));
#11023=CARTESIAN_POINT('',(104.926073880038,114.793031815886,82.0389911765469));
#11024=CARTESIAN_POINT('',(104.878901483882,109.378023760552,82.0596301404653));
#11025=CARTESIAN_POINT('',(104.865289275044,114.768278745952,82.0650307368274));
#11026=CARTESIAN_POINT('',(104.87890031349,109.37800875271,82.0596306430106));
#11027=CARTESIAN_POINT('',(105.289826012933,114.647274013656,81.8831866019941));
#11028=CARTESIAN_POINT('',(104.878899926849,109.377946682693,82.0596308135863));
#11029=CARTESIAN_POINT('',(104.875728383909,114.684594454855,82.0605657394315));
#11030=CARTESIAN_POINT('',(104.878900436387,109.377864738692,82.0596306018634));
#11031=CARTESIAN_POINT('',(104.85204650767,113.696524204646,82.0707889432254));
#11032=CARTESIAN_POINT('',(104.878902221725,109.377804273075,82.0596298419263));
#11033=CARTESIAN_POINT('',(104.901358061803,113.135664134516,82.0497107080051));
#11034=CARTESIAN_POINT('',(104.878900459118,109.377589493375,82.0596306140991));
#11035=CARTESIAN_POINT('',(104.906992792668,112.800737594595,82.0473237620531));
#11036=CARTESIAN_POINT('',(104.878899940459,109.377473860505,82.0596308455021));
#11037=CARTESIAN_POINT('',(104.891814285491,112.256671006143,82.0538690330581));
#11038=CARTESIAN_POINT('',(104.87890206481,109.377317922113,82.0596299479674));
#11039=CARTESIAN_POINT('',(104.844017655131,111.938014341228,82.0743685502221));
#11040=CARTESIAN_POINT('',(104.878902065555,109.377292266018,82.0596299496966));
#11041=CARTESIAN_POINT('',(104.878856642648,110.942357614164,82.0595244675386));
#11042=CARTESIAN_POINT('',(104.878899656789,109.377207473789,82.0596309882802));
#11043=CARTESIAN_POINT('',(104.921188635121,110.865843826948,82.0413973193711));
#11044=CARTESIAN_POINT('',(104.878899657527,109.377181772578,82.0596309900155));
#11045=CARTESIAN_POINT('',(104.878864045589,110.615846343301,82.0595473618783));
#11046=CARTESIAN_POINT('',(104.848372926639,110.539533736852,82.0726145748843));
#11047=CARTESIAN_POINT('Origin',(111.229380781019,109.378236147307,96.8608992233276));
#11048=CARTESIAN_POINT('',(104.987849618149,109.377072956108,82.3137482082572));
#11049=CARTESIAN_POINT('',(108.863383693779,109.377795212716,91.3532937428761));
#11050=CARTESIAN_POINT('',(111.213114193762,109.378233115815,96.8678671496754));
#11051=CARTESIAN_POINT('',(108.045985658872,109.377642879871,89.4634002648262));
#11052=CARTESIAN_POINT('',(112.148596742928,109.378407455258,96.4671455109315));
#11053=CARTESIAN_POINT('',(111.229380781019,109.378236147307,96.8608992233276));
#11054=CARTESIAN_POINT('',(112.148596742928,109.378407455258,96.4671455109314));
#11055=CARTESIAN_POINT('Origin',(111.224681584167,134.593509107208,96.8608992233276));
#11056=CARTESIAN_POINT('',(111.224208869559,109.392036917584,96.8631135523152));
#11057=CARTESIAN_POINT('',(116.959935580508,116.528327871153,94.405598267278));
#11058=CARTESIAN_POINT('',(111.22420962722,109.432429555241,96.8631100032134));
#11059=CARTESIAN_POINT('',(111.224435817197,121.491122670387,96.8620504653612));
#11060=CARTESIAN_POINT('',(111.224681584167,134.593509107208,96.8608992233276));
#11061=CARTESIAN_POINT('',(111.224445240866,121.993519522332,96.8620063222292));
#11062=CARTESIAN_POINT('',(112.143897546076,134.59368041516,96.4671455109315));
#11063=CARTESIAN_POINT('',(111.224681584167,134.593509107208,96.8608992233276));
#11064=CARTESIAN_POINT('',(112.143897546076,134.59368041516,96.4671455109314));
#11065=CARTESIAN_POINT('Origin',(104.882849829039,134.592327223678,82.055925972295));
#11066=CARTESIAN_POINT('',(104.879642878895,134.592326626021,82.0613579469586));
#11067=CARTESIAN_POINT('',(104.878410003361,134.592326396258,82.0584823155885));
#11068=CARTESIAN_POINT('',(104.87951782151,134.592326602715,82.0610598728765));
#11069=CARTESIAN_POINT('',(104.878424795497,134.592326399015,82.0584546470653));
#11070=CARTESIAN_POINT('',(104.878645484161,134.592326440143,82.05903411026));
#11071=CARTESIAN_POINT('',(104.878409807878,134.592326396222,82.0584868171679));
#11072=CARTESIAN_POINT('',(104.878593340437,134.592326430426,82.0590129504752));
#11073=CARTESIAN_POINT('',(104.879909055581,134.592326675627,82.0595468641881));
#11074=CARTESIAN_POINT('',(104.302315074656,134.592219033412,81.825160759923));
#11075=CARTESIAN_POINT('',(105.802065790948,134.59249853163,81.6621722598988));
#11076=CARTESIAN_POINT('Origin',(108.975331266938,121.985452993444,89.0646588854152));
#11077=CARTESIAN_POINT('Origin',(107.072133851624,119.992553949738,87.1660135917664));
#11078=CARTESIAN_POINT('',(104.878645484161,109.376784805298,82.05903411026));
#11079=CARTESIAN_POINT('',(104.878645484161,109.376784805298,82.05903411026));
#11080=CARTESIAN_POINT('',(104.878645484161,109.376784805298,82.05903411026));
#11081=CARTESIAN_POINT('Origin',(106.954919350433,120.160003237152,86.8981044616699));
#11082=CARTESIAN_POINT('',(104.878645484161,109.376784805298,82.05903411026));
#11083=CARTESIAN_POINT('Origin',(106.92142949295,120.21022829361,86.8143895477295));
#11084=CARTESIAN_POINT('',(104.878645484161,109.376784805298,82.05903411026));
#11085=CARTESIAN_POINT('Origin',(106.854459507751,120.478137423706,86.6804398475647));
#11086=CARTESIAN_POINT('',(104.878645484161,109.376784805298,82.05903411026));
#11087=CARTESIAN_POINT('Origin',(106.854459507751,120.561852337646,86.6469402603149));
#11088=CARTESIAN_POINT('',(104.878645484161,109.376784805298,82.05903411026));
#11089=CARTESIAN_POINT('Origin',(106.83771457901,121.047435811615,86.6469402603149));
#11090=CARTESIAN_POINT('',(104.878645484161,109.376784805298,82.05903411026));
#11091=CARTESIAN_POINT('Origin',(106.83771457901,121.214875369263,86.6469402603149));
#11092=CARTESIAN_POINT('',(104.878645484161,109.376784805298,82.05903411026));
#11093=CARTESIAN_POINT('Origin',(106.938174421692,122.085572744751,86.864614604187));
#11094=CARTESIAN_POINT('',(104.878645484161,109.376784805298,82.05903411026));
#11095=CARTESIAN_POINT('Origin',(106.871204436493,122.420461589813,86.6971847763062));
#11096=CARTESIAN_POINT('',(104.878645484161,109.376784805298,82.05903411026));
#11097=CARTESIAN_POINT('Origin',(106.83771457901,122.520921432495,86.6469402603149));
#11098=CARTESIAN_POINT('',(104.878645484161,109.376784805298,82.05903411026));
#11099=CARTESIAN_POINT('Origin',(106.854459507751,123.023249835205,86.6469402603149));
#11100=CARTESIAN_POINT('',(104.878645484161,109.376784805298,82.05903411026));
#11101=CARTESIAN_POINT('Origin',(106.854459507751,123.173944464111,86.6469402603149));
#11102=CARTESIAN_POINT('',(104.878645484161,109.376784805298,82.05903411026));
#11103=CARTESIAN_POINT('Origin',(106.770734864044,125.702321676636,86.4627655036926));
#11104=CARTESIAN_POINT('',(104.878645484161,109.376784805298,82.05903411026));
#11105=CARTESIAN_POINT('Origin',(106.703755149078,126.338599779511,86.2953162162781));
#11106=CARTESIAN_POINT('',(104.878645484161,109.376784805298,82.05903411026));
#11107=CARTESIAN_POINT('Origin',(106.569805448914,127.460451626587,86.0274070861816));
#11108=CARTESIAN_POINT('',(104.878645484161,109.376784805298,82.05903411026));
#11109=CARTESIAN_POINT('Origin',(106.502825733948,131.110719605255,85.8432225997925));
#11110=CARTESIAN_POINT('',(104.878645484161,109.376784805298,82.05903411026));
#11111=CARTESIAN_POINT('Origin',(106.402365891266,131.194444248962,85.6255482559204));
#11112=CARTESIAN_POINT('',(104.878645484161,109.376784805298,82.05903411026));
#11113=CARTESIAN_POINT('Origin',(106.385620962524,131.211189177704,85.5585685409546));
#11114=CARTESIAN_POINT('',(104.878645484161,109.376784805298,82.05903411026));
#11115=CARTESIAN_POINT('Origin',(106.368876033783,131.747007437897,85.5585685409546));
#11116=CARTESIAN_POINT('',(104.878645484161,109.376784805298,82.05903411026));
#11117=CARTESIAN_POINT('Origin',(106.368876033783,131.897702066803,85.5585685409546));
#11118=CARTESIAN_POINT('',(104.878645484161,109.376784805298,82.05903411026));
#11119=CARTESIAN_POINT('Origin',(106.385620962524,132.416765668488,85.5585685409546));
#11120=CARTESIAN_POINT('',(104.878645484161,109.376784805298,82.05903411026));
#11121=CARTESIAN_POINT('Origin',(106.385620962524,132.550715368652,85.5585685409546));
#11122=CARTESIAN_POINT('',(104.878645484161,109.376784805298,82.05903411026));
#11123=CARTESIAN_POINT('Origin',(104.878645484161,134.593509107208,82.05903411026));
#11124=CARTESIAN_POINT('',(104.878645484161,109.376784805298,82.05903411026));
#11125=CARTESIAN_POINT('Origin',(104.878645484161,134.593509107208,82.05903411026));
#11126=CARTESIAN_POINT('',(103.723294049835,108.388872928619,81.590195565033));
#11127=CARTESIAN_POINT('',(103.723294049835,108.388872928619,81.590195565033));
#11128=CARTESIAN_POINT('',(103.723294049835,108.388872928619,81.590195565033));
#11129=CARTESIAN_POINT('Origin',(120.33632607193,103.728859476471,0.));
#11130=CARTESIAN_POINT('',(132.411239160919,108.741275354004,0.));
#11131=CARTESIAN_POINT('',(132.436877096558,108.754099186707,0.));
#11132=CARTESIAN_POINT('',(132.411239160919,108.741275354004,0.));
#11133=CARTESIAN_POINT('',(120.33632607193,103.728859476471,0.));
#11134=CARTESIAN_POINT('',(120.33632607193,103.728859476471,0.));
#11135=CARTESIAN_POINT('',(120.33632607193,103.728859476471,0.));
#11136=CARTESIAN_POINT('Origin',(132.436877096558,108.754099186707,0.));
#11137=CARTESIAN_POINT('',(121.003330778503,102.980504189301,6.44232187271118));
#11138=CARTESIAN_POINT('',(121.003330778503,102.980504189301,6.44232187271118));
#11139=CARTESIAN_POINT('',(121.003330778503,102.980504189301,6.44232187271118));
#11140=CARTESIAN_POINT('Origin',(132.411239160919,108.741275354004,0.));
#11141=CARTESIAN_POINT('',(120.33632607193,103.728859476471,0.));
#11142=CARTESIAN_POINT('Origin',(119.840925263214,103.914610455322,0.));
#11143=CARTESIAN_POINT('',(119.840925263214,103.914610455322,0.));
#11144=CARTESIAN_POINT('',(119.840925263214,103.914610455322,0.));
#11145=CARTESIAN_POINT('',(119.840925263214,103.914610455322,0.));
#11146=CARTESIAN_POINT('Origin',(132.776251364136,108.923786320496,0.));
#11147=CARTESIAN_POINT('',(132.776251364136,108.923786320496,0.));
#11148=CARTESIAN_POINT('',(132.436877096558,108.754099186707,0.));
#11149=CARTESIAN_POINT('',(121.003330778503,102.980504189301,6.44232187271118));
#11150=CARTESIAN_POINT('Origin',(132.776251364136,108.923786320496,0.));
#11151=CARTESIAN_POINT('',(135.206494148254,114.428207318115,0.));
#11152=CARTESIAN_POINT('',(132.436877096558,108.754099186707,0.));
#11153=CARTESIAN_POINT('',(132.776251364136,108.923786320496,0.));
#11154=CARTESIAN_POINT('Origin',(107.752478068542,108.375037200165,0.));
#11155=CARTESIAN_POINT('',(107.752478068542,108.375037200165,0.));
#11156=CARTESIAN_POINT('',(107.752478068542,108.375037200165,0.));
#11157=CARTESIAN_POINT('',(107.752478068542,108.375037200165,0.));
#11158=CARTESIAN_POINT('Origin',(135.206494148254,114.428207318115,0.));
#11159=CARTESIAN_POINT('',(138.273958822632,121.37596138916,0.));
#11160=CARTESIAN_POINT('',(132.436877096558,108.754099186707,0.));
#11161=CARTESIAN_POINT('',(135.206494148254,114.428207318115,0.));
#11162=CARTESIAN_POINT('Origin',(107.549583240509,108.860299591827,0.));
#11163=CARTESIAN_POINT('',(107.549583240509,108.860299591827,0.));
#11164=CARTESIAN_POINT('',(107.549583240509,108.860299591827,0.));
#11165=CARTESIAN_POINT('',(107.549583240509,108.860299591827,0.));
#11166=CARTESIAN_POINT('Origin',(138.273958822632,121.37596138916,0.));
#11167=CARTESIAN_POINT('',(138.40391931839,121.666968985748,0.));
#11168=CARTESIAN_POINT('',(132.436877096558,108.754099186707,0.));
#11169=CARTESIAN_POINT('',(138.273958822632,121.37596138916,0.));
#11170=CARTESIAN_POINT('Origin',(101.858370178986,121.666414389038,0.));
#11171=CARTESIAN_POINT('',(101.858370178986,121.666414389038,0.));
#11172=CARTESIAN_POINT('',(101.858370178986,121.666414389038,0.));
#11173=CARTESIAN_POINT('',(101.858370178986,121.666414389038,0.));
#11174=CARTESIAN_POINT('Origin',(138.40391931839,121.666968985748,0.));
#11175=CARTESIAN_POINT('',(132.803154169464,134.862517700958,0.));
#11176=CARTESIAN_POINT('',(132.436877096558,108.754099186707,0.));
#11177=CARTESIAN_POINT('',(132.803154169464,134.862517700958,0.));
#11178=CARTESIAN_POINT('Origin',(102.03380760498,122.108077695465,0.));
#11179=CARTESIAN_POINT('',(102.03380760498,122.108077695465,0.));
#11180=CARTESIAN_POINT('',(101.858370178986,121.666414389038,0.));
#11181=CARTESIAN_POINT('',(102.03380760498,122.108077695465,0.));
#11182=CARTESIAN_POINT('Origin',(132.803154169464,134.862517700958,0.));
#11183=CARTESIAN_POINT('',(132.774801628876,134.928310384369,0.));
#11184=CARTESIAN_POINT('',(132.436877096558,108.754099186707,0.));
#11185=CARTESIAN_POINT('',(132.774801628876,134.928310384369,0.));
#11186=CARTESIAN_POINT('Origin',(107.752351581573,135.416316570282,0.));
#11187=CARTESIAN_POINT('',(107.752351581573,135.416316570282,0.));
#11188=CARTESIAN_POINT('',(102.03380760498,122.108077695465,0.));
#11189=CARTESIAN_POINT('',(107.752351581573,135.416316570282,0.));
#11190=CARTESIAN_POINT('Origin',(132.774801628876,134.928310384369,0.));
#11191=CARTESIAN_POINT('',(120.645567251587,139.97287341156,0.));
#11192=CARTESIAN_POINT('',(120.645567251587,139.97287341156,0.));
#11193=CARTESIAN_POINT('',(120.645567251587,139.97287341156,0.));
#11194=CARTESIAN_POINT('Origin',(108.167452624512,135.560005767059,0.));
#11195=CARTESIAN_POINT('',(108.167452624512,135.560005767059,0.));
#11196=CARTESIAN_POINT('',(107.752351581573,135.416316570282,0.));
#11197=CARTESIAN_POINT('',(108.167452624512,135.560005767059,0.));
#11198=CARTESIAN_POINT('Origin',(120.645567251587,139.97287341156,0.));
#11199=CARTESIAN_POINT('',(120.352584512329,140.115190711212,0.));
#11200=CARTESIAN_POINT('',(120.352584512329,140.115190711212,0.));
#11201=CARTESIAN_POINT('',(120.352584512329,140.115190711212,0.));
#11202=CARTESIAN_POINT('Origin',(120.352584512329,140.115190711212,0.));
#11203=CARTESIAN_POINT('',(108.167452624512,135.560005767059,0.));
#11204=CARTESIAN_POINT('Origin',(120.33632607193,103.728859476471,0.));
#11205=CARTESIAN_POINT('',(106.653530092621,108.455852643585,5.21999498019218));
#11206=CARTESIAN_POINT('',(106.653530092621,108.455852643585,5.21999498019218));
#11207=CARTESIAN_POINT('',(106.653530092621,108.455852643585,5.21999498019218));
#11208=CARTESIAN_POINT('Origin',(120.33632607193,103.728859476471,0.));
#11209=CARTESIAN_POINT('',(106.653530092621,108.455852643585,5.21999498019218));
#11210=CARTESIAN_POINT('Origin',(110.454453781128,112.005612130737,13.1232528988838));
#11211=CARTESIAN_POINT('',(122.493551598358,107.936779312134,12.5706957910538));
#11212=CARTESIAN_POINT('',(121.003330778503,102.980504189301,6.44232187271118));
#11213=CARTESIAN_POINT('',(110.454453781128,112.005612130737,13.1232528988838));
#11214=CARTESIAN_POINT('',(110.454453781128,112.005612130737,13.1232528988838));
#11215=CARTESIAN_POINT('',(110.454453781128,112.005612130737,13.1232528988838));
#11216=CARTESIAN_POINT('Origin',(106.653530092621,108.455852643585,5.21999498019218));
#11217=CARTESIAN_POINT('',(106.653530092621,108.455852643585,5.21999498019218));
#11218=CARTESIAN_POINT('Origin',(121.003330778503,102.980504189301,6.44232187271118));
#11219=CARTESIAN_POINT('',(132.841499180603,108.891201331329,7.36325707497597));
#11220=CARTESIAN_POINT('',(122.493551598358,107.936779312134,12.5706957910538));
#11221=CARTESIAN_POINT('',(121.003330778503,102.980504189301,6.44232187271118));
#11222=CARTESIAN_POINT('Origin',(132.776251364136,108.923786320496,0.));
#11223=CARTESIAN_POINT('',(132.776251364136,108.923786320496,0.));
#11224=CARTESIAN_POINT('Origin',(119.840925263214,103.914610455322,0.));
#11225=CARTESIAN_POINT('',(106.653530092621,108.455852643585,5.21999498019218));
#11226=CARTESIAN_POINT('Origin',(135.206494148254,114.428207318115,0.));
#11227=CARTESIAN_POINT('',(132.841499180603,108.891201331329,7.36325707497597));
#11228=CARTESIAN_POINT('Origin',(138.273958822632,121.37596138916,0.));
#11229=CARTESIAN_POINT('',(132.841499180603,108.891201331329,7.36325707497597));
#11230=CARTESIAN_POINT('Origin',(107.752478068542,108.375037200165,0.));
#11231=CARTESIAN_POINT('',(101.194926567078,121.650233786774,4.93534943490028));
#11232=CARTESIAN_POINT('',(101.194926567078,121.650233786774,4.93534943490028));
#11233=CARTESIAN_POINT('',(101.194926567078,121.650233786774,4.93534943490028));
#11234=CARTESIAN_POINT('Origin',(107.752478068542,108.375037200165,0.));
#11235=CARTESIAN_POINT('',(101.194926567078,121.650233786774,4.93534943490028));
#11236=CARTESIAN_POINT('Origin',(138.40391931839,121.666968985748,0.));
#11237=CARTESIAN_POINT('',(132.841499180603,108.891201331329,7.36325707497597));
#11238=CARTESIAN_POINT('Origin',(107.549583240509,108.860299591827,0.));
#11239=CARTESIAN_POINT('',(101.194926567078,121.650233786774,4.93534943490028));
#11240=CARTESIAN_POINT('Origin',(132.803154169464,134.862517700958,0.));
#11241=CARTESIAN_POINT('',(138.551266907501,121.666968985748,7.54743548026085));
#11242=CARTESIAN_POINT('',(138.40391931839,121.666968985748,0.));
#11243=CARTESIAN_POINT('',(132.803154169464,134.862517700958,0.));
#11244=CARTESIAN_POINT('Origin',(138.40391931839,121.666968985748,0.));
#11245=CARTESIAN_POINT('',(132.841499180603,108.891201331329,7.36325707497597));
#11246=CARTESIAN_POINT('Origin',(101.858370178986,121.666414389038,0.));
#11247=CARTESIAN_POINT('',(106.653530092621,135.480951411438,5.2032537001133));
#11248=CARTESIAN_POINT('',(101.194926567078,121.650233786774,4.93534943490028));
#11249=CARTESIAN_POINT('',(101.858370178986,121.666414389038,0.));
#11250=CARTESIAN_POINT('Origin',(101.858370178986,121.666414389038,0.));
#11251=CARTESIAN_POINT('',(102.03380760498,122.108077695465,0.));
#11252=CARTESIAN_POINT('Origin',(132.774801628876,134.928310384369,0.));
#11253=CARTESIAN_POINT('',(132.774801628876,134.928310384369,0.));
#11254=CARTESIAN_POINT('Origin',(102.03380760498,122.108077695465,0.));
#11255=CARTESIAN_POINT('',(106.653530092621,135.480951411438,5.2032537001133));
#11256=CARTESIAN_POINT('Origin',(120.645567251587,139.97287341156,0.));
#11257=CARTESIAN_POINT('',(132.841499180603,134.911662753296,7.36325707497597));
#11258=CARTESIAN_POINT('',(132.774801628876,134.928310384369,0.));
#11259=CARTESIAN_POINT('',(120.645567251587,139.97287341156,0.));
#11260=CARTESIAN_POINT('Origin',(132.774801628876,134.928310384369,0.));
#11261=CARTESIAN_POINT('',(132.841499180603,134.911662753296,7.36325707497597));
#11262=CARTESIAN_POINT('Origin',(107.752351581573,135.416316570282,0.));
#11263=CARTESIAN_POINT('',(121.003330778503,140.554441035461,6.44232187271118));
#11264=CARTESIAN_POINT('',(106.653530092621,135.480951411438,5.2032537001133));
#11265=CARTESIAN_POINT('',(107.752351581573,135.416316570282,0.));
#11266=CARTESIAN_POINT('Origin',(107.752351581573,135.416316570282,0.));
#11267=CARTESIAN_POINT('',(108.167452624512,135.560005767059,0.));
#11268=CARTESIAN_POINT('Origin',(120.352584512329,140.115190711212,0.));
#11269=CARTESIAN_POINT('',(120.352584512329,140.115190711212,0.));
#11270=CARTESIAN_POINT('Origin',(108.167452624512,135.560005767059,0.));
#11271=CARTESIAN_POINT('',(120.352584512329,140.115190711212,0.));
#11272=CARTESIAN_POINT('Origin',(120.352584512329,140.115190711212,0.));
#11273=CARTESIAN_POINT('',(121.003330778503,140.554441035461,6.44232187271118));
#11274=CARTESIAN_POINT('Origin',(110.454453781128,112.005612130737,13.1232528988838));
#11275=CARTESIAN_POINT('',(101.194926567078,121.650233786774,4.93534943490028));
#11276=CARTESIAN_POINT('Origin',(122.493551598358,107.936779312134,12.5706957910538));
#11277=CARTESIAN_POINT('',(115.176358280182,108.573057415009,37.9883568054199));
#11278=CARTESIAN_POINT('',(110.454453781128,112.005612130737,13.1232528988838));
#11279=CARTESIAN_POINT('',(115.176358280182,108.573057415009,37.9883568054199));
#11280=CARTESIAN_POINT('Origin',(122.493551598358,107.936779312134,12.5706957910538));
#11281=CARTESIAN_POINT('',(121.455424394989,106.580498462677,38.2730084318161));
#11282=CARTESIAN_POINT('',(115.176358280182,108.573057415009,37.9883568054199));
#11283=CARTESIAN_POINT('',(121.455424394989,106.580498462677,38.2730084318161));
#11284=CARTESIAN_POINT('Origin',(126.394944859314,108.606547272491,37.6869602502823));
#11285=CARTESIAN_POINT('',(126.394944859314,108.606547272491,37.6869602502823));
#11286=CARTESIAN_POINT('',(122.493551598358,107.936779312134,12.5706957910538));
#11287=CARTESIAN_POINT('',(121.455424394989,106.580498462677,38.2730084318161));
#11288=CARTESIAN_POINT('Origin',(132.372670365143,112.005612130737,11.3818557154655));
#11289=CARTESIAN_POINT('',(132.372670365143,112.005612130737,11.3818557154655));
#11290=CARTESIAN_POINT('',(122.493551598358,107.936779312134,12.5706957910538));
#11291=CARTESIAN_POINT('',(126.394944859314,108.606547272491,37.6869602502823));
#11292=CARTESIAN_POINT('Origin',(122.493551598358,107.936779312134,12.5706957910538));
#11293=CARTESIAN_POINT('',(132.372670365143,112.005612130737,11.3818557154655));
#11294=CARTESIAN_POINT('Origin',(109.165152646637,110.599106224823,38.2730084318161));
#11295=CARTESIAN_POINT('',(109.165152646637,110.599106224823,38.2730084318161));
#11296=CARTESIAN_POINT('',(109.165152646637,110.599106224823,38.2730084318161));
#11297=CARTESIAN_POINT('',(109.165152646637,110.599106224823,38.2730084318161));
#11298=CARTESIAN_POINT('Origin',(109.165152646637,110.599106224823,38.2730084318161));
#11299=CARTESIAN_POINT('',(109.165152646637,115.002798699188,38.2730084318161));
#11300=CARTESIAN_POINT('',(109.165152646637,115.002798699188,38.2730084318161));
#11301=CARTESIAN_POINT('',(109.165152646637,110.599106224823,38.2730084318161));
#11302=CARTESIAN_POINT('Origin',(110.454453781128,120.796281340027,13.1232528988838));
#11303=CARTESIAN_POINT('',(110.454453781128,120.796281340027,13.1232528988838));
#11304=CARTESIAN_POINT('',(109.165152646637,115.002798699188,38.2730084318161));
#11305=CARTESIAN_POINT('',(110.454453781128,112.005612130737,13.1232528988838));
#11306=CARTESIAN_POINT('Origin',(110.454453781128,112.005612130737,13.1232528988838));
#11307=CARTESIAN_POINT('',(101.194926567078,121.650233786774,4.93534943490028));
#11308=CARTESIAN_POINT('Origin',(132.372670365143,112.005612130737,11.3818557154655));
#11309=CARTESIAN_POINT('',(132.372670365143,112.005612130737,11.3818557154655));
#11310=CARTESIAN_POINT('Origin',(110.454453781128,120.796281340027,13.1232528988838));
#11311=CARTESIAN_POINT('',(110.454453781128,122.1860423172,13.1232528988838));
#11312=CARTESIAN_POINT('',(101.194926567078,121.650233786774,4.93534943490028));
#11313=CARTESIAN_POINT('',(110.454453781128,120.796281340027,13.1232528988838));
#11314=CARTESIAN_POINT('Origin',(110.454453781128,122.1860423172,13.1232528988838));
#11315=CARTESIAN_POINT('',(110.454453781128,131.579558150482,13.1232528988838));
#11316=CARTESIAN_POINT('',(101.194926567078,121.650233786774,4.93534943490028));
#11317=CARTESIAN_POINT('',(110.454453781128,122.1860423172,13.1232528988838));
#11318=CARTESIAN_POINT('Origin',(110.454453781128,131.579558150482,13.1232528988838));
#11319=CARTESIAN_POINT('',(106.653530092621,135.480951411438,5.2032537001133));
#11320=CARTESIAN_POINT('Origin',(138.551266907501,121.666968985748,7.54743548026085));
#11321=CARTESIAN_POINT('',(132.372670365143,131.579558150482,11.3818557154655));
#11322=CARTESIAN_POINT('',(132.372670365143,131.579558150482,11.3818557154655));
#11323=CARTESIAN_POINT('',(132.372670365143,131.579558150482,11.3818557154655));
#11324=CARTESIAN_POINT('Origin',(132.372670365143,112.005612130737,11.3818557154655));
#11325=CARTESIAN_POINT('',(132.372670365143,112.005612130737,11.3818557154655));
#11326=CARTESIAN_POINT('Origin',(122.493551598358,135.648400698853,12.5706957910538));
#11327=CARTESIAN_POINT('',(122.493551598358,135.648400698853,12.5706957910538));
#11328=CARTESIAN_POINT('',(110.454453781128,131.579558150482,13.1232528988838));
#11329=CARTESIAN_POINT('',(106.653530092621,135.480951411438,5.2032537001133));
#11330=CARTESIAN_POINT('Origin',(121.003330778503,140.554441035461,6.44232187271118));
#11331=CARTESIAN_POINT('',(121.003330778503,140.554441035461,6.44232187271118));
#11332=CARTESIAN_POINT('Origin',(132.841499180603,134.911662753296,7.36325707497597));
#11333=CARTESIAN_POINT('',(121.003330778503,140.554441035461,6.44232187271118));
#11334=CARTESIAN_POINT('Origin',(132.372670365143,131.579558150482,11.3818557154655));
#11335=CARTESIAN_POINT('',(122.493551598358,135.648400698853,12.5706957910538));
#11336=CARTESIAN_POINT('Origin',(115.176358280182,108.573057415009,37.9883568054199));
#11337=CARTESIAN_POINT('',(120.417277732086,105.207482414246,63.9920684337616));
#11338=CARTESIAN_POINT('',(120.417277732086,105.207482414246,63.9920684337616));
#11339=CARTESIAN_POINT('',(115.176358280182,108.573057415009,37.9883568054199));
#11340=CARTESIAN_POINT('Origin',(107.859106583405,109.209335517883,63.4227700458527));
#11341=CARTESIAN_POINT('',(107.859106583405,109.209335517883,63.4227700458527));
#11342=CARTESIAN_POINT('',(107.859106583405,109.209335517883,63.4227700458527));
#11343=CARTESIAN_POINT('',(107.859106583405,109.209335517883,63.4227700458527));
#11344=CARTESIAN_POINT('Origin',(115.176358280182,108.573057415009,37.9883568054199));
#11345=CARTESIAN_POINT('',(107.859106583405,109.209335517883,63.4227700458527));
#11346=CARTESIAN_POINT('Origin',(120.417277732086,105.207482414246,63.9920684337616));
#11347=CARTESIAN_POINT('',(120.417277732086,105.207482414246,63.9920684337616));
#11348=CARTESIAN_POINT('Origin',(120.417277732086,105.207482414246,63.9920684337616));
#11349=CARTESIAN_POINT('',(132.958626113892,110.046552765656,63.9920684337616));
#11350=CARTESIAN_POINT('',(126.394944859314,108.606547272491,37.6869602502823));
#11351=CARTESIAN_POINT('',(120.417277732086,105.207482414246,63.9920684337616));
#11352=CARTESIAN_POINT('Origin',(132.372670365143,112.005612130737,11.3818557154655));
#11353=CARTESIAN_POINT('',(132.674069352722,111.034454912567,37.6869602502823));
#11354=CARTESIAN_POINT('',(126.394944859314,108.606547272491,37.6869602502823));
#11355=CARTESIAN_POINT('',(132.372670365143,112.005612130737,11.3818557154655));
#11356=CARTESIAN_POINT('Origin',(126.394944859314,108.606547272491,37.6869602502823));
#11357=CARTESIAN_POINT('',(132.674069352722,111.034454912567,37.6869602502823));
#11358=CARTESIAN_POINT('Origin',(132.372670365143,112.005612130737,11.3818557154655));
#11359=CARTESIAN_POINT('',(132.674069352722,120.813016539001,37.6869602502823));
#11360=CARTESIAN_POINT('',(132.674069352722,111.034454912567,37.6869602502823));
#11361=CARTESIAN_POINT('',(132.372670365143,112.005612130737,11.3818557154655));
#11362=CARTESIAN_POINT('Origin',(132.674069352722,120.813016539001,37.6869602502823));
#11363=CARTESIAN_POINT('',(132.372670365143,131.579558150482,11.3818557154655));
#11364=CARTESIAN_POINT('Origin',(107.859106583405,109.209335517883,63.4227700458527));
#11365=CARTESIAN_POINT('',(107.859106583405,109.209335517883,63.4227700458527));
#11366=CARTESIAN_POINT('Origin',(110.454453781128,120.796281340027,13.1232528988838));
#11367=CARTESIAN_POINT('',(109.265622219086,118.083719641113,35.9958002855301));
#11368=CARTESIAN_POINT('',(109.165152646637,115.002798699188,38.2730084318161));
#11369=CARTESIAN_POINT('',(109.265622219086,118.083719641113,35.9958002855301));
#11370=CARTESIAN_POINT('Origin',(108.076780927277,115.371167671967,58.8683488883972));
#11371=CARTESIAN_POINT('',(108.076780927277,115.371167671967,58.8683488883972));
#11372=CARTESIAN_POINT('',(108.076780927277,115.371167671967,58.8683488883972));
#11373=CARTESIAN_POINT('',(108.076780927277,115.371167671967,58.8683488883972));
#11374=CARTESIAN_POINT('Origin',(108.076780927277,115.371167671967,58.8683488883972));
#11375=CARTESIAN_POINT('',(107.859106583405,109.209335517883,63.4227700458527));
#11376=CARTESIAN_POINT('Origin',(109.382826990509,120.277208008575,33.9697539081574));
#11377=CARTESIAN_POINT('',(109.918645250702,120.277208008575,33.9697539081574));
#11378=CARTESIAN_POINT('',(109.918645250702,120.277208008575,33.9697539081574));
#11379=CARTESIAN_POINT('',(109.382826990509,120.277208008575,33.9697539081574));
#11380=CARTESIAN_POINT('',(109.382826990509,120.277208008575,33.9697539081574));
#11381=CARTESIAN_POINT('',(109.382826990509,120.277208008575,33.9697539081574));
#11382=CARTESIAN_POINT('Origin',(110.454453781128,120.796281340027,13.1232528988838));
#11383=CARTESIAN_POINT('',(109.265622219086,118.083719641113,35.9958002855301));
#11384=CARTESIAN_POINT('Origin',(109.918645250702,120.277208008575,33.9697539081574));
#11385=CARTESIAN_POINT('',(109.918645250702,121.934878115845,33.9697539081574));
#11386=CARTESIAN_POINT('',(109.918645250702,121.934878115845,33.9697539081574));
#11387=CARTESIAN_POINT('',(109.918645250702,120.277208008575,33.9697539081574));
#11388=CARTESIAN_POINT('Origin',(110.454453781128,122.1860423172,13.1232528988838));
#11389=CARTESIAN_POINT('',(109.918645250702,121.934878115845,33.9697539081574));
#11390=CARTESIAN_POINT('Origin',(109.382826990509,127.326511656189,33.9697539081574));
#11391=CARTESIAN_POINT('',(109.382826990509,122.638126203918,33.9697539081574));
#11392=CARTESIAN_POINT('',(109.382826990509,122.638126203918,33.9697539081574));
#11393=CARTESIAN_POINT('',(109.382826990509,127.326511656189,33.9697539081574));
#11394=CARTESIAN_POINT('',(109.382826990509,122.638126203918,33.9697539081574));
#11395=CARTESIAN_POINT('',(109.382826990509,127.326511656189,33.9697539081574));
#11396=CARTESIAN_POINT('Origin',(110.454453781128,122.1860423172,13.1232528988838));
#11397=CARTESIAN_POINT('',(109.918645250702,122.638126203918,33.9697539081574));
#11398=CARTESIAN_POINT('',(109.382826990509,122.638126203918,33.9697539081574));
#11399=CARTESIAN_POINT('',(109.918645250702,122.638126203918,33.9697539081574));
#11400=CARTESIAN_POINT('Origin',(110.454453781128,131.579558150482,13.1232528988838));
#11401=CARTESIAN_POINT('',(109.382826990509,127.326511656189,33.9697539081574));
#11402=CARTESIAN_POINT('Origin',(109.918645250702,121.934878115845,33.9697539081574));
#11403=CARTESIAN_POINT('',(109.918645250702,121.934878115845,33.9697539081574));
#11404=CARTESIAN_POINT('Origin',(110.454453781128,131.579558150482,13.1232528988838));
#11405=CARTESIAN_POINT('',(115.444267410278,134.961887809753,38.5576697879791));
#11406=CARTESIAN_POINT('',(115.444267410278,134.961887809753,38.5576697879791));
#11407=CARTESIAN_POINT('',(110.454453781128,131.579558150482,13.1232528988838));
#11408=CARTESIAN_POINT('Origin',(109.165152646637,132.969319127655,38.2730084318161));
#11409=CARTESIAN_POINT('',(109.165152646637,132.969319127655,38.2730084318161));
#11410=CARTESIAN_POINT('',(109.165152646637,132.969319127655,38.2730084318161));
#11411=CARTESIAN_POINT('',(109.165152646637,132.969319127655,38.2730084318161));
#11412=CARTESIAN_POINT('Origin',(110.454453781128,131.579558150482,13.1232528988838));
#11413=CARTESIAN_POINT('',(109.265622219086,129.553489881134,35.9958002855301));
#11414=CARTESIAN_POINT('',(109.165152646637,132.969319127655,38.2730084318161));
#11415=CARTESIAN_POINT('',(109.265622219086,129.553489881134,35.9958002855301));
#11416=CARTESIAN_POINT('Origin',(110.454453781128,131.579558150482,13.1232528988838));
#11417=CARTESIAN_POINT('',(109.265622219086,129.553489881134,35.9958002855301));
#11418=CARTESIAN_POINT('Origin',(132.372670365143,131.579558150482,11.3818557154655));
#11419=CARTESIAN_POINT('',(132.674069352722,132.533980169678,37.6869602502823));
#11420=CARTESIAN_POINT('',(132.674069352722,120.813016539001,37.6869602502823));
#11421=CARTESIAN_POINT('',(132.372670365143,131.579558150482,11.3818557154655));
#11422=CARTESIAN_POINT('Origin',(122.493551598358,135.648400698853,12.5706957910538));
#11423=CARTESIAN_POINT('',(122.493551598358,135.648400698853,12.5706957910538));
#11424=CARTESIAN_POINT('Origin',(122.493551598358,135.648400698853,12.5706957910538));
#11425=CARTESIAN_POINT('',(127.734490509796,134.560019249725,38.2730084318161));
#11426=CARTESIAN_POINT('',(127.734490509796,134.560019249725,38.2730084318161));
#11427=CARTESIAN_POINT('',(122.493551598358,135.648400698853,12.5706957910538));
#11428=CARTESIAN_POINT('Origin',(122.493551598358,135.648400698853,12.5706957910538));
#11429=CARTESIAN_POINT('',(121.455424394989,136.987926889801,38.2730084318161));
#11430=CARTESIAN_POINT('',(121.455424394989,136.987926889801,38.2730084318161));
#11431=CARTESIAN_POINT('',(121.455424394989,136.987926889801,38.2730084318161));
#11432=CARTESIAN_POINT('Origin',(115.444267410278,134.961887809753,38.5576697879791));
#11433=CARTESIAN_POINT('',(115.444267410278,134.961887809753,38.5576697879791));
#11434=CARTESIAN_POINT('Origin',(135.001419852447,109.67817406311,80.3846239391327));
#11435=CARTESIAN_POINT('',(135.001419852447,109.67817406311,80.3846239391327));
#11436=CARTESIAN_POINT('',(132.958626113892,110.046552765656,63.9920684337616));
#11437=CARTESIAN_POINT('',(120.417277732086,105.207482414246,63.9920684337616));
#11438=CARTESIAN_POINT('Origin',(120.300072960663,101.406548995972,80.3846239391327));
#11439=CARTESIAN_POINT('',(120.300072960663,101.406548995972,80.3846239391327));
#11440=CARTESIAN_POINT('',(120.300072960663,101.406548995972,80.3846239391327));
#11441=CARTESIAN_POINT('',(120.300072960663,101.406548995972,80.3846239391327));
#11442=CARTESIAN_POINT('Origin',(120.300072960663,101.406548995972,80.3846239391327));
#11443=CARTESIAN_POINT('',(107.859106583405,109.209335517883,63.4227700458527));
#11444=CARTESIAN_POINT('Origin',(105.581903302002,106.865152521515,79.765085900116));
#11445=CARTESIAN_POINT('',(105.581903302002,106.865152521515,79.765085900116));
#11446=CARTESIAN_POINT('',(105.581903302002,106.865152521515,79.765085900116));
#11447=CARTESIAN_POINT('',(105.581903302002,106.865152521515,79.765085900116));
#11448=CARTESIAN_POINT('Origin',(105.581903302002,120.511627281189,79.765085900116));
#11449=CARTESIAN_POINT('',(105.581903302002,120.511627281189,79.765085900116));
#11450=CARTESIAN_POINT('',(105.581903302002,106.865152521515,79.765085900116));
#11451=CARTESIAN_POINT('',(105.581903302002,120.511627281189,79.765085900116));
#11452=CARTESIAN_POINT('Origin',(107.273063266754,120.160003237152,67.6422974933624));
#11453=CARTESIAN_POINT('',(107.273063266754,120.160003237152,67.6422974933624));
#11454=CARTESIAN_POINT('',(105.581903302002,120.511627281189,79.765085900116));
#11455=CARTESIAN_POINT('',(107.273063266754,120.160003237152,67.6422974933624));
#11456=CARTESIAN_POINT('Origin',(107.859106583405,109.209335517883,63.4227700458527));
#11457=CARTESIAN_POINT('',(107.825616725922,115.387912600708,64.0255582912445));
#11458=CARTESIAN_POINT('',(107.273063266754,120.160003237152,67.6422974933624));
#11459=CARTESIAN_POINT('',(107.825616725922,115.387912600708,64.0255582912445));
#11460=CARTESIAN_POINT('Origin',(108.076780927277,115.371167671967,58.8683488883972));
#11461=CARTESIAN_POINT('',(107.825616725922,115.387912600708,64.0255582912445));
#11462=CARTESIAN_POINT('Origin',(132.674069352722,111.034454912567,37.6869602502823));
#11463=CARTESIAN_POINT('',(132.674069352722,120.813016539001,37.6869602502823));
#11464=CARTESIAN_POINT('Origin',(132.674069352722,120.813016539001,37.6869602502823));
#11465=CARTESIAN_POINT('',(132.958626113892,133.488402188873,63.9920684337616));
#11466=CARTESIAN_POINT('',(132.958626113892,110.046552765656,63.9920684337616));
#11467=CARTESIAN_POINT('',(132.674069352722,120.813016539001,37.6869602502823));
#11468=CARTESIAN_POINT('Origin',(132.958626113892,110.046552765656,63.9920684337616));
#11469=CARTESIAN_POINT('',(135.001419852447,133.856761431885,80.3846239391327));
#11470=CARTESIAN_POINT('',(135.001419852447,109.67817406311,80.3846239391327));
#11471=CARTESIAN_POINT('',(132.958626113892,110.046552765656,63.9920684337616));
#11472=CARTESIAN_POINT('Origin',(132.958626113892,133.488402188873,63.9920684337616));
#11473=CARTESIAN_POINT('',(132.958626113892,133.488402188873,63.9920684337616));
#11474=CARTESIAN_POINT('Origin',(132.674069352722,132.533980169678,37.6869602502823));
#11475=CARTESIAN_POINT('',(132.674069352722,132.533980169678,37.6869602502823));
#11476=CARTESIAN_POINT('Origin',(108.294455271149,119.774879605865,54.8162658634186));
#11477=CARTESIAN_POINT('',(108.294455271149,119.774879605865,54.8162658634186));
#11478=CARTESIAN_POINT('',(108.076780927277,115.371167671967,58.8683488883972));
#11479=CARTESIAN_POINT('',(108.294455271149,119.774879605865,54.8162658634186));
#11480=CARTESIAN_POINT('Origin',(109.382826990509,120.277208008575,33.9697539081574));
#11481=CARTESIAN_POINT('',(108.294455271149,119.774879605865,54.8162658634186));
#11482=CARTESIAN_POINT('Origin',(107.825616725922,115.387912600708,64.0255582912445));
#11483=CARTESIAN_POINT('',(108.913988445282,115.387912600708,64.0255582912445));
#11484=CARTESIAN_POINT('',(108.076780927277,115.371167671967,58.8683488883972));
#11485=CARTESIAN_POINT('',(107.825616725922,115.387912600708,64.0255582912445));
#11486=CARTESIAN_POINT('Origin',(108.294455271149,119.774879605865,54.8162658634186));
#11487=CARTESIAN_POINT('',(109.148407717896,115.371167671967,58.8683488883972));
#11488=CARTESIAN_POINT('',(108.076780927277,115.371167671967,58.8683488883972));
#11489=CARTESIAN_POINT('',(108.294455271149,119.774879605865,54.8162658634186));
#11490=CARTESIAN_POINT('Origin',(109.148407717896,115.371167671967,58.8683488883972));
#11491=CARTESIAN_POINT('',(108.913988445282,115.387912600708,64.0255582912445));
#11492=CARTESIAN_POINT('Origin',(109.918645250702,120.277208008575,33.9697539081574));
#11493=CARTESIAN_POINT('',(109.366082061768,119.774879605865,54.8162658634186));
#11494=CARTESIAN_POINT('',(109.366082061768,119.774879605865,54.8162658634186));
#11495=CARTESIAN_POINT('',(109.366082061768,119.774879605865,54.8162658634186));
#11496=CARTESIAN_POINT('Origin',(109.366082061768,119.774879605865,54.8162658634186));
#11497=CARTESIAN_POINT('',(109.366082061768,119.774879605865,54.8162658634186));
#11498=CARTESIAN_POINT('Origin',(108.294455271149,119.774879605865,54.8162658634186));
#11499=CARTESIAN_POINT('',(108.294455271149,119.774879605865,54.8162658634186));
#11500=CARTESIAN_POINT('Origin',(109.918645250702,121.934878115845,33.9697539081574));
#11501=CARTESIAN_POINT('',(109.366082061768,123.090229550171,54.8162658634186));
#11502=CARTESIAN_POINT('',(109.366082061768,123.090229550171,54.8162658634186));
#11503=CARTESIAN_POINT('',(109.366082061768,123.090229550171,54.8162658634186));
#11504=CARTESIAN_POINT('Origin',(109.366082061768,119.774879605865,54.8162658634186));
#11505=CARTESIAN_POINT('',(109.366082061768,119.774879605865,54.8162658634186));
#11506=CARTESIAN_POINT('Origin',(109.382826990509,127.326511656189,33.9697539081574));
#11507=CARTESIAN_POINT('',(108.294455271149,123.090229550171,54.8162658634186));
#11508=CARTESIAN_POINT('',(108.294455271149,123.090229550171,54.8162658634186));
#11509=CARTESIAN_POINT('',(108.294455271149,123.090229550171,54.8162658634186));
#11510=CARTESIAN_POINT('Origin',(109.366082061768,123.090229550171,54.8162658634186));
#11511=CARTESIAN_POINT('',(109.366082061768,123.090229550171,54.8162658634186));
#11512=CARTESIAN_POINT('Origin',(109.382826990509,122.638126203918,33.9697539081574));
#11513=CARTESIAN_POINT('',(108.294455271149,123.090229550171,54.8162658634186));
#11514=CARTESIAN_POINT('Origin',(108.294455271149,123.090229550171,54.8162658634186));
#11515=CARTESIAN_POINT('',(108.294455271149,123.090229550171,54.8162658634186));
#11516=CARTESIAN_POINT('Origin',(120.417277732086,138.344198009491,63.9920684337616));
#11517=CARTESIAN_POINT('',(120.417277732086,138.344198009491,63.9920684337616));
#11518=CARTESIAN_POINT('',(115.444267410278,134.961887809753,38.5576697879791));
#11519=CARTESIAN_POINT('',(120.417277732086,138.344198009491,63.9920684337616));
#11520=CARTESIAN_POINT('Origin',(120.417277732086,138.344198009491,63.9920684337616));
#11521=CARTESIAN_POINT('',(107.859106583405,134.34235463562,63.4227700458527));
#11522=CARTESIAN_POINT('',(107.859106583405,134.34235463562,63.4227700458527));
#11523=CARTESIAN_POINT('',(107.859106583405,134.34235463562,63.4227700458527));
#11524=CARTESIAN_POINT('Origin',(115.444267410278,134.961887809753,38.5576697879791));
#11525=CARTESIAN_POINT('',(107.859106583405,134.34235463562,63.4227700458527));
#11526=CARTESIAN_POINT('Origin',(109.165152646637,132.969319127655,38.2730084318161));
#11527=CARTESIAN_POINT('',(108.076780927277,127.527431341553,58.8683488883972));
#11528=CARTESIAN_POINT('',(108.076780927277,127.527431341553,58.8683488883972));
#11529=CARTESIAN_POINT('',(108.076780927277,127.527431341553,58.8683488883972));
#11530=CARTESIAN_POINT('Origin',(107.859106583405,134.34235463562,63.4227700458527));
#11531=CARTESIAN_POINT('',(107.859106583405,134.34235463562,63.4227700458527));
#11532=CARTESIAN_POINT('Origin',(108.076780927277,127.527431341553,58.8683488883972));
#11533=CARTESIAN_POINT('',(108.076780927277,127.527431341553,58.8683488883972));
#11534=CARTESIAN_POINT('Origin',(132.674069352722,132.533980169678,37.6869602502823));
#11535=CARTESIAN_POINT('',(127.734490509796,134.560019249725,38.2730084318161));
#11536=CARTESIAN_POINT('Origin',(127.734490509796,134.560019249725,38.2730084318161));
#11537=CARTESIAN_POINT('',(120.417277732086,138.344198009491,63.9920684337616));
#11538=CARTESIAN_POINT('Origin',(132.958626113892,133.488402188873,63.9920684337616));
#11539=CARTESIAN_POINT('',(120.417277732086,138.344198009491,63.9920684337616));
#11540=CARTESIAN_POINT('Origin',(131.033056606293,107.333991066742,90.2636891921997));
#11541=CARTESIAN_POINT('',(131.033056606293,107.333991066742,90.2636891921997));
#11542=CARTESIAN_POINT('',(131.033056606293,107.333991066742,90.2636891921997));
#11543=CARTESIAN_POINT('',(120.300072960663,101.406548995972,80.3846239391327));
#11544=CARTESIAN_POINT('Origin',(135.001419852447,109.67817406311,80.3846239391327));
#11545=CARTESIAN_POINT('',(131.033056606293,136.217689356995,90.2636891921997));
#11546=CARTESIAN_POINT('',(131.033056606293,107.333991066742,90.2636891921997));
#11547=CARTESIAN_POINT('',(131.033056606293,136.217689356995,90.2636891921997));
#11548=CARTESIAN_POINT('Origin',(135.001419852447,133.856761431885,80.3846239391327));
#11549=CARTESIAN_POINT('',(131.033056606293,136.217689356995,90.2636891921997));
#11550=CARTESIAN_POINT('Origin',(109.78468582077,107.333991066742,90.2636891921997));
#11551=CARTESIAN_POINT('',(113.401473671722,107.333991066742,91.5697352554321));
#11552=CARTESIAN_POINT('',(113.401473671722,107.333991066742,91.5697352554321));
#11553=CARTESIAN_POINT('',(109.78468582077,107.333991066742,90.2636891921997));
#11554=CARTESIAN_POINT('',(109.78468582077,107.333991066742,90.2636891921997));
#11555=CARTESIAN_POINT('',(109.78468582077,107.333991066742,90.2636891921997));
#11556=CARTESIAN_POINT('Origin',(105.581903302002,106.865152521515,79.765085900116));
#11557=CARTESIAN_POINT('',(105.581903302002,106.865152521515,79.765085900116));
#11558=CARTESIAN_POINT('Origin',(113.401473671722,107.333991066742,91.5697352554321));
#11559=CARTESIAN_POINT('',(120.199613117981,107.367480924225,94.2153172393799));
#11560=CARTESIAN_POINT('',(120.199613117981,107.367480924225,94.2153172393799));
#11561=CARTESIAN_POINT('',(113.401473671722,107.333991066742,91.5697352554321));
#11562=CARTESIAN_POINT('Origin',(120.199613117981,107.367480924225,94.2153172393799));
#11563=CARTESIAN_POINT('',(127.650765866089,107.333991066742,91.5362453979492));
#11564=CARTESIAN_POINT('',(120.300072960663,101.406548995972,80.3846239391327));
#11565=CARTESIAN_POINT('',(120.199613117981,107.367480924225,94.2153172393799));
#11566=CARTESIAN_POINT('Origin',(127.650765866089,107.333991066742,91.5362453979492));
#11567=CARTESIAN_POINT('',(127.650765866089,107.333991066742,91.5362453979492));
#11568=CARTESIAN_POINT('Origin',(109.232132361603,107.903289454651,88.9074083427429));
#11569=CARTESIAN_POINT('',(109.232132361603,107.903289454651,88.9074083427429));
#11570=CARTESIAN_POINT('',(109.232132361603,107.903289454651,88.9074083427429));
#11571=CARTESIAN_POINT('',(105.581903302002,106.865152521515,79.765085900116));
#11572=CARTESIAN_POINT('Origin',(106.486080805206,109.008406102753,82.0422989112854));
#11573=CARTESIAN_POINT('',(106.486080805206,109.008406102753,82.0422989112854));
#11574=CARTESIAN_POINT('',(106.486080805206,109.008406102753,82.0422989112854));
#11575=CARTESIAN_POINT('',(105.581903302002,106.865152521515,79.765085900116));
#11576=CARTESIAN_POINT('Origin',(106.134456761169,109.075385817719,81.1548566070557));
#11577=CARTESIAN_POINT('',(106.134456761169,109.075385817719,81.1548566070557));
#11578=CARTESIAN_POINT('',(106.134456761169,109.075385817719,81.1548566070557));
#11579=CARTESIAN_POINT('',(105.581903302002,106.865152521515,79.765085900116));
#11580=CARTESIAN_POINT('Origin',(105.782832717133,119.858604249573,80.284154366684));
#11581=CARTESIAN_POINT('',(105.782832717133,119.858604249573,80.284154366684));
#11582=CARTESIAN_POINT('',(105.782832717133,119.858604249573,80.284154366684));
#11583=CARTESIAN_POINT('',(105.581903302002,106.865152521515,79.765085900116));
#11584=CARTESIAN_POINT('Origin',(105.581903302002,120.511627281189,79.765085900116));
#11585=CARTESIAN_POINT('',(105.581903302002,120.511627281189,79.765085900116));
#11586=CARTESIAN_POINT('Origin',(107.273063266754,120.160003237152,67.6422974933624));
#11587=CARTESIAN_POINT('',(108.361434986115,120.160003237152,67.6422974933624));
#11588=CARTESIAN_POINT('',(105.581903302002,120.511627281189,79.765085900116));
#11589=CARTESIAN_POINT('',(107.273063266754,120.160003237152,67.6422974933624));
#11590=CARTESIAN_POINT('Origin',(108.361434986115,122.520921432495,67.6422974933624));
#11591=CARTESIAN_POINT('',(108.361434986115,122.520921432495,67.6422974933624));
#11592=CARTESIAN_POINT('',(105.581903302002,120.511627281189,79.765085900116));
#11593=CARTESIAN_POINT('',(108.361434986115,120.160003237152,67.6422974933624));
#11594=CARTESIAN_POINT('Origin',(108.361434986115,122.520921432495,67.6422974933624));
#11595=CARTESIAN_POINT('',(105.581903302002,122.102317673492,79.765085900116));
#11596=CARTESIAN_POINT('',(105.581903302002,120.511627281189,79.765085900116));
#11597=CARTESIAN_POINT('',(105.581903302002,122.102317673492,79.765085900116));
#11598=CARTESIAN_POINT('Origin',(105.581903302002,122.102317673492,79.765085900116));
#11599=CARTESIAN_POINT('',(105.766087788391,121.851153472137,80.233924445343));
#11600=CARTESIAN_POINT('',(105.581903302002,120.511627281189,79.765085900116));
#11601=CARTESIAN_POINT('',(105.581903302002,122.102317673492,79.765085900116));
#11602=CARTESIAN_POINT('Origin',(105.766087788391,121.851153472137,80.233924445343));
#11603=CARTESIAN_POINT('',(105.766087788391,120.645576981354,80.2171795166016));
#11604=CARTESIAN_POINT('',(105.581903302002,120.511627281189,79.765085900116));
#11605=CARTESIAN_POINT('',(105.766087788391,120.645576981354,80.2171795166016));
#11606=CARTESIAN_POINT('Origin',(105.581903302002,120.511627281189,79.765085900116));
#11607=CARTESIAN_POINT('',(105.782832717133,120.327433065033,80.2506645092011));
#11608=CARTESIAN_POINT('',(105.782832717133,119.858604249573,80.284154366684));
#11609=CARTESIAN_POINT('',(105.581903302002,120.511627281189,79.765085900116));
#11610=CARTESIAN_POINT('Origin',(105.782832717133,120.327433065033,80.2506645092011));
#11611=CARTESIAN_POINT('',(105.766087788391,120.645576981354,80.2171795166016));
#11612=CARTESIAN_POINT('Origin',(107.273063266754,120.160003237152,67.6422974933624));
#11613=CARTESIAN_POINT('',(107.825616725922,115.387912600708,64.0255582912445));
#11614=CARTESIAN_POINT('Origin',(108.913988445282,115.387912600708,64.0255582912445));
#11615=CARTESIAN_POINT('',(108.361434986115,120.160003237152,67.6422974933624));
#11616=CARTESIAN_POINT('Origin',(120.300072960663,142.145141157532,80.3846239391327));
#11617=CARTESIAN_POINT('',(120.300072960663,142.145141157532,80.3846239391327));
#11618=CARTESIAN_POINT('',(120.300072960663,142.145141157532,80.3846239391327));
#11619=CARTESIAN_POINT('',(120.300072960663,142.145141157532,80.3846239391327));
#11620=CARTESIAN_POINT('Origin',(135.001419852447,133.856761431885,80.3846239391327));
#11621=CARTESIAN_POINT('',(120.300072960663,142.145141157532,80.3846239391327));
#11622=CARTESIAN_POINT('Origin',(131.033056606293,136.217689356995,90.2636891921997));
#11623=CARTESIAN_POINT('',(120.300072960663,142.145141157532,80.3846239391327));
#11624=CARTESIAN_POINT('Origin',(109.148407717896,115.371167671967,58.8683488883972));
#11625=CARTESIAN_POINT('',(109.148407717896,115.371167671967,58.8683488883972));
#11626=CARTESIAN_POINT('Origin',(108.662833973694,118.318138913727,64.2934674213409));
#11627=CARTESIAN_POINT('',(108.662833973694,118.318138913727,64.2934674213409));
#11628=CARTESIAN_POINT('',(108.662833973694,118.318138913727,64.2934674213409));
#11629=CARTESIAN_POINT('',(108.662833973694,118.318138913727,64.2934674213409));
#11630=CARTESIAN_POINT('Origin',(108.913988445282,115.387912600708,64.0255582912445));
#11631=CARTESIAN_POINT('',(108.646089044952,118.401863557434,64.4609069789886));
#11632=CARTESIAN_POINT('',(108.646089044952,118.401863557434,64.4609069789886));
#11633=CARTESIAN_POINT('',(108.646089044952,118.401863557434,64.4609069789886));
#11634=CARTESIAN_POINT('Origin',(108.913988445282,115.387912600708,64.0255582912445));
#11635=CARTESIAN_POINT('',(108.646089044952,118.43534368515,64.4776519077301));
#11636=CARTESIAN_POINT('',(108.646089044952,118.401863557434,64.4609069789886));
#11637=CARTESIAN_POINT('',(108.646089044952,118.43534368515,64.4776519077301));
#11638=CARTESIAN_POINT('Origin',(108.913988445282,115.387912600708,64.0255582912445));
#11639=CARTESIAN_POINT('',(108.361434986115,120.160003237152,67.6422974933624));
#11640=CARTESIAN_POINT('Origin',(109.114917860413,118.401863557434,58.4664851932526));
#11641=CARTESIAN_POINT('',(109.031202946472,117.8493003685,59.7892810501099));
#11642=CARTESIAN_POINT('',(109.031202946472,117.8493003685,59.7892810501099));
#11643=CARTESIAN_POINT('',(109.114917860413,118.401863557434,58.4664851932526));
#11644=CARTESIAN_POINT('',(109.031202946472,117.8493003685,59.7892810501099));
#11645=CARTESIAN_POINT('',(109.114917860413,118.401863557434,58.4664851932526));
#11646=CARTESIAN_POINT('Origin',(109.366082061768,119.774879605865,54.8162658634186));
#11647=CARTESIAN_POINT('',(109.114917860413,118.401863557434,58.4664851932526));
#11648=CARTESIAN_POINT('Origin',(109.031202946472,117.8493003685,59.7892810501099));
#11649=CARTESIAN_POINT('',(108.913988445282,117.146042550659,61.4636863563538));
#11650=CARTESIAN_POINT('',(108.913988445282,117.146042550659,61.4636863563538));
#11651=CARTESIAN_POINT('',(108.913988445282,117.146042550659,61.4636863563538));
#11652=CARTESIAN_POINT('Origin',(109.148407717896,115.371167671967,58.8683488883972));
#11653=CARTESIAN_POINT('',(108.796783673859,117.665115882111,62.7027721641541));
#11654=CARTESIAN_POINT('',(108.796783673859,117.665115882111,62.7027721641541));
#11655=CARTESIAN_POINT('',(108.796783673859,117.665115882111,62.7027721641541));
#11656=CARTESIAN_POINT('Origin',(109.148407717896,115.371167671967,58.8683488883972));
#11657=CARTESIAN_POINT('',(108.662833973694,118.318138913727,64.2934674213409));
#11658=CARTESIAN_POINT('Origin',(109.148407717896,122.437206518555,57.6460226039887));
#11659=CARTESIAN_POINT('',(109.181897575378,121.399059855652,57.227418844986));
#11660=CARTESIAN_POINT('',(109.181897575378,121.399059855652,57.227418844986));
#11661=CARTESIAN_POINT('',(109.148407717896,122.437206518555,57.6460226039887));
#11662=CARTESIAN_POINT('',(109.148407717896,122.437206518555,57.6460226039887));
#11663=CARTESIAN_POINT('',(109.148407717896,122.437206518555,57.6460226039887));
#11664=CARTESIAN_POINT('Origin',(109.366082061768,123.090229550171,54.8162658634186));
#11665=CARTESIAN_POINT('',(109.148407717896,122.437206518555,57.6460226039887));
#11666=CARTESIAN_POINT('Origin',(109.181897575378,121.399059855652,57.227418844986));
#11667=CARTESIAN_POINT('',(109.131662789154,120.093023522186,57.7632322402954));
#11668=CARTESIAN_POINT('',(109.131662789154,120.093023522186,57.7632322402954));
#11669=CARTESIAN_POINT('',(109.131662789154,120.093023522186,57.7632322402954));
#11670=CARTESIAN_POINT('Origin',(109.131662789154,120.093023522186,57.7632322402954));
#11671=CARTESIAN_POINT('',(109.131662789154,119.875349178314,57.8636969478607));
#11672=CARTESIAN_POINT('',(109.131662789154,119.875349178314,57.8636969478607));
#11673=CARTESIAN_POINT('',(109.131662789154,119.875349178314,57.8636969478607));
#11674=CARTESIAN_POINT('Origin',(109.114917860413,118.401863557434,58.4664851932526));
#11675=CARTESIAN_POINT('',(109.114917860413,118.401863557434,58.4664851932526));
#11676=CARTESIAN_POINT('Origin',(109.366082061768,123.090229550171,54.8162658634186));
#11677=CARTESIAN_POINT('',(109.131662789154,122.956279850006,57.8636969478607));
#11678=CARTESIAN_POINT('',(109.131662789154,122.956279850006,57.8636969478607));
#11679=CARTESIAN_POINT('',(109.131662789154,122.956279850006,57.8636969478607));
#11680=CARTESIAN_POINT('Origin',(109.131662789154,122.956279850006,57.8636969478607));
#11681=CARTESIAN_POINT('',(109.131662789154,123.106974478912,57.9306717979431));
#11682=CARTESIAN_POINT('',(109.131662789154,123.106974478912,57.9306717979431));
#11683=CARTESIAN_POINT('',(109.131662789154,122.956279850006,57.8636969478607));
#11684=CARTESIAN_POINT('Origin',(109.114917860413,124.413010812378,58.4664851932526));
#11685=CARTESIAN_POINT('',(109.114917860413,124.413010812378,58.4664851932526));
#11686=CARTESIAN_POINT('',(109.114917860413,124.413010812378,58.4664851932526));
#11687=CARTESIAN_POINT('',(109.114917860413,124.413010812378,58.4664851932526));
#11688=CARTESIAN_POINT('Origin',(108.997713088989,125.116278359985,60.1743900867462));
#11689=CARTESIAN_POINT('',(108.997713088989,125.116278359985,60.1743900867462));
#11690=CARTESIAN_POINT('',(108.997713088989,125.116278359985,60.1743900867462));
#11691=CARTESIAN_POINT('',(108.997713088989,125.116278359985,60.1743900867462));
#11692=CARTESIAN_POINT('Origin',(108.913988445282,125.652096620178,61.4636863563538));
#11693=CARTESIAN_POINT('',(108.913988445282,125.652096620178,61.4636863563538));
#11694=CARTESIAN_POINT('',(108.913988445282,125.652096620178,61.4636863563538));
#11695=CARTESIAN_POINT('',(108.913988445282,125.652096620178,61.4636863563538));
#11696=CARTESIAN_POINT('Origin',(109.148407717896,127.527431341553,58.8683488883972));
#11697=CARTESIAN_POINT('',(109.148407717896,127.527431341553,58.8683488883972));
#11698=CARTESIAN_POINT('',(108.913988445282,125.652096620178,61.4636863563538));
#11699=CARTESIAN_POINT('',(109.148407717896,127.527431341553,58.8683488883972));
#11700=CARTESIAN_POINT('Origin',(108.294455271149,123.090229550171,54.8162658634186));
#11701=CARTESIAN_POINT('',(108.076780927277,127.527431341553,58.8683488883972));
#11702=CARTESIAN_POINT('Origin',(109.148407717896,127.527431341553,58.8683488883972));
#11703=CARTESIAN_POINT('',(108.076780927277,127.527431341553,58.8683488883972));
#11704=CARTESIAN_POINT('Origin',(105.581903302002,136.669792703247,79.765085900116));
#11705=CARTESIAN_POINT('',(105.581903302002,136.669792703247,79.765085900116));
#11706=CARTESIAN_POINT('',(105.581903302002,136.669792703247,79.765085900116));
#11707=CARTESIAN_POINT('',(105.581903302002,136.669792703247,79.765085900116));
#11708=CARTESIAN_POINT('Origin',(120.300072960663,142.145141157532,80.3846239391327));
#11709=CARTESIAN_POINT('',(105.581903302002,136.669792703247,79.765085900116));
#11710=CARTESIAN_POINT('Origin',(107.859106583405,134.34235463562,63.4227700458527));
#11711=CARTESIAN_POINT('',(107.825616725922,127.477206285095,64.0255582912445));
#11712=CARTESIAN_POINT('',(107.825616725922,127.477206285095,64.0255582912445));
#11713=CARTESIAN_POINT('',(107.825616725922,127.477206285095,64.0255582912445));
#11714=CARTESIAN_POINT('Origin',(107.825616725922,127.477206285095,64.0255582912445));
#11715=CARTESIAN_POINT('',(105.581903302002,136.669792703247,79.765085900116));
#11716=CARTESIAN_POINT('Origin',(107.825616725922,127.477206285095,64.0255582912445));
#11717=CARTESIAN_POINT('',(107.825616725922,127.477206285095,64.0255582912445));
#11718=CARTESIAN_POINT('Origin',(131.033056606293,107.333991066742,90.2636891921997));
#11719=CARTESIAN_POINT('',(127.650765866089,136.20095415802,91.5362453979492));
#11720=CARTESIAN_POINT('',(127.650765866089,136.20095415802,91.5362453979492));
#11721=CARTESIAN_POINT('',(127.650765866089,136.20095415802,91.5362453979492));
#11722=CARTESIAN_POINT('Origin',(128.287014779663,121.767438558197,91.3018261253357));
#11723=CARTESIAN_POINT('',(128.287014779663,121.767438558197,91.3018261253357));
#11724=CARTESIAN_POINT('',(127.650765866089,136.20095415802,91.5362453979492));
#11725=CARTESIAN_POINT('',(128.287014779663,121.767438558197,91.3018261253357));
#11726=CARTESIAN_POINT('Origin',(128.287014779663,121.767438558197,91.3018261253357));
#11727=CARTESIAN_POINT('',(127.650765866089,107.333991066742,91.5362453979492));
#11728=CARTESIAN_POINT('Origin',(127.650765866089,136.20095415802,91.5362453979492));
#11729=CARTESIAN_POINT('',(120.199613117981,136.167464300537,94.2153172393799));
#11730=CARTESIAN_POINT('',(120.199613117981,136.167464300537,94.2153172393799));
#11731=CARTESIAN_POINT('',(120.199613117981,136.167464300537,94.2153172393799));
#11732=CARTESIAN_POINT('Origin',(120.199613117981,136.167464300537,94.2153172393799));
#11733=CARTESIAN_POINT('',(120.199613117981,136.167464300537,94.2153172393799));
#11734=CARTESIAN_POINT('Origin',(112.714960782623,109.075385817719,91.3185710540772));
#11735=CARTESIAN_POINT('',(112.714960782623,109.075385817719,91.3185710540772));
#11736=CARTESIAN_POINT('',(112.714960782623,109.075385817719,91.3185710540772));
#11737=CARTESIAN_POINT('',(109.78468582077,107.333991066742,90.2636891921997));
#11738=CARTESIAN_POINT('Origin',(113.401473671722,107.333991066742,91.5697352554321));
#11739=CARTESIAN_POINT('',(120.26658310318,109.326550019073,100.99670202713));
#11740=CARTESIAN_POINT('',(120.199613117981,107.367480924225,94.2153172393799));
#11741=CARTESIAN_POINT('',(113.401473671722,107.333991066742,91.5697352554321));
#11742=CARTESIAN_POINT('Origin',(114.958674206543,109.879103478241,92.172523500824));
#11743=CARTESIAN_POINT('',(114.958674206543,109.879103478241,92.172523500824));
#11744=CARTESIAN_POINT('',(114.958674206543,109.879103478241,92.172523500824));
#11745=CARTESIAN_POINT('',(113.401473671722,107.333991066742,91.5697352554321));
#11746=CARTESIAN_POINT('Origin',(113.903802074432,109.510734505463,91.7706646705628));
#11747=CARTESIAN_POINT('',(113.903802074432,109.510734505463,91.7706646705628));
#11748=CARTESIAN_POINT('',(113.903802074432,109.510734505463,91.7706646705628));
#11749=CARTESIAN_POINT('',(113.401473671722,107.333991066742,91.5697352554321));
#11750=CARTESIAN_POINT('Origin',(113.401473671722,109.326550019073,91.5697352554321));
#11751=CARTESIAN_POINT('',(113.401473671722,109.326550019073,91.5697352554321));
#11752=CARTESIAN_POINT('',(113.401473671722,109.326550019073,91.5697352554321));
#11753=CARTESIAN_POINT('',(113.401473671722,107.333991066742,91.5697352554321));
#11754=CARTESIAN_POINT('Origin',(113.401473671722,107.333991066742,91.5697352554321));
#11755=CARTESIAN_POINT('',(112.714960782623,109.075385817719,91.3185710540772));
#11756=CARTESIAN_POINT('Origin',(109.78468582077,108.037239154816,90.2636891921997));
#11757=CARTESIAN_POINT('',(109.78468582077,108.037239154816,90.2636891921997));
#11758=CARTESIAN_POINT('',(109.78468582077,108.037239154816,90.2636891921997));
#11759=CARTESIAN_POINT('',(109.78468582077,107.333991066742,90.2636891921997));
#11760=CARTESIAN_POINT('Origin',(109.78468582077,107.333991066742,90.2636891921997));
#11761=CARTESIAN_POINT('',(109.483296562958,107.920034383392,89.5101965881348));
#11762=CARTESIAN_POINT('',(109.232132361603,107.903289454651,88.9074083427429));
#11763=CARTESIAN_POINT('',(109.483296562958,107.920034383392,89.5101965881348));
#11764=CARTESIAN_POINT('Origin',(109.78468582077,107.333991066742,90.2636891921997));
#11765=CARTESIAN_POINT('',(109.58375640564,107.953524240875,89.7613607894898));
#11766=CARTESIAN_POINT('',(109.58375640564,107.953524240875,89.7613607894898));
#11767=CARTESIAN_POINT('',(109.58375640564,107.953524240875,89.7613607894898));
#11768=CARTESIAN_POINT('Origin',(109.78468582077,107.333991066742,90.2636891921997));
#11769=CARTESIAN_POINT('',(109.483296562958,107.920034383392,89.5101965881348));
#11770=CARTESIAN_POINT('Origin',(120.26658310318,109.326550019073,100.99670202713));
#11771=CARTESIAN_POINT('',(120.26658310318,109.326550019073,100.99670202713));
#11772=CARTESIAN_POINT('Origin',(124.854479523468,118.167434555054,92.5408924736023));
#11773=CARTESIAN_POINT('',(120.199613117981,118.43534368515,94.2153172393799));
#11774=CARTESIAN_POINT('',(120.199613117981,118.43534368515,94.2153172393799));
#11775=CARTESIAN_POINT('',(124.854479523468,118.167434555054,92.5408924736023));
#11776=CARTESIAN_POINT('',(124.854479523468,118.167434555054,92.5408924736023));
#11777=CARTESIAN_POINT('',(120.199613117981,118.43534368515,94.2153172393799));
#11778=CARTESIAN_POINT('Origin',(120.26658310318,109.326550019073,100.99670202713));
#11779=CARTESIAN_POINT('',(120.199613117981,118.43534368515,94.2153172393799));
#11780=CARTESIAN_POINT('Origin',(124.887969380951,118.150699356079,92.5241475448608));
#11781=CARTESIAN_POINT('',(124.887969380951,118.150699356079,92.5241475448608));
#11782=CARTESIAN_POINT('',(124.887969380951,118.150699356079,92.5241475448608));
#11783=CARTESIAN_POINT('',(124.854479523468,118.167434555054,92.5408924736023));
#11784=CARTESIAN_POINT('Origin',(127.299141822052,119.222326146698,91.670195098114));
#11785=CARTESIAN_POINT('',(127.299141822052,119.222326146698,91.670195098114));
#11786=CARTESIAN_POINT('',(127.299141822052,119.222326146698,91.670195098114));
#11787=CARTESIAN_POINT('',(124.887969380951,118.150699356079,92.5241475448608));
#11788=CARTESIAN_POINT('Origin',(127.650765866089,120.126513379669,91.5362453979492));
#11789=CARTESIAN_POINT('',(127.650765866089,120.126513379669,91.5362453979492));
#11790=CARTESIAN_POINT('',(127.650765866089,107.333991066742,91.5362453979492));
#11791=CARTESIAN_POINT('',(127.299141822052,119.222326146698,91.670195098114));
#11792=CARTESIAN_POINT('Origin',(127.650765866089,120.126513379669,91.5362453979492));
#11793=CARTESIAN_POINT('',(127.650765866089,120.126513379669,91.5362453979492));
#11794=CARTESIAN_POINT('Origin',(109.232132361603,107.903289454651,88.9074083427429));
#11795=CARTESIAN_POINT('',(103.723294049835,108.388872928619,81.590195565033));
#11796=CARTESIAN_POINT('',(103.723294049835,108.388872928619,81.590195565033));
#11797=CARTESIAN_POINT('Origin',(107.289808195496,107.133051921844,89.8283307746887));
#11798=CARTESIAN_POINT('',(107.289808195496,107.133051921844,89.8283307746887));
#11799=CARTESIAN_POINT('',(107.289808195496,107.133051921844,89.8283307746887));
#11800=CARTESIAN_POINT('',(103.723294049835,108.388872928619,81.590195565033));
#11801=CARTESIAN_POINT('Origin',(107.289808195496,107.133051921844,89.8283307746887));
#11802=CARTESIAN_POINT('',(107.289808195496,107.133051921844,89.8283307746887));
#11803=CARTESIAN_POINT('Origin',(106.134456761169,109.075385817719,81.1548566070557));
#11804=CARTESIAN_POINT('',(103.723294049835,108.388872928619,81.590195565033));
#11805=CARTESIAN_POINT('Origin',(106.134456761169,109.075385817719,81.1548566070557));
#11806=CARTESIAN_POINT('',(103.723294049835,108.388872928619,81.590195565033));
#11807=CARTESIAN_POINT('Origin',(105.782832717133,119.858604249573,80.284154366684));
#11808=CARTESIAN_POINT('',(103.723294049835,108.388872928619,81.590195565033));
#11809=CARTESIAN_POINT('Origin',(108.361434986115,120.160003237152,67.6422974933624));
#11810=CARTESIAN_POINT('',(108.512129615021,121.399059855652,65.7167231208801));
#11811=CARTESIAN_POINT('',(108.545619472504,122.487431575012,65.2646246395111));
#11812=CARTESIAN_POINT('',(108.512129615021,121.399059855652,65.7167231208801));
#11813=CARTESIAN_POINT('',(108.361434986115,120.160003237152,67.6422974933624));
#11814=CARTESIAN_POINT('',(108.361434986115,120.160003237152,67.6422974933624));
#11815=CARTESIAN_POINT('Origin',(108.361434986115,120.160003237152,67.6422974933624));
#11816=CARTESIAN_POINT('',(108.361434986115,122.520921432495,67.6422974933624));
#11817=CARTESIAN_POINT('Origin',(108.361434986115,120.160003237152,67.6422974933624));
#11818=CARTESIAN_POINT('',(108.528874543762,120.662321910095,65.3985792045593));
#11819=CARTESIAN_POINT('',(108.512129615021,121.399059855652,65.7167231208801));
#11820=CARTESIAN_POINT('',(108.361434986115,120.160003237152,67.6422974933624));
#11821=CARTESIAN_POINT('Origin',(108.528874543762,120.662321910095,65.3985792045593));
#11822=CARTESIAN_POINT('',(108.562364401245,120.076278593445,65.1641599319458));
#11823=CARTESIAN_POINT('',(108.361434986115,120.160003237152,67.6422974933624));
#11824=CARTESIAN_POINT('',(108.528874543762,120.662321910095,65.3985792045593));
#11825=CARTESIAN_POINT('Origin',(108.595854258728,119.506980205536,64.9297455242157));
#11826=CARTESIAN_POINT('',(108.595854258728,119.506980205536,64.9297455242157));
#11827=CARTESIAN_POINT('',(108.562364401245,120.076278593445,65.1641599319458));
#11828=CARTESIAN_POINT('',(108.361434986115,120.160003237152,67.6422974933624));
#11829=CARTESIAN_POINT('Origin',(108.646089044952,118.43534368515,64.4776519077301));
#11830=CARTESIAN_POINT('',(108.595854258728,119.506980205536,64.9297455242157));
#11831=CARTESIAN_POINT('Origin',(108.545619472504,122.638126203918,65.1976497894287));
#11832=CARTESIAN_POINT('',(108.545619472504,122.638126203918,65.1976497894287));
#11833=CARTESIAN_POINT('',(108.361434986115,122.520921432495,67.6422974933624));
#11834=CARTESIAN_POINT('',(108.545619472504,122.487431575012,65.2646246395111));
#11835=CARTESIAN_POINT('Origin',(108.361434986115,122.520921432495,67.6422974933624));
#11836=CARTESIAN_POINT('',(108.646089044952,124.312560699463,64.5111369003296));
#11837=CARTESIAN_POINT('',(108.545619472504,122.638126203918,65.1976497894287));
#11838=CARTESIAN_POINT('',(108.361434986115,122.520921432495,67.6422974933624));
#11839=CARTESIAN_POINT('Origin',(108.361434986115,122.520921432495,67.6422974933624));
#11840=CARTESIAN_POINT('',(108.646089044952,124.413010812378,64.4776519077301));
#11841=CARTESIAN_POINT('',(108.646089044952,124.312560699463,64.5111369003296));
#11842=CARTESIAN_POINT('',(108.361434986115,122.520921432495,67.6422974933624));
#11843=CARTESIAN_POINT('Origin',(108.361434986115,122.520921432495,67.6422974933624));
#11844=CARTESIAN_POINT('',(108.913988445282,127.477206285095,64.0255582912445));
#11845=CARTESIAN_POINT('',(108.646089044952,124.413010812378,64.4776519077301));
#11846=CARTESIAN_POINT('',(108.361434986115,122.520921432495,67.6422974933624));
#11847=CARTESIAN_POINT('Origin',(105.581903302002,122.102317673492,79.765085900116));
#11848=CARTESIAN_POINT('',(107.273063266754,122.520921432495,67.6422974933624));
#11849=CARTESIAN_POINT('',(107.273063266754,122.520921432495,67.6422974933624));
#11850=CARTESIAN_POINT('',(105.581903302002,122.102317673492,79.765085900116));
#11851=CARTESIAN_POINT('Origin',(107.273063266754,122.520921432495,67.6422974933624));
#11852=CARTESIAN_POINT('',(107.273063266754,122.520921432495,67.6422974933624));
#11853=CARTESIAN_POINT('Origin',(105.581903302002,122.102317673492,79.765085900116));
#11854=CARTESIAN_POINT('',(105.766087788391,121.968367973328,80.233924445343));
#11855=CARTESIAN_POINT('',(105.766087788391,121.851153472137,80.233924445343));
#11856=CARTESIAN_POINT('',(105.581903302002,122.102317673492,79.765085900116));
#11857=CARTESIAN_POINT('Origin',(105.766087788391,121.968367973328,80.233924445343));
#11858=CARTESIAN_POINT('',(105.782832717133,122.286502159882,80.2506645092011));
#11859=CARTESIAN_POINT('',(105.581903302002,122.102317673492,79.765085900116));
#11860=CARTESIAN_POINT('',(105.766087788391,121.968367973328,80.233924445343));
#11861=CARTESIAN_POINT('Origin',(105.581903302002,122.102317673492,79.765085900116));
#11862=CARTESIAN_POINT('',(107.273063266754,122.520921432495,67.6422974933624));
#11863=CARTESIAN_POINT('',(105.581903302002,122.102317673492,79.765085900116));
#11864=CARTESIAN_POINT('Origin',(106.134456761169,133.120023486328,81.1213618846893));
#11865=CARTESIAN_POINT('',(106.134456761169,133.120023486328,81.1213618846893));
#11866=CARTESIAN_POINT('',(105.782832717133,122.286502159882,80.2506645092011));
#11867=CARTESIAN_POINT('',(105.581903302002,122.102317673492,79.765085900116));
#11868=CARTESIAN_POINT('Origin',(105.581903302002,136.669792703247,79.765085900116));
#11869=CARTESIAN_POINT('',(105.581903302002,122.102317673492,79.765085900116));
#11870=CARTESIAN_POINT('Origin',(106.134456761169,134.844673308563,81.1548566070557));
#11871=CARTESIAN_POINT('',(106.134456761169,134.844673308563,81.1548566070557));
#11872=CARTESIAN_POINT('',(106.134456761169,133.120023486328,81.1213618846893));
#11873=CARTESIAN_POINT('',(105.581903302002,122.102317673492,79.765085900116));
#11874=CARTESIAN_POINT('Origin',(105.581903302002,136.669792703247,79.765085900116));
#11875=CARTESIAN_POINT('',(105.581903302002,136.669792703247,79.765085900116));
#11876=CARTESIAN_POINT('Origin',(103.304690290833,122.001857830811,80.4850837818146));
#11877=CARTESIAN_POINT('',(103.304690290833,122.001857830811,80.4850837818146));
#11878=CARTESIAN_POINT('',(103.304690290833,122.001857830811,80.4850837818146));
#11879=CARTESIAN_POINT('',(103.304690290833,122.001857830811,80.4850837818146));
#11880=CARTESIAN_POINT('Origin',(103.304690290833,122.001857830811,80.4850837818146));
#11881=CARTESIAN_POINT('',(103.304690290833,122.001857830811,80.4850837818146));
#11882=CARTESIAN_POINT('Origin',(103.304690290833,122.001857830811,80.4850837818146));
#11883=CARTESIAN_POINT('',(103.723294049835,108.388872928619,81.590195565033));
#11884=CARTESIAN_POINT('',(103.304690290833,122.001857830811,80.4850837818146));
#11885=CARTESIAN_POINT('Origin',(105.782832717133,120.327433065033,80.2506645092011));
#11886=CARTESIAN_POINT('Origin',(113.401473671722,136.20095415802,91.5697352554321));
#11887=CARTESIAN_POINT('',(109.78468582077,136.217689356995,90.2636891921997));
#11888=CARTESIAN_POINT('',(109.78468582077,136.217689356995,90.2636891921997));
#11889=CARTESIAN_POINT('',(113.401473671722,136.20095415802,91.5697352554321));
#11890=CARTESIAN_POINT('',(109.78468582077,136.217689356995,90.2636891921997));
#11891=CARTESIAN_POINT('',(113.401473671722,136.20095415802,91.5697352554321));
#11892=CARTESIAN_POINT('Origin',(105.581903302002,136.669792703247,79.765085900116));
#11893=CARTESIAN_POINT('',(105.581903302002,136.669792703247,79.765085900116));
#11894=CARTESIAN_POINT('Origin',(113.401473671722,136.20095415802,91.5697352554321));
#11895=CARTESIAN_POINT('',(113.401473671722,136.20095415802,91.5697352554321));
#11896=CARTESIAN_POINT('Origin',(108.662833973694,118.318138913727,64.2934674213409));
#11897=CARTESIAN_POINT('',(108.009810942078,117.146042550659,61.4134612998962));
#11898=CARTESIAN_POINT('',(108.009810942078,117.146042550659,61.4134612998962));
#11899=CARTESIAN_POINT('',(108.009810942078,117.146042550659,61.4134612998962));
#11900=CARTESIAN_POINT('Origin',(107.842361654663,118.401863557434,64.4274171215057));
#11901=CARTESIAN_POINT('',(107.842361654663,118.401863557434,64.4274171215057));
#11902=CARTESIAN_POINT('',(107.842361654663,118.401863557434,64.4274171215057));
#11903=CARTESIAN_POINT('',(107.842361654663,118.401863557434,64.4274171215057));
#11904=CARTESIAN_POINT('Origin',(108.662833973694,118.318138913727,64.2934674213409));
#11905=CARTESIAN_POINT('',(107.842361654663,118.401863557434,64.4274171215057));
#11906=CARTESIAN_POINT('Origin',(108.646089044952,118.43534368515,64.4776519077301));
#11907=CARTESIAN_POINT('',(107.842361654663,118.401863557434,64.4274171215057));
#11908=CARTESIAN_POINT('Origin',(108.595854258728,119.506980205536,64.9297455242157));
#11909=CARTESIAN_POINT('',(107.842361654663,118.401863557434,64.4274171215057));
#11910=CARTESIAN_POINT('Origin',(109.031202946472,117.8493003685,59.7892810501099));
#11911=CARTESIAN_POINT('',(108.177250499725,118.401863557434,58.4162552719116));
#11912=CARTESIAN_POINT('',(108.177250499725,118.401863557434,58.4162552719116));
#11913=CARTESIAN_POINT('',(108.177250499725,118.401863557434,58.4162552719116));
#11914=CARTESIAN_POINT('Origin',(108.009810942078,117.146042550659,61.4134612998962));
#11915=CARTESIAN_POINT('',(108.009810942078,117.146042550659,61.4134612998962));
#11916=CARTESIAN_POINT('',(108.009810942078,117.146042550659,61.4134612998962));
#11917=CARTESIAN_POINT('Origin',(109.031202946472,117.8493003685,59.7892810501099));
#11918=CARTESIAN_POINT('',(108.009810942078,117.146042550659,61.4134612998962));
#11919=CARTESIAN_POINT('Origin',(108.244220484924,121.399059855652,57.1771840587616));
#11920=CARTESIAN_POINT('',(108.244220484924,121.399059855652,57.1771840587616));
#11921=CARTESIAN_POINT('',(108.244220484924,121.399059855652,57.1771840587616));
#11922=CARTESIAN_POINT('',(108.244220484924,121.399059855652,57.1771840587616));
#11923=CARTESIAN_POINT('Origin',(109.114917860413,118.401863557434,58.4664851932526));
#11924=CARTESIAN_POINT('',(108.177250499725,118.401863557434,58.4162552719116));
#11925=CARTESIAN_POINT('Origin',(108.796783673859,117.665115882111,62.7027721641541));
#11926=CARTESIAN_POINT('Origin',(109.181897575378,121.399059855652,57.227418844986));
#11927=CARTESIAN_POINT('',(108.244220484924,121.399059855652,57.1771840587616));
#11928=CARTESIAN_POINT('',(108.244220484924,121.399059855652,57.1771840587616));
#11929=CARTESIAN_POINT('Origin',(108.244220484924,121.399059855652,57.1771840587616));
#11930=CARTESIAN_POINT('',(108.244220484924,121.399059855652,57.1771840587616));
#11931=CARTESIAN_POINT('Origin',(109.148407717896,122.437206518555,57.6460226039887));
#11932=CARTESIAN_POINT('',(108.244220484924,121.399059855652,57.1771840587616));
#11933=CARTESIAN_POINT('Origin',(108.244220484924,121.399059855652,57.1771840587616));
#11934=CARTESIAN_POINT('Origin',(109.131662789154,122.956279850006,57.8636969478607));
#11935=CARTESIAN_POINT('',(108.244220484924,121.399059855652,57.1771840587616));
#11936=CARTESIAN_POINT('Origin',(108.177250499725,124.413010812378,58.4162552719116));
#11937=CARTESIAN_POINT('',(108.177250499725,124.413010812378,58.4162552719116));
#11938=CARTESIAN_POINT('',(108.177250499725,124.413010812378,58.4162552719116));
#11939=CARTESIAN_POINT('',(108.177250499725,124.413010812378,58.4162552719116));
#11940=CARTESIAN_POINT('Origin',(109.131662789154,123.106974478912,57.9306717979431));
#11941=CARTESIAN_POINT('',(108.177250499725,124.413010812378,58.4162552719116));
#11942=CARTESIAN_POINT('Origin',(109.114917860413,124.413010812378,58.4664851932526));
#11943=CARTESIAN_POINT('',(108.177250499725,124.413010812378,58.4162552719116));
#11944=CARTESIAN_POINT('Origin',(108.009810942078,125.652096620178,61.4134612998962));
#11945=CARTESIAN_POINT('',(108.009810942078,125.652096620178,61.4134612998962));
#11946=CARTESIAN_POINT('',(108.009810942078,125.652096620178,61.4134612998962));
#11947=CARTESIAN_POINT('',(108.009810942078,125.652096620178,61.4134612998962));
#11948=CARTESIAN_POINT('Origin',(108.997713088989,125.116278359985,60.1743900867462));
#11949=CARTESIAN_POINT('',(108.009810942078,125.652096620178,61.4134612998962));
#11950=CARTESIAN_POINT('Origin',(108.913988445282,125.652096620178,61.4636863563538));
#11951=CARTESIAN_POINT('',(108.746548887634,124.915339215088,63.272070552063));
#11952=CARTESIAN_POINT('',(108.009810942078,125.652096620178,61.4134612998962));
#11953=CARTESIAN_POINT('',(108.746548887634,124.915339215088,63.272070552063));
#11954=CARTESIAN_POINT('Origin',(108.69631410141,124.630694886017,63.9585834411621));
#11955=CARTESIAN_POINT('',(108.69631410141,124.630694886017,63.9585834411621));
#11956=CARTESIAN_POINT('',(108.69631410141,124.630694886017,63.9585834411621));
#11957=CARTESIAN_POINT('',(108.69631410141,124.630694886017,63.9585834411621));
#11958=CARTESIAN_POINT('Origin',(108.69631410141,124.630694886017,63.9585834411621));
#11959=CARTESIAN_POINT('',(108.69631410141,124.630694886017,63.9585834411621));
#11960=CARTESIAN_POINT('Origin',(109.148407717896,127.527431341553,58.8683488883972));
#11961=CARTESIAN_POINT('',(108.69631410141,124.630694886017,63.9585834411621));
#11962=CARTESIAN_POINT('',(108.913988445282,127.477206285095,64.0255582912445));
#11963=CARTESIAN_POINT('Origin',(109.148407717896,127.527431341553,58.8683488883972));
#11964=CARTESIAN_POINT('',(107.825616725922,127.477206285095,64.0255582912445));
#11965=CARTESIAN_POINT('Origin',(105.581903302002,136.669792703247,79.765085900116));
#11966=CARTESIAN_POINT('',(106.285161119843,134.894908094788,81.539965643692));
#11967=CARTESIAN_POINT('',(106.134456761169,134.844673308563,81.1548566070557));
#11968=CARTESIAN_POINT('',(105.581903302002,136.669792703247,79.765085900116));
#11969=CARTESIAN_POINT('Origin',(105.581903302002,136.669792703247,79.765085900116));
#11970=CARTESIAN_POINT('',(106.285161119843,134.894908094788,81.539965643692));
#11971=CARTESIAN_POINT('Origin',(108.913988445282,127.477206285095,64.0255582912445));
#11972=CARTESIAN_POINT('Origin',(127.299141822052,124.329295898438,91.670195098114));
#11973=CARTESIAN_POINT('',(122.259142055511,128.180464102936,93.4785598342896));
#11974=CARTESIAN_POINT('',(122.259142055511,128.180464102936,93.4785598342896));
#11975=CARTESIAN_POINT('',(127.299141822052,124.329295898438,91.670195098114));
#11976=CARTESIAN_POINT('',(122.259142055511,128.180464102936,93.4785598342896));
#11977=CARTESIAN_POINT('',(127.299141822052,124.329295898438,91.670195098114));
#11978=CARTESIAN_POINT('Origin',(120.26658310318,134.208395205688,100.99670202713));
#11979=CARTESIAN_POINT('',(120.26658310318,134.208395205688,100.99670202713));
#11980=CARTESIAN_POINT('',(120.26658310318,134.208395205688,100.99670202713));
#11981=CARTESIAN_POINT('',(120.26658310318,134.208395205688,100.99670202713));
#11982=CARTESIAN_POINT('Origin',(127.650765866089,123.39162853775,91.5362453979492));
#11983=CARTESIAN_POINT('',(127.650765866089,123.39162853775,91.5362453979492));
#11984=CARTESIAN_POINT('',(127.299141822052,124.329295898438,91.670195098114));
#11985=CARTESIAN_POINT('',(127.650765866089,123.39162853775,91.5362453979492));
#11986=CARTESIAN_POINT('Origin',(120.199613117981,136.167464300537,94.2153172393799));
#11987=CARTESIAN_POINT('',(120.199613117981,136.167464300537,94.2153172393799));
#11988=CARTESIAN_POINT('Origin',(127.650765866089,136.20095415802,91.5362453979492));
#11989=CARTESIAN_POINT('',(127.935419924927,122.68837071991,91.4357758255005));
#11990=CARTESIAN_POINT('',(127.650765866089,123.39162853775,91.5362453979492));
#11991=CARTESIAN_POINT('',(127.650765866089,136.20095415802,91.5362453979492));
#11992=CARTESIAN_POINT('Origin',(127.935419924927,122.68837071991,91.4357758255005));
#11993=CARTESIAN_POINT('',(127.935419924927,122.68837071991,91.4357758255005));
#11994=CARTESIAN_POINT('Origin',(127.650765866089,120.160003237152,91.5362453979492));
#11995=CARTESIAN_POINT('',(127.55029629364,119.222326146698,92.3734529159546));
#11996=CARTESIAN_POINT('',(127.55029629364,119.222326146698,92.3734529159546));
#11997=CARTESIAN_POINT('',(127.650765866089,120.160003237152,91.5362453979492));
#11998=CARTESIAN_POINT('',(127.55029629364,119.222326146698,92.3734529159546));
#11999=CARTESIAN_POINT('',(127.650765866089,120.160003237152,91.5362453979492));
#12000=CARTESIAN_POINT('Origin',(128.287014779663,121.767438558197,91.3018261253357));
#12001=CARTESIAN_POINT('',(128.538256819153,121.767438558197,92.0218288719177));
#12002=CARTESIAN_POINT('',(127.55029629364,119.222326146698,92.3734529159546));
#12003=CARTESIAN_POINT('',(128.287014779663,121.767438558197,91.3018261253357));
#12004=CARTESIAN_POINT('Origin',(128.287014779663,121.767438558197,91.3018261253357));
#12005=CARTESIAN_POINT('',(127.650765866089,120.126513379669,91.5362453979492));
#12006=CARTESIAN_POINT('Origin',(128.538256819153,121.767438558197,92.0218288719177));
#12007=CARTESIAN_POINT('',(127.935419924927,122.68837071991,91.4357758255005));
#12008=CARTESIAN_POINT('Origin',(113.401473671722,136.20095415802,91.5697352554321));
#12009=CARTESIAN_POINT('',(113.401473671722,136.20095415802,91.5697352554321));
#12010=CARTESIAN_POINT('Origin',(112.714960782623,109.075385817719,91.3185710540772));
#12011=CARTESIAN_POINT('',(107.289808195496,107.133051921844,89.8283307746887));
#12012=CARTESIAN_POINT('',(107.289808195496,107.133051921844,89.8283307746887));
#12013=CARTESIAN_POINT('Origin',(113.401473671722,109.326550019073,91.5697352554321));
#12014=CARTESIAN_POINT('',(107.289808195496,107.133051921844,89.8283307746887));
#12015=CARTESIAN_POINT('Origin',(120.26658310318,109.326550019073,100.99670202713));
#12016=CARTESIAN_POINT('',(116.181005355835,110.314452165985,93.7967037506104));
#12017=CARTESIAN_POINT('',(114.958674206543,109.879103478241,92.172523500824));
#12018=CARTESIAN_POINT('',(116.181005355835,110.314452165985,93.7967037506104));
#12019=CARTESIAN_POINT('Origin',(120.26658310318,109.326550019073,100.99670202713));
#12020=CARTESIAN_POINT('',(117.101927787781,113.395382837677,93.0097310188293));
#12021=CARTESIAN_POINT('',(116.181005355835,110.314452165985,93.7967037506104));
#12022=CARTESIAN_POINT('',(117.101927787781,113.395382837677,93.0097310188293));
#12023=CARTESIAN_POINT('Origin',(120.26658310318,109.326550019073,100.99670202713));
#12024=CARTESIAN_POINT('',(117.101927787781,113.395382837677,93.0097310188293));
#12025=CARTESIAN_POINT('Origin',(116.181005355835,110.314452165985,93.7967037506104));
#12026=CARTESIAN_POINT('',(107.289808195496,107.133051921844,89.8283307746887));
#12027=CARTESIAN_POINT('',(107.289808195496,107.133051921844,89.8283307746887));
#12028=CARTESIAN_POINT('Origin',(114.958674206543,109.879103478241,92.172523500824));
#12029=CARTESIAN_POINT('',(107.289808195496,107.133051921844,89.8283307746887));
#12030=CARTESIAN_POINT('Origin',(113.903802074432,109.510734505463,91.7706646705628));
#12031=CARTESIAN_POINT('Origin',(109.58375640564,107.953524240875,89.7613607894898));
#12032=CARTESIAN_POINT('',(107.289808195496,107.133051921844,89.8283307746887));
#12033=CARTESIAN_POINT('Origin',(107.289808195496,107.133051921844,89.8283307746887));
#12034=CARTESIAN_POINT('Origin',(123.33076884613,118.837202515411,93.0934556625366));
#12035=CARTESIAN_POINT('',(123.33076884613,118.837202515411,93.0934556625366));
#12036=CARTESIAN_POINT('',(123.33076884613,118.837202515411,93.0934556625366));
#12037=CARTESIAN_POINT('',(120.199613117981,118.43534368515,94.2153172393799));
#12038=CARTESIAN_POINT('Origin',(118.307514008331,128.180464102936,93.4785598342896));
#12039=CARTESIAN_POINT('',(118.307514008331,128.180464102936,93.4785598342896));
#12040=CARTESIAN_POINT('',(118.307514008331,128.180464102936,93.4785598342896));
#12041=CARTESIAN_POINT('',(117.101927787781,113.395382837677,93.0097310188293));
#12042=CARTESIAN_POINT('Origin',(120.199613117981,118.43534368515,94.2153172393799));
#12043=CARTESIAN_POINT('',(120.199613117981,125.116278359985,94.2153172393799));
#12044=CARTESIAN_POINT('',(118.307514008331,128.180464102936,93.4785598342896));
#12045=CARTESIAN_POINT('',(120.199613117981,118.43534368515,94.2153172393799));
#12046=CARTESIAN_POINT('Origin',(120.199613117981,125.116278359985,94.2153172393799));
#12047=CARTESIAN_POINT('',(121.488914252472,121.767438558197,93.7464786941528));
#12048=CARTESIAN_POINT('',(120.199613117981,118.43534368515,94.2153172393799));
#12049=CARTESIAN_POINT('',(120.199613117981,125.116278359985,94.2153172393799));
#12050=CARTESIAN_POINT('Origin',(121.488914252472,121.767438558197,93.7464786941528));
#12051=CARTESIAN_POINT('',(121.840528566742,120.879996253967,93.6292739227295));
#12052=CARTESIAN_POINT('',(120.199613117981,118.43534368515,94.2153172393799));
#12053=CARTESIAN_POINT('',(121.488914252472,121.767438558197,93.7464786941528));
#12054=CARTESIAN_POINT('Origin',(121.840528566742,120.879996253967,93.6292739227295));
#12055=CARTESIAN_POINT('',(122.476816399384,119.222326146698,93.394854650116));
#12056=CARTESIAN_POINT('',(120.199613117981,118.43534368515,94.2153172393799));
#12057=CARTESIAN_POINT('',(121.840528566742,120.879996253967,93.6292739227295));
#12058=CARTESIAN_POINT('Origin',(122.476816399384,119.222326146698,93.394854650116));
#12059=CARTESIAN_POINT('',(122.476816399384,119.222326146698,93.394854650116));
#12060=CARTESIAN_POINT('Origin',(124.854479523468,118.167434555054,92.5408924736023));
#12061=CARTESIAN_POINT('',(125.139143312073,118.150699356079,93.2441502914429));
#12062=CARTESIAN_POINT('',(123.33076884613,118.837202515411,93.0934556625366));
#12063=CARTESIAN_POINT('',(124.854479523468,118.167434555054,92.5408924736023));
#12064=CARTESIAN_POINT('Origin',(124.887969380951,118.150699356079,92.5241475448608));
#12065=CARTESIAN_POINT('',(124.887969380951,118.150699356079,92.5241475448608));
#12066=CARTESIAN_POINT('Origin',(125.741921827698,118.535813257599,92.2227582870484));
#12067=CARTESIAN_POINT('',(125.741921827698,118.535813257599,92.2227582870484));
#12068=CARTESIAN_POINT('',(124.887969380951,118.150699356079,92.5241475448608));
#12069=CARTESIAN_POINT('',(125.139143312073,118.150699356079,93.2441502914429));
#12070=CARTESIAN_POINT('Origin',(125.741921827698,118.535813257599,92.2227582870484));
#12071=CARTESIAN_POINT('',(125.741921827698,118.535813257599,92.2227582870484));
#12072=CARTESIAN_POINT('Origin',(127.299141822052,119.222326146698,91.670195098114));
#12073=CARTESIAN_POINT('',(125.741921827698,118.535813257599,92.2227582870484));
#12074=CARTESIAN_POINT('',(127.299141822052,119.222326146698,91.670195098114));
#12075=CARTESIAN_POINT('Origin',(127.55029629364,119.222326146698,92.3734529159546));
#12076=CARTESIAN_POINT('',(127.55029629364,119.222326146698,92.3734529159546));
#12077=CARTESIAN_POINT('Origin',(127.650765866089,120.126513379669,91.5362453979492));
#12078=CARTESIAN_POINT('Origin',(104.878645484161,134.593509107208,82.05903411026));
#12079=CARTESIAN_POINT('',(104.878645484161,134.593509107208,82.05903411026));
#12080=CARTESIAN_POINT('',(104.878645484161,109.376784805298,82.05903411026));
#12081=CARTESIAN_POINT('',(103.723294049835,108.388872928619,81.590195565033));
#12082=CARTESIAN_POINT('Origin',(103.723294049835,108.388872928619,81.590195565033));
#12083=CARTESIAN_POINT('',(110.906547397614,108.388872928619,98.3511297729492));
#12084=CARTESIAN_POINT('',(104.878645484161,109.376784805298,82.05903411026));
#12085=CARTESIAN_POINT('',(103.723294049835,108.388872928619,81.590195565033));
#12086=CARTESIAN_POINT('Origin',(103.723294049835,135.61491084137,81.590195565033));
#12087=CARTESIAN_POINT('',(103.723294049835,135.61491084137,81.590195565033));
#12088=CARTESIAN_POINT('',(103.723294049835,135.61491084137,81.590195565033));
#12089=CARTESIAN_POINT('',(103.723294049835,108.388872928619,81.590195565033));
#12090=CARTESIAN_POINT('Origin',(110.906547397614,108.388872928619,98.3511297729492));
#12091=CARTESIAN_POINT('',(107.289808195496,107.133051921844,89.8283307746887));
#12092=CARTESIAN_POINT('Origin',(103.723294049835,108.388872928619,81.590195565033));
#12093=CARTESIAN_POINT('',(103.304690290833,122.001857830811,80.4850837818146));
#12094=CARTESIAN_POINT('Origin',(110.906547397614,108.388872928619,98.3511297729492));
#12095=CARTESIAN_POINT('',(110.906547397614,108.388872928619,98.3511297729492));
#12096=CARTESIAN_POINT('Origin',(108.512129615021,121.399059855652,65.7167231208801));
#12097=CARTESIAN_POINT('',(107.758646740723,121.399059855652,65.6664883346558));
#12098=CARTESIAN_POINT('',(107.758646740723,121.399059855652,65.6664883346558));
#12099=CARTESIAN_POINT('',(107.758646740723,121.399059855652,65.6664883346558));
#12100=CARTESIAN_POINT('Origin',(107.842361654663,124.413010812378,64.4274171215057));
#12101=CARTESIAN_POINT('',(107.842361654663,124.413010812378,64.4274171215057));
#12102=CARTESIAN_POINT('',(107.842361654663,124.413010812378,64.4274171215057));
#12103=CARTESIAN_POINT('',(107.758646740723,121.399059855652,65.6664883346558));
#12104=CARTESIAN_POINT('Origin',(108.545619472504,122.487431575012,65.2646246395111));
#12105=CARTESIAN_POINT('',(107.842361654663,124.413010812378,64.4274171215057));
#12106=CARTESIAN_POINT('Origin',(107.842361654663,118.401863557434,64.4274171215057));
#12107=CARTESIAN_POINT('',(107.758646740723,121.399059855652,65.6664883346558));
#12108=CARTESIAN_POINT('',(107.842361654663,118.401863557434,64.4274171215057));
#12109=CARTESIAN_POINT('Origin',(108.512129615021,121.399059855652,65.7167231208801));
#12110=CARTESIAN_POINT('',(107.842361654663,118.401863557434,64.4274171215057));
#12111=CARTESIAN_POINT('Origin',(108.528874543762,120.662321910095,65.3985792045593));
#12112=CARTESIAN_POINT('',(107.842361654663,118.401863557434,64.4274171215057));
#12113=CARTESIAN_POINT('Origin',(108.562364401245,120.076278593445,65.1641599319458));
#12114=CARTESIAN_POINT('Origin',(108.545619472504,122.638126203918,65.1976497894287));
#12115=CARTESIAN_POINT('',(107.842361654663,124.413010812378,64.4274171215057));
#12116=CARTESIAN_POINT('Origin',(108.646089044952,124.312560699463,64.5111369003296));
#12117=CARTESIAN_POINT('',(107.842361654663,124.413010812378,64.4274171215057));
#12118=CARTESIAN_POINT('Origin',(107.842361654663,124.413010812378,64.4274171215057));
#12119=CARTESIAN_POINT('',(108.646089044952,124.413010812378,64.4776519077301));
#12120=CARTESIAN_POINT('',(107.842361654663,124.413010812378,64.4274171215057));
#12121=CARTESIAN_POINT('Origin',(108.646089044952,124.413010812378,64.4776519077301));
#12122=CARTESIAN_POINT('Origin',(103.723294049835,135.61491084137,81.590195565033));
#12123=CARTESIAN_POINT('',(103.723294049835,135.61491084137,81.590195565033));
#12124=CARTESIAN_POINT('',(103.723294049835,135.61491084137,81.590195565033));
#12125=CARTESIAN_POINT('Origin',(105.766087788391,121.968367973328,80.233924445343));
#12126=CARTESIAN_POINT('Origin',(103.723294049835,135.61491084137,81.590195565033));
#12127=CARTESIAN_POINT('',(103.723294049835,135.61491084137,81.590195565033));
#12128=CARTESIAN_POINT('Origin',(103.723294049835,135.61491084137,81.590195565033));
#12129=CARTESIAN_POINT('',(103.723294049835,135.61491084137,81.590195565033));
#12130=CARTESIAN_POINT('Origin',(106.285161119843,134.894908094788,81.539965643692));
#12131=CARTESIAN_POINT('',(103.723294049835,135.61491084137,81.590195565033));
#12132=CARTESIAN_POINT('Origin',(113.401473671722,134.275374920654,91.5697352554321));
#12133=CARTESIAN_POINT('',(113.401473671722,134.275374920654,91.5697352554321));
#12134=CARTESIAN_POINT('',(109.78468582077,136.217689356995,90.2636891921997));
#12135=CARTESIAN_POINT('',(113.401473671722,134.275374920654,91.5697352554321));
#12136=CARTESIAN_POINT('Origin',(109.985615235901,135.631646040344,90.3474041061401));
#12137=CARTESIAN_POINT('',(109.985615235901,135.631646040344,90.3474041061401));
#12138=CARTESIAN_POINT('',(109.78468582077,136.217689356995,90.2636891921997));
#12139=CARTESIAN_POINT('',(109.985615235901,135.631646040344,90.3474041061401));
#12140=CARTESIAN_POINT('Origin',(109.78468582077,136.217689356995,90.2636891921997));
#12141=CARTESIAN_POINT('',(108.947478302765,135.882819971466,88.1874055961609));
#12142=CARTESIAN_POINT('',(106.285161119843,134.894908094788,81.539965643692));
#12143=CARTESIAN_POINT('',(108.947478302765,135.882819971466,88.1874055961609));
#12144=CARTESIAN_POINT('Origin',(109.78468582077,136.217689356995,90.2636891921997));
#12145=CARTESIAN_POINT('',(109.78468582077,135.715370684052,90.2636891921997));
#12146=CARTESIAN_POINT('',(109.78468582077,135.715370684052,90.2636891921997));
#12147=CARTESIAN_POINT('',(109.78468582077,135.715370684052,90.2636891921997));
#12148=CARTESIAN_POINT('Origin',(109.78468582077,136.217689356995,90.2636891921997));
#12149=CARTESIAN_POINT('',(109.181897575378,135.882819971466,88.7734586425781));
#12150=CARTESIAN_POINT('',(108.947478302765,135.882819971466,88.1874055961609));
#12151=CARTESIAN_POINT('',(109.181897575378,135.882819971466,88.7734586425781));
#12152=CARTESIAN_POINT('Origin',(109.78468582077,135.715370684052,90.2636891921997));
#12153=CARTESIAN_POINT('',(109.181897575378,135.882819971466,88.7734586425781));
#12154=CARTESIAN_POINT('Origin',(113.401473671722,136.20095415802,91.5697352554321));
#12155=CARTESIAN_POINT('',(114.925194078827,133.722821461487,92.1557785720825));
#12156=CARTESIAN_POINT('',(114.925194078827,133.722821461487,92.1557785720825));
#12157=CARTESIAN_POINT('',(113.401473671722,136.20095415802,91.5697352554321));
#12158=CARTESIAN_POINT('Origin',(114.590305233765,133.806536375427,92.0385738006592));
#12159=CARTESIAN_POINT('',(114.590305233765,133.806536375427,92.0385738006592));
#12160=CARTESIAN_POINT('',(113.401473671722,136.20095415802,91.5697352554321));
#12161=CARTESIAN_POINT('',(114.590305233765,133.806536375427,92.0385738006592));
#12162=CARTESIAN_POINT('Origin',(113.401473671722,136.20095415802,91.5697352554321));
#12163=CARTESIAN_POINT('',(113.401473671722,134.275374920654,91.5697352554321));
#12164=CARTESIAN_POINT('Origin',(108.009810942078,117.146042550659,61.4134612998962));
#12165=CARTESIAN_POINT('',(108.009810942078,118.334883842468,61.4134612998962));
#12166=CARTESIAN_POINT('',(108.009810942078,118.334883842468,61.4134612998962));
#12167=CARTESIAN_POINT('',(108.009810942078,117.146042550659,61.4134612998962));
#12168=CARTESIAN_POINT('Origin',(108.009810942078,117.146042550659,61.4134612998962));
#12169=CARTESIAN_POINT('',(107.875851512146,119.239071075439,63.5902144683838));
#12170=CARTESIAN_POINT('',(107.875851512146,119.239071075439,63.5902144683838));
#12171=CARTESIAN_POINT('',(107.875851512146,119.239071075439,63.5902144683838));
#12172=CARTESIAN_POINT('Origin',(107.842361654663,118.401863557434,64.4274171215057));
#12173=CARTESIAN_POINT('',(107.842361654663,118.401863557434,64.4274171215057));
#12174=CARTESIAN_POINT('Origin',(107.842361654663,118.401863557434,64.4274171215057));
#12175=CARTESIAN_POINT('',(107.825616725922,121.399059855652,64.4943919715881));
#12176=CARTESIAN_POINT('',(107.825616725922,121.399059855652,64.4943919715881));
#12177=CARTESIAN_POINT('',(107.825616725922,121.399059855652,64.4943919715881));
#12178=CARTESIAN_POINT('Origin',(107.758646740723,121.399059855652,65.6664883346558));
#12179=CARTESIAN_POINT('',(107.758646740723,121.399059855652,65.6664883346558));
#12180=CARTESIAN_POINT('Origin',(108.177250499725,118.401863557434,58.4162552719116));
#12181=CARTESIAN_POINT('',(108.127015713501,119.239071075439,59.253462789917));
#12182=CARTESIAN_POINT('',(108.127015713501,119.239071075439,59.253462789917));
#12183=CARTESIAN_POINT('',(108.127015713501,119.239071075439,59.253462789917));
#12184=CARTESIAN_POINT('Origin',(108.177250499725,118.401863557434,58.4162552719116));
#12185=CARTESIAN_POINT('',(108.009810942078,118.334883842468,61.4134612998962));
#12186=CARTESIAN_POINT('Origin',(108.244220484924,121.399059855652,57.1771840587616));
#12187=CARTESIAN_POINT('',(108.177250499725,121.399059855652,58.3492755569458));
#12188=CARTESIAN_POINT('',(108.177250499725,121.399059855652,58.3492755569458));
#12189=CARTESIAN_POINT('',(108.177250499725,121.399059855652,58.3492755569458));
#12190=CARTESIAN_POINT('Origin',(108.244220484924,121.399059855652,57.1771840587616));
#12191=CARTESIAN_POINT('',(108.127015713501,119.239071075439,59.253462789917));
#12192=CARTESIAN_POINT('Origin',(108.177250499725,124.413010812378,58.4162552719116));
#12193=CARTESIAN_POINT('',(108.127015713501,123.575813024139,59.253462789917));
#12194=CARTESIAN_POINT('',(108.009810942078,125.652096620178,61.4134612998962));
#12195=CARTESIAN_POINT('',(108.127015713501,123.575813024139,59.253462789917));
#12196=CARTESIAN_POINT('Origin',(108.177250499725,124.413010812378,58.4162552719116));
#12197=CARTESIAN_POINT('',(108.127015713501,123.575813024139,59.253462789917));
#12198=CARTESIAN_POINT('Origin',(108.009810942078,125.652096620178,61.4134612998962));
#12199=CARTESIAN_POINT('',(108.009810942078,124.479990527344,61.4134612998962));
#12200=CARTESIAN_POINT('',(108.009810942078,124.479990527344,61.4134612998962));
#12201=CARTESIAN_POINT('',(108.009810942078,124.479990527344,61.4134612998962));
#12202=CARTESIAN_POINT('Origin',(108.009810942078,125.652096620178,61.4134612998962));
#12203=CARTESIAN_POINT('',(107.842361654663,124.413010812378,64.4274171215057));
#12204=CARTESIAN_POINT('',(107.842361654663,124.413010812378,64.4274171215057));
#12205=CARTESIAN_POINT('Origin',(108.746548887634,124.915339215088,63.272070552063));
#12206=CARTESIAN_POINT('',(107.842361654663,124.413010812378,64.4274171215057));
#12207=CARTESIAN_POINT('Origin',(108.69631410141,124.630694886017,63.9585834411621));
#12208=CARTESIAN_POINT('Origin',(103.723294049835,135.61491084137,81.590195565033));
#12209=CARTESIAN_POINT('',(103.723294049835,135.61491084137,81.590195565033));
#12210=CARTESIAN_POINT('Origin',(126.445189375305,124.697674600983,91.9715940856934));
#12211=CARTESIAN_POINT('',(126.445189375305,124.697674600983,91.9715940856934));
#12212=CARTESIAN_POINT('',(122.259142055511,128.180464102936,93.4785598342896));
#12213=CARTESIAN_POINT('',(126.445189375305,124.697674600983,91.9715940856934));
#12214=CARTESIAN_POINT('Origin',(122.259142055511,128.180464102936,93.4785598342896));
#12215=CARTESIAN_POINT('',(120.199613117981,125.116278359985,94.2153172393799));
#12216=CARTESIAN_POINT('',(120.199613117981,125.116278359985,94.2153172393799));
#12217=CARTESIAN_POINT('Origin',(124.887969380951,125.384187490082,92.5241475448608));
#12218=CARTESIAN_POINT('',(124.887969380951,125.384187490082,92.5241475448608));
#12219=CARTESIAN_POINT('',(122.259142055511,128.180464102936,93.4785598342896));
#12220=CARTESIAN_POINT('',(124.887969380951,125.384187490082,92.5241475448608));
#12221=CARTESIAN_POINT('Origin',(122.125192355347,123.425118395233,93.5288043502808));
#12222=CARTESIAN_POINT('',(122.125192355347,123.425118395233,93.5288043502808));
#12223=CARTESIAN_POINT('',(120.199613117981,125.116278359985,94.2153172393799));
#12224=CARTESIAN_POINT('',(122.125192355347,123.425118395233,93.5288043502808));
#12225=CARTESIAN_POINT('Origin',(124.034026663971,125.015808787537,92.8422914611816));
#12226=CARTESIAN_POINT('',(124.034026663971,125.015808787537,92.8422914611816));
#12227=CARTESIAN_POINT('',(122.259142055511,128.180464102936,93.4785598342896));
#12228=CARTESIAN_POINT('',(124.034026663971,125.015808787537,92.8422914611816));
#12229=CARTESIAN_POINT('Origin',(122.259142055511,128.180464102936,93.4785598342896));
#12230=CARTESIAN_POINT('',(122.476816399384,124.329295898438,93.394854650116));
#12231=CARTESIAN_POINT('',(122.125192355347,123.425118395233,93.5288043502808));
#12232=CARTESIAN_POINT('',(122.259142055511,128.180464102936,93.4785598342896));
#12233=CARTESIAN_POINT('Origin',(123.180074217224,124.630694886017,93.1436807189941));
#12234=CARTESIAN_POINT('',(123.180074217224,124.630694886017,93.1436807189941));
#12235=CARTESIAN_POINT('',(122.259142055511,128.180464102936,93.4785598342896));
#12236=CARTESIAN_POINT('',(123.180074217224,124.630694886017,93.1436807189941));
#12237=CARTESIAN_POINT('Origin',(122.476816399384,124.329295898438,93.394854650116));
#12238=CARTESIAN_POINT('',(122.476816399384,124.329295898438,93.394854650116));
#12239=CARTESIAN_POINT('Origin',(127.650765866089,123.39162853775,91.5362453979492));
#12240=CARTESIAN_POINT('',(127.299141822052,124.329295898438,91.670195098114));
#12241=CARTESIAN_POINT('',(127.650765866089,123.39162853775,91.5362453979492));
#12242=CARTESIAN_POINT('Origin',(127.299141822052,124.329295898438,91.670195098114));
#12243=CARTESIAN_POINT('',(127.55029629364,124.329295898438,92.3734529159546));
#12244=CARTESIAN_POINT('',(127.55029629364,124.329295898438,92.3734529159546));
#12245=CARTESIAN_POINT('',(127.299141822052,124.329295898438,91.670195098114));
#12246=CARTESIAN_POINT('Origin',(126.445189375305,124.697674600983,91.9715940856934));
#12247=CARTESIAN_POINT('',(126.445189375305,124.697674600983,91.9715940856934));
#12248=CARTESIAN_POINT('Origin',(116.080545513153,133.521892046356,93.863693195343));
#12249=CARTESIAN_POINT('',(116.080545513153,133.521892046356,93.863693195343));
#12250=CARTESIAN_POINT('',(114.925194078827,133.722821461487,92.1557785720825));
#12251=CARTESIAN_POINT('',(116.080545513153,133.521892046356,93.863693195343));
#12252=CARTESIAN_POINT('Origin',(120.199613117981,125.116278359985,94.2153172393799));
#12253=CARTESIAN_POINT('',(116.080545513153,133.521892046356,93.863693195343));
#12254=CARTESIAN_POINT('Origin',(127.935419924927,122.68837071991,91.4357758255005));
#12255=CARTESIAN_POINT('Origin',(125.139143312073,118.150699356079,93.2441502914429));
#12256=CARTESIAN_POINT('',(125.139143312073,118.150699356079,93.2441502914429));
#12257=CARTESIAN_POINT('Origin',(127.55029629364,119.222326146698,92.3734529159546));
#12258=CARTESIAN_POINT('',(126.696343846893,120.126513379669,92.6915968322754));
#12259=CARTESIAN_POINT('',(125.139143312073,118.150699356079,93.2441502914429));
#12260=CARTESIAN_POINT('',(126.696343846893,120.126513379669,92.6915968322754));
#12261=CARTESIAN_POINT('Origin',(127.55029629364,119.222326146698,92.3734529159546));
#12262=CARTESIAN_POINT('',(127.332631679535,121.767438558197,92.4571775596619));
#12263=CARTESIAN_POINT('',(126.696343846893,120.126513379669,92.6915968322754));
#12264=CARTESIAN_POINT('',(127.332631679535,121.767438558197,92.4571775596619));
#12265=CARTESIAN_POINT('Origin',(128.538256819153,121.767438558197,92.0218288719177));
#12266=CARTESIAN_POINT('',(127.332631679535,121.767438558197,92.4571775596619));
#12267=CARTESIAN_POINT('Origin',(128.538256819153,121.767438558197,92.0218288719177));
#12268=CARTESIAN_POINT('',(126.696343846893,123.425118395233,92.6915968322754));
#12269=CARTESIAN_POINT('',(126.696343846893,123.425118395233,92.6915968322754));
#12270=CARTESIAN_POINT('',(126.696343846893,123.425118395233,92.6915968322754));
#12271=CARTESIAN_POINT('Origin',(127.55029629364,124.329295898438,92.3734529159546));
#12272=CARTESIAN_POINT('',(126.696343846893,123.425118395233,92.6915968322754));
#12273=CARTESIAN_POINT('Origin',(116.181005355835,110.314452165985,93.7967037506104));
#12274=CARTESIAN_POINT('',(110.906547397614,108.388872928619,98.3511297729492));
#12275=CARTESIAN_POINT('Origin',(117.487051419067,121.851153472137,93.1604353775025));
#12276=CARTESIAN_POINT('',(117.487051419067,121.851153472137,93.1604353775025));
#12277=CARTESIAN_POINT('',(117.487051419067,121.851153472137,93.1604353775025));
#12278=CARTESIAN_POINT('',(117.101927787781,113.395382837677,93.0097310188293));
#12279=CARTESIAN_POINT('Origin',(117.135427375031,116.241865047455,93.0264759475708));
#12280=CARTESIAN_POINT('',(117.135427375031,116.241865047455,93.0264759475708));
#12281=CARTESIAN_POINT('',(117.135427375031,116.241865047455,93.0264759475708));
#12282=CARTESIAN_POINT('',(117.101927787781,113.395382837677,93.0097310188293));
#12283=CARTESIAN_POINT('Origin',(117.101927787781,113.395382837677,93.0097310188293));
#12284=CARTESIAN_POINT('',(110.906547397614,108.388872928619,98.3511297729492));
#12285=CARTESIAN_POINT('Origin',(123.33076884613,118.837202515411,93.0934556625366));
#12286=CARTESIAN_POINT('',(122.727970870972,119.222326146698,94.0981027381897));
#12287=CARTESIAN_POINT('',(122.476816399384,119.222326146698,93.394854650116));
#12288=CARTESIAN_POINT('',(122.727970870972,119.222326146698,94.0981027381897));
#12289=CARTESIAN_POINT('Origin',(122.727970870972,119.222326146698,94.0981027381897));
#12290=CARTESIAN_POINT('',(122.727970870972,119.222326146698,94.0981027381897));
#12291=CARTESIAN_POINT('Origin',(118.307514008331,128.180464102936,93.4785598342896));
#12292=CARTESIAN_POINT('',(117.754960549164,129.101386534882,93.2608952201843));
#12293=CARTESIAN_POINT('',(116.080545513153,133.521892046356,93.863693195343));
#12294=CARTESIAN_POINT('',(117.754960549164,129.101386534882,93.2608952201843));
#12295=CARTESIAN_POINT('',(116.080545513153,133.521892046356,93.863693195343));
#12296=CARTESIAN_POINT('Origin',(120.199613117981,125.116278359985,94.2153172393799));
#12297=CARTESIAN_POINT('Origin',(117.754960549164,129.101386534882,93.2608952201843));
#12298=CARTESIAN_POINT('',(117.503796347809,124.781389514923,93.1771705764771));
#12299=CARTESIAN_POINT('',(117.503796347809,124.781389514923,93.1771705764771));
#12300=CARTESIAN_POINT('',(117.503796347809,124.781389514923,93.1771705764771));
#12301=CARTESIAN_POINT('Origin',(117.503796347809,124.781389514923,93.1771705764771));
#12302=CARTESIAN_POINT('',(117.487051419067,121.851153472137,93.1604353775025));
#12303=CARTESIAN_POINT('Origin',(121.488914252472,121.767438558197,93.7464786941528));
#12304=CARTESIAN_POINT('',(121.488914252472,121.767438558197,93.7464786941528));
#12305=CARTESIAN_POINT('Origin',(121.840528566742,120.879996253967,93.6292739227295));
#12306=CARTESIAN_POINT('',(121.740078453827,121.767438558197,94.4497365119934));
#12307=CARTESIAN_POINT('',(121.488914252472,121.767438558197,93.7464786941528));
#12308=CARTESIAN_POINT('',(121.740078453827,121.767438558197,94.4497365119934));
#12309=CARTESIAN_POINT('Origin',(122.125192355347,123.425118395233,93.5288043502808));
#12310=CARTESIAN_POINT('',(121.740078453827,121.767438558197,94.4497365119934));
#12311=CARTESIAN_POINT('Origin',(122.727970870972,119.222326146698,94.0981027381897));
#12312=CARTESIAN_POINT('',(121.840528566742,120.879996253967,93.6292739227295));
#12313=CARTESIAN_POINT('',(121.740078453827,121.767438558197,94.4497365119934));
#12314=CARTESIAN_POINT('Origin',(121.840528566742,120.879996253967,93.6292739227295));
#12315=CARTESIAN_POINT('Origin',(125.139143312073,118.150699356079,93.2441502914429));
#12316=CARTESIAN_POINT('',(125.139143312073,119.44000049057,93.2441502914429));
#12317=CARTESIAN_POINT('',(122.727970870972,119.222326146698,94.0981027381897));
#12318=CARTESIAN_POINT('',(125.139143312073,118.150699356079,93.2441502914429));
#12319=CARTESIAN_POINT('Origin',(125.139143312073,118.150699356079,93.2441502914429));
#12320=CARTESIAN_POINT('',(125.139143312073,119.44000049057,93.2441502914429));
#12321=CARTESIAN_POINT('Origin',(104.878645484161,134.593509107208,82.05903411026));
#12322=CARTESIAN_POINT('',(104.878645484161,134.593509107208,82.05903411026));
#12323=CARTESIAN_POINT('Origin',(104.878645484161,109.376784805298,82.05903411026));
#12324=CARTESIAN_POINT('',(104.878645484161,109.376784805298,82.05903411026));
#12325=CARTESIAN_POINT('',(110.906547397614,108.388872928619,98.3511297729492));
#12326=CARTESIAN_POINT('Origin',(106.502825733948,111.051199841309,85.8432225997925));
#12327=CARTESIAN_POINT('',(104.878645484161,109.376784805298,82.05903411026));
#12328=CARTESIAN_POINT('Origin',(106.402365891266,111.151669413757,85.6255482559204));
#12329=CARTESIAN_POINT('',(104.878645484161,109.376784805298,82.05903411026));
#12330=CARTESIAN_POINT('Origin',(106.368876033783,111.704222872925,85.5585685409546));
#12331=CARTESIAN_POINT('',(104.878645484161,109.376784805298,82.05903411026));
#12332=CARTESIAN_POINT('Origin',(106.368876033783,111.854917501831,85.5585685409546));
#12333=CARTESIAN_POINT('',(104.878645484161,109.376784805298,82.05903411026));
#12334=CARTESIAN_POINT('Origin',(106.385620962524,112.357245904541,85.5585685409546));
#12335=CARTESIAN_POINT('',(104.878645484161,109.376784805298,82.05903411026));
#12336=CARTESIAN_POINT('Origin',(106.385620962524,112.507940533447,85.5585685409546));
#12337=CARTESIAN_POINT('',(104.878645484161,109.376784805298,82.05903411026));
#12338=CARTESIAN_POINT('Origin',(106.770734864044,114.500470296478,86.4962456314087));
#12339=CARTESIAN_POINT('',(104.878645484161,109.376784805298,82.05903411026));
#12340=CARTESIAN_POINT('Origin',(106.703755149078,115.136738669586,86.328806073761));
#12341=CARTESIAN_POINT('',(104.878645484161,109.376784805298,82.05903411026));
#12342=CARTESIAN_POINT('Origin',(106.603295306396,116.225120118713,86.0608969436645));
#12343=CARTESIAN_POINT('',(104.878645484161,109.376784805298,82.05903411026));
#12344=CARTESIAN_POINT('Origin',(106.653530092621,116.894888079071,86.2115915725708));
#12345=CARTESIAN_POINT('',(104.878645484161,109.376784805298,82.05903411026));
#12346=CARTESIAN_POINT('Origin',(106.770734864044,118.016749655914,86.4962456314087));
#12347=CARTESIAN_POINT('',(104.878645484161,109.376784805298,82.05903411026));
#12348=CARTESIAN_POINT('Origin',(107.088878780365,119.992553949738,87.2329933067322));
#12349=CARTESIAN_POINT('Origin',(111.224681584167,134.593509107208,96.8608992233276));
#12350=CARTESIAN_POINT('',(104.878645484161,134.593509107208,82.05903411026));
#12351=CARTESIAN_POINT('',(103.723294049835,135.61491084137,81.590195565033));
#12352=CARTESIAN_POINT('Origin',(104.878645484161,134.593509107208,82.05903411026));
#12353=CARTESIAN_POINT('',(104.878645484161,134.593509107208,82.05903411026));
#12354=CARTESIAN_POINT('Origin',(104.878645484161,134.593509107208,82.05903411026));
#12355=CARTESIAN_POINT('Origin',(110.906547397614,108.388872928619,98.3511297729492));
#12356=CARTESIAN_POINT('',(110.906547397614,135.61491084137,98.3511297729492));
#12357=CARTESIAN_POINT('',(110.906547397614,108.388872928619,98.3511297729492));
#12358=CARTESIAN_POINT('',(110.906547397614,135.61491084137,98.3511297729492));
#12359=CARTESIAN_POINT('Origin',(110.906547397614,135.61491084137,98.3511297729492));
#12360=CARTESIAN_POINT('',(111.291661299133,121.985103172302,99.1715826324463));
#12361=CARTESIAN_POINT('',(110.906547397614,108.388872928619,98.3511297729492));
#12362=CARTESIAN_POINT('',(110.906547397614,135.61491084137,98.3511297729492));
#12363=CARTESIAN_POINT('Origin',(111.291661299133,121.985103172302,99.1715826324463));
#12364=CARTESIAN_POINT('',(111.291661299133,121.985103172302,99.1715826324463));
#12365=CARTESIAN_POINT('Origin',(110.906547397614,135.61491084137,98.3511297729492));
#12366=CARTESIAN_POINT('',(110.906547397614,135.61491084137,98.3511297729492));
#12367=CARTESIAN_POINT('',(103.723294049835,135.61491084137,81.590195565033));
#12368=CARTESIAN_POINT('Origin',(103.723294049835,135.61491084137,81.590195565033));
#12369=CARTESIAN_POINT('',(107.239573409271,136.736772418213,89.6943908042908));
#12370=CARTESIAN_POINT('',(107.239573409271,136.736772418213,89.6943908042908));
#12371=CARTESIAN_POINT('',(103.723294049835,135.61491084137,81.590195565033));
#12372=CARTESIAN_POINT('Origin',(108.947478302765,135.882819971466,88.1874055961609));
#12373=CARTESIAN_POINT('',(107.239573409271,136.736772418213,89.6943908042908));
#12374=CARTESIAN_POINT('Origin',(107.758646740723,121.399059855652,65.6664883346558));
#12375=CARTESIAN_POINT('',(107.875851512146,123.575813024139,63.5902144683838));
#12376=CARTESIAN_POINT('',(107.825616725922,121.399059855652,64.4943919715881));
#12377=CARTESIAN_POINT('',(107.758646740723,121.399059855652,65.6664883346558));
#12378=CARTESIAN_POINT('Origin',(107.842361654663,124.413010812378,64.4274171215057));
#12379=CARTESIAN_POINT('',(107.842361654663,124.413010812378,64.4274171215057));
#12380=CARTESIAN_POINT('Origin',(107.842361654663,124.413010812378,64.4274171215057));
#12381=CARTESIAN_POINT('',(107.875851512146,123.575813024139,63.5902144683838));
#12382=CARTESIAN_POINT('Origin',(113.401473671722,134.275374920654,91.5697352554321));
#12383=CARTESIAN_POINT('',(107.239573409271,136.736772418213,89.6943908042908));
#12384=CARTESIAN_POINT('',(107.239573409271,136.736772418213,89.6943908042908));
#12385=CARTESIAN_POINT('Origin',(109.985615235901,135.631646040344,90.3474041061401));
#12386=CARTESIAN_POINT('',(107.239573409271,136.736772418213,89.6943908042908));
#12387=CARTESIAN_POINT('Origin',(109.78468582077,135.715370684052,90.2636891921997));
#12388=CARTESIAN_POINT('',(107.239573409271,136.736772418213,89.6943908042908));
#12389=CARTESIAN_POINT('Origin',(109.181897575378,135.882819971466,88.7734586425781));
#12390=CARTESIAN_POINT('',(107.239573409271,136.736772418213,89.6943908042908));
#12391=CARTESIAN_POINT('Origin',(107.239573409271,136.736772418213,89.6943908042908));
#12392=CARTESIAN_POINT('Origin',(114.925194078827,133.722821461487,92.1557785720825));
#12393=CARTESIAN_POINT('',(114.590305233765,133.806536375427,92.0385738006592));
#12394=CARTESIAN_POINT('Origin',(114.590305233765,133.806536375427,92.0385738006592));
#12395=CARTESIAN_POINT('',(110.906547397614,135.61491084137,98.3511297729492));
#12396=CARTESIAN_POINT('Origin',(116.080545513153,133.521892046356,93.863693195343));
#12397=CARTESIAN_POINT('',(110.906547397614,135.61491084137,98.3511297729492));
#12398=CARTESIAN_POINT('Origin',(106.854459507751,119.239071075439,63.539974817276));
#12399=CARTESIAN_POINT('',(106.971664279175,118.334883842468,61.3632265136719));
#12400=CARTESIAN_POINT('',(106.971664279175,118.334883842468,61.3632265136719));
#12401=CARTESIAN_POINT('',(106.854459507751,119.239071075439,63.539974817276));
#12402=CARTESIAN_POINT('',(106.854459507751,119.239071075439,63.539974817276));
#12403=CARTESIAN_POINT('',(106.854459507751,119.239071075439,63.539974817276));
#12404=CARTESIAN_POINT('Origin',(108.127015713501,119.239071075439,59.253462789917));
#12405=CARTESIAN_POINT('',(106.971664279175,118.334883842468,61.3632265136719));
#12406=CARTESIAN_POINT('Origin',(108.009810942078,118.334883842468,61.4134612998962));
#12407=CARTESIAN_POINT('',(106.854459507751,119.239071075439,63.539974817276));
#12408=CARTESIAN_POINT('Origin',(106.804224721527,121.399059855652,64.4274171215057));
#12409=CARTESIAN_POINT('',(106.804224721527,121.399059855652,64.4274171215057));
#12410=CARTESIAN_POINT('',(106.804224721527,121.399059855652,64.4274171215057));
#12411=CARTESIAN_POINT('',(106.804224721527,121.399059855652,64.4274171215057));
#12412=CARTESIAN_POINT('Origin',(106.854459507751,119.239071075439,63.539974817276));
#12413=CARTESIAN_POINT('',(106.804224721527,121.399059855652,64.4274171215057));
#12414=CARTESIAN_POINT('Origin',(106.804224721527,121.399059855652,64.4274171215057));
#12415=CARTESIAN_POINT('',(106.854459507751,123.575813024139,63.539974817276));
#12416=CARTESIAN_POINT('',(106.854459507751,123.575813024139,63.539974817276));
#12417=CARTESIAN_POINT('',(106.804224721527,121.399059855652,64.4274171215057));
#12418=CARTESIAN_POINT('Origin',(106.854459507751,123.575813024139,63.539974817276));
#12419=CARTESIAN_POINT('',(106.854459507751,123.575813024139,63.539974817276));
#12420=CARTESIAN_POINT('Origin',(106.971664279175,118.334883842468,61.3632265136719));
#12421=CARTESIAN_POINT('',(107.105623709106,119.239071075439,59.2032328685761));
#12422=CARTESIAN_POINT('',(107.105623709106,119.239071075439,59.2032328685761));
#12423=CARTESIAN_POINT('',(106.971664279175,118.334883842468,61.3632265136719));
#12424=CARTESIAN_POINT('Origin',(107.105623709106,119.239071075439,59.2032328685761));
#12425=CARTESIAN_POINT('',(107.105623709106,119.239071075439,59.2032328685761));
#12426=CARTESIAN_POINT('Origin',(108.177250499725,121.399059855652,58.3492755569458));
#12427=CARTESIAN_POINT('',(107.155858495331,121.399059855652,58.2990456356049));
#12428=CARTESIAN_POINT('',(107.155858495331,121.399059855652,58.2990456356049));
#12429=CARTESIAN_POINT('',(107.155858495331,121.399059855652,58.2990456356049));
#12430=CARTESIAN_POINT('Origin',(108.177250499725,121.399059855652,58.3492755569458));
#12431=CARTESIAN_POINT('',(107.105623709106,119.239071075439,59.2032328685761));
#12432=CARTESIAN_POINT('Origin',(107.105623709106,123.575813024139,59.2032328685761));
#12433=CARTESIAN_POINT('',(107.105623709106,123.575813024139,59.2032328685761));
#12434=CARTESIAN_POINT('',(107.105623709106,123.575813024139,59.2032328685761));
#12435=CARTESIAN_POINT('',(107.105623709106,123.575813024139,59.2032328685761));
#12436=CARTESIAN_POINT('Origin',(108.127015713501,123.575813024139,59.253462789917));
#12437=CARTESIAN_POINT('',(107.105623709106,123.575813024139,59.2032328685761));
#12438=CARTESIAN_POINT('Origin',(108.009810942078,124.479990527344,61.4134612998962));
#12439=CARTESIAN_POINT('',(106.971664279175,124.479990527344,61.3632265136719));
#12440=CARTESIAN_POINT('',(106.971664279175,124.479990527344,61.3632265136719));
#12441=CARTESIAN_POINT('',(106.971664279175,124.479990527344,61.3632265136719));
#12442=CARTESIAN_POINT('Origin',(106.971664279175,124.479990527344,61.3632265136719));
#12443=CARTESIAN_POINT('',(106.971664279175,124.479990527344,61.3632265136719));
#12444=CARTESIAN_POINT('Origin',(127.55029629364,124.329295898438,92.3734529159546));
#12445=CARTESIAN_POINT('',(124.887969380951,125.384187490082,92.5241475448608));
#12446=CARTESIAN_POINT('Origin',(124.887969380951,125.384187490082,92.5241475448608));
#12447=CARTESIAN_POINT('',(125.139143312073,125.384187490082,93.2441502914429));
#12448=CARTESIAN_POINT('',(125.139143312073,125.384187490082,93.2441502914429));
#12449=CARTESIAN_POINT('',(124.887969380951,125.384187490082,92.5241475448608));
#12450=CARTESIAN_POINT('Origin',(124.034026663971,125.015808787537,92.8422914611816));
#12451=CARTESIAN_POINT('',(124.034026663971,125.015808787537,92.8422914611816));
#12452=CARTESIAN_POINT('Origin',(122.125192355347,123.425118395233,93.5288043502808));
#12453=CARTESIAN_POINT('',(122.727970870972,124.329295898438,94.0981027381897));
#12454=CARTESIAN_POINT('',(122.476816399384,124.329295898438,93.394854650116));
#12455=CARTESIAN_POINT('',(122.125192355347,123.425118395233,93.5288043502808));
#12456=CARTESIAN_POINT('Origin',(121.740078453827,121.767438558197,94.4497365119934));
#12457=CARTESIAN_POINT('',(121.740078453827,121.767438558197,94.4497365119934));
#12458=CARTESIAN_POINT('Origin',(123.180074217224,124.630694886017,93.1436807189941));
#12459=CARTESIAN_POINT('',(123.180074217224,124.630694886017,93.1436807189941));
#12460=CARTESIAN_POINT('Origin',(125.139143312073,125.384187490082,93.2441502914429));
#12461=CARTESIAN_POINT('',(122.476816399384,124.329295898438,93.394854650116));
#12462=CARTESIAN_POINT('Origin',(122.476816399384,124.329295898438,93.394854650116));
#12463=CARTESIAN_POINT('',(122.727970870972,124.329295898438,94.0981027381897));
#12464=CARTESIAN_POINT('Origin',(127.55029629364,124.329295898438,92.3734529159546));
#12465=CARTESIAN_POINT('',(125.139143312073,124.094876625824,93.2441502914429));
#12466=CARTESIAN_POINT('',(125.139143312073,124.094876625824,93.2441502914429));
#12467=CARTESIAN_POINT('',(125.139143312073,124.094876625824,93.2441502914429));
#12468=CARTESIAN_POINT('Origin',(125.139143312073,125.384187490082,93.2441502914429));
#12469=CARTESIAN_POINT('',(125.139143312073,124.094876625824,93.2441502914429));
#12470=CARTESIAN_POINT('Origin',(111.291661299133,121.985103172302,99.1715826324463));
#12471=CARTESIAN_POINT('',(111.291661299133,121.985103172302,99.1715826324463));
#12472=CARTESIAN_POINT('Origin',(117.754960549164,129.101386534882,93.2608952201843));
#12473=CARTESIAN_POINT('',(117.302866932678,129.838134210205,93.0934556625366));
#12474=CARTESIAN_POINT('',(116.080545513153,133.521892046356,93.863693195343));
#12475=CARTESIAN_POINT('',(117.302866932678,129.838134210205,93.0934556625366));
#12476=CARTESIAN_POINT('Origin',(116.080545513153,133.521892046356,93.863693195343));
#12477=CARTESIAN_POINT('',(111.291661299133,121.985103172302,99.1715826324463));
#12478=CARTESIAN_POINT('Origin',(126.696343846893,120.126513379669,92.6915968322754));
#12479=CARTESIAN_POINT('',(126.428444446564,120.293952937317,92.5074123458862));
#12480=CARTESIAN_POINT('',(125.139143312073,119.44000049057,93.2441502914429));
#12481=CARTESIAN_POINT('',(126.428444446564,120.293952937317,92.5074123458862));
#12482=CARTESIAN_POINT('Origin',(126.696343846893,120.126513379669,92.6915968322754));
#12483=CARTESIAN_POINT('',(126.997742834473,121.767438558197,92.2897282722473));
#12484=CARTESIAN_POINT('',(126.428444446564,120.293952937317,92.5074123458862));
#12485=CARTESIAN_POINT('',(126.696343846893,120.126513379669,92.6915968322754));
#12486=CARTESIAN_POINT('Origin',(127.332631679535,121.767438558197,92.4571775596619));
#12487=CARTESIAN_POINT('',(126.997742834473,121.767438558197,92.2897282722473));
#12488=CARTESIAN_POINT('Origin',(127.332631679535,121.767438558197,92.4571775596619));
#12489=CARTESIAN_POINT('',(126.428444446564,123.240924179077,92.5074123458862));
#12490=CARTESIAN_POINT('',(126.428444446564,123.240924179077,92.5074123458862));
#12491=CARTESIAN_POINT('',(126.428444446564,123.240924179077,92.5074123458862));
#12492=CARTESIAN_POINT('Origin',(126.696343846893,123.425118395233,92.6915968322754));
#12493=CARTESIAN_POINT('',(126.428444446564,123.240924179077,92.5074123458862));
#12494=CARTESIAN_POINT('Origin',(126.696343846893,123.425118395233,92.6915968322754));
#12495=CARTESIAN_POINT('',(125.038673739624,123.86045735321,92.9929860900879));
#12496=CARTESIAN_POINT('',(125.038673739624,123.86045735321,92.9929860900879));
#12497=CARTESIAN_POINT('',(125.038673739624,123.86045735321,92.9929860900879));
#12498=CARTESIAN_POINT('Origin',(125.139143312073,124.094876625824,93.2441502914429));
#12499=CARTESIAN_POINT('',(125.038673739624,123.86045735321,92.9929860900879));
#12500=CARTESIAN_POINT('Origin',(117.487051419067,121.851153472137,93.1604353775025));
#12501=CARTESIAN_POINT('',(111.291661299133,121.985103172302,99.1715826324463));
#12502=CARTESIAN_POINT('',(111.291661299133,121.985103172302,99.1715826324463));
#12503=CARTESIAN_POINT('Origin',(117.135427375031,116.241865047455,93.0264759475708));
#12504=CARTESIAN_POINT('Origin',(122.727970870972,119.222326146698,94.0981027381897));
#12505=CARTESIAN_POINT('',(123.581942777252,120.126513379669,93.7967037506104));
#12506=CARTESIAN_POINT('',(121.740078453827,121.767438558197,94.4497365119934));
#12507=CARTESIAN_POINT('',(122.727970870972,119.222326146698,94.0981027381897));
#12508=CARTESIAN_POINT('Origin',(122.727970870972,119.222326146698,94.0981027381897));
#12509=CARTESIAN_POINT('',(123.581942777252,120.126513379669,93.7967037506104));
#12510=CARTESIAN_POINT('Origin',(117.420071704102,128.113474658203,93.1269357902527));
#12511=CARTESIAN_POINT('',(117.420071704102,128.113474658203,93.1269357902527));
#12512=CARTESIAN_POINT('',(117.302866932678,129.838134210205,93.0934556625366));
#12513=CARTESIAN_POINT('',(117.420071704102,128.113474658203,93.1269357902527));
#12514=CARTESIAN_POINT('Origin',(117.52054127655,126.422324423218,93.1771705764771));
#12515=CARTESIAN_POINT('',(117.52054127655,126.422324423218,93.1771705764771));
#12516=CARTESIAN_POINT('',(117.420071704102,128.113474658203,93.1269357902527));
#12517=CARTESIAN_POINT('',(117.52054127655,126.422324423218,93.1771705764771));
#12518=CARTESIAN_POINT('Origin',(117.52054127655,126.422324423218,93.1771705764771));
#12519=CARTESIAN_POINT('',(117.503796347809,124.781389514923,93.1771705764771));
#12520=CARTESIAN_POINT('Origin',(117.503796347809,124.781389514923,93.1771705764771));
#12521=CARTESIAN_POINT('',(111.291661299133,121.985103172302,99.1715826324463));
#12522=CARTESIAN_POINT('Origin',(121.740078453827,121.767438558197,94.4497365119934));
#12523=CARTESIAN_POINT('',(122.945654944611,121.767438558197,94.0311230232239));
#12524=CARTESIAN_POINT('',(122.727970870972,124.329295898438,94.0981027381897));
#12525=CARTESIAN_POINT('',(121.740078453827,121.767438558197,94.4497365119934));
#12526=CARTESIAN_POINT('Origin',(121.740078453827,121.767438558197,94.4497365119934));
#12527=CARTESIAN_POINT('',(122.945654944611,121.767438558197,94.0311230232239));
#12528=CARTESIAN_POINT('Origin',(125.139143312073,119.44000049057,93.2441502914429));
#12529=CARTESIAN_POINT('',(125.038673739624,119.691154962158,92.9929860900879));
#12530=CARTESIAN_POINT('',(123.581942777252,120.126513379669,93.7967037506104));
#12531=CARTESIAN_POINT('',(125.038673739624,119.691154962158,92.9929860900879));
#12532=CARTESIAN_POINT('Origin',(125.139143312073,119.44000049057,93.2441502914429));
#12533=CARTESIAN_POINT('',(125.038673739624,119.691154962158,92.9929860900879));
#12534=CARTESIAN_POINT('Origin',(111.224681584167,109.393529734039,96.8608992233276));
#12535=CARTESIAN_POINT('Origin',(117.302866932678,129.838134210205,93.0934556625366));
#12536=CARTESIAN_POINT('',(111.291661299133,121.985103172302,99.1715826324463));
#12537=CARTESIAN_POINT('Origin',(117.420071704102,128.113474658203,93.1269357902527));
#12538=CARTESIAN_POINT('Origin',(106.854459507751,123.575813024139,63.539974817276));
#12539=CARTESIAN_POINT('',(106.854459507751,123.575813024139,63.539974817276));
#12540=CARTESIAN_POINT('Origin',(106.804224721527,121.399059855652,64.4274171215057));
#12541=CARTESIAN_POINT('',(106.804224721527,121.399059855652,64.4274171215057));
#12542=CARTESIAN_POINT('Origin',(106.971664279175,118.334883842468,61.3632265136719));
#12543=CARTESIAN_POINT('',(106.804224721527,121.399059855652,64.4274171215057));
#12544=CARTESIAN_POINT('',(106.971664279175,118.334883842468,61.3632265136719));
#12545=CARTESIAN_POINT('Origin',(106.971664279175,118.334883842468,61.3632265136719));
#12546=CARTESIAN_POINT('Origin',(106.971664279175,124.479990527344,61.3632265136719));
#12547=CARTESIAN_POINT('',(106.804224721527,121.399059855652,64.4274171215057));
#12548=CARTESIAN_POINT('Origin',(106.971664279175,124.479990527344,61.3632265136719));
#12549=CARTESIAN_POINT('',(106.971664279175,124.479990527344,61.3632265136719));
#12550=CARTESIAN_POINT('Origin',(107.155858495331,121.399059855652,58.2990456356049));
#12551=CARTESIAN_POINT('Origin',(125.139143312073,125.384187490082,93.2441502914429));
#12552=CARTESIAN_POINT('',(123.581942777252,123.425118395233,93.7967037506104));
#12553=CARTESIAN_POINT('',(123.581942777252,123.425118395233,93.7967037506104));
#12554=CARTESIAN_POINT('',(123.581942777252,123.425118395233,93.7967037506104));
#12555=CARTESIAN_POINT('Origin',(122.727970870972,124.329295898438,94.0981027381897));
#12556=CARTESIAN_POINT('',(122.727970870972,124.329295898438,94.0981027381897));
#12557=CARTESIAN_POINT('Origin',(122.727970870972,124.329295898438,94.0981027381897));
#12558=CARTESIAN_POINT('',(122.945654944611,121.767438558197,94.0311230232239));
#12559=CARTESIAN_POINT('Origin',(125.139143312073,124.094876625824,93.2441502914429));
#12560=CARTESIAN_POINT('',(123.648903032684,123.240924179077,93.4953144927979));
#12561=CARTESIAN_POINT('',(123.648903032684,123.240924179077,93.4953144927979));
#12562=CARTESIAN_POINT('',(123.648903032684,123.240924179077,93.4953144927979));
#12563=CARTESIAN_POINT('Origin',(123.581942777252,123.425118395233,93.7967037506104));
#12564=CARTESIAN_POINT('',(123.581942777252,123.425118395233,93.7967037506104));
#12565=CARTESIAN_POINT('Origin',(126.997742834473,121.767438558197,92.2897282722473));
#12566=CARTESIAN_POINT('',(125.038673739624,119.691154962158,92.9929860900879));
#12567=CARTESIAN_POINT('Origin',(126.997742834473,121.767438558197,92.2897282722473));
#12568=CARTESIAN_POINT('',(123.079614374542,121.767438558197,93.6962341781616));
#12569=CARTESIAN_POINT('',(123.079614374542,121.767438558197,93.6962341781616));
#12570=CARTESIAN_POINT('',(123.079614374542,121.767438558197,93.6962341781616));
#12571=CARTESIAN_POINT('Origin',(125.038673739624,123.86045735321,92.9929860900879));
#12572=CARTESIAN_POINT('',(125.038673739624,123.86045735321,92.9929860900879));
#12573=CARTESIAN_POINT('Origin',(123.079614374542,121.767438558197,93.6962341781616));
#12574=CARTESIAN_POINT('',(123.079614374542,121.767438558197,93.6962341781616));
#12575=CARTESIAN_POINT('Origin',(123.079614374542,121.767438558197,93.6962341781616));
#12576=CARTESIAN_POINT('',(123.079614374542,121.767438558197,93.6962341781616));
#12577=CARTESIAN_POINT('Origin',(123.581942777252,120.126513379669,93.7967037506104));
#12578=CARTESIAN_POINT('',(123.648903032684,120.293952937317,93.4953144927979));
#12579=CARTESIAN_POINT('',(122.945654944611,121.767438558197,94.0311230232239));
#12580=CARTESIAN_POINT('',(123.581942777252,120.126513379669,93.7967037506104));
#12581=CARTESIAN_POINT('Origin',(123.581942777252,120.126513379669,93.7967037506104));
#12582=CARTESIAN_POINT('',(123.648903032684,120.293952937317,93.4953144927979));
#12583=CARTESIAN_POINT('Origin',(122.945654944611,121.767438558197,94.0311230232239));
#12584=CARTESIAN_POINT('',(123.079614374542,121.767438558197,93.6962341781616));
#12585=CARTESIAN_POINT('',(122.945654944611,121.767438558197,94.0311230232239));
#12586=CARTESIAN_POINT('Origin',(122.945654944611,121.767438558197,94.0311230232239));
#12587=CARTESIAN_POINT('',(123.079614374542,121.767438558197,93.6962341781616));
#12588=CARTESIAN_POINT('Origin',(125.038673739624,119.691154962158,92.9929860900879));
#12589=CARTESIAN_POINT('Origin',(123.581942777252,123.425118395233,93.7967037506104));
#12590=CARTESIAN_POINT('',(0.,0.,0.));
#12591=CARTESIAN_POINT('',(0.,0.,0.));
#12592=CARTESIAN_POINT('',(0.,0.,0.));
#12593=CARTESIAN_POINT('',(0.,0.,0.));
#12594=CARTESIAN_POINT('',(0.,0.,0.));
#12595=CARTESIAN_POINT('',(0.,0.,0.));
#12596=CARTESIAN_POINT('',(0.,0.,0.));
#12597=CARTESIAN_POINT('',(0.,0.,0.));
#12598=CARTESIAN_POINT('',(0.,0.,0.));
#12599=CARTESIAN_POINT('',(0.,0.,0.));
#12600=CARTESIAN_POINT('',(0.,0.,0.));
#12601=UNCERTAINTY_MEASURE_WITH_UNIT(LENGTH_MEASURE(0.01),#12627,
'DISTANCE_ACCURACY_VALUE',
'Maximum model space distance between geometric entities at asserted c
onnectivities');
#12602=UNCERTAINTY_MEASURE_WITH_UNIT(LENGTH_MEASURE(0.01),#12627,
'DISTANCE_ACCURACY_VALUE',
'Maximum model space distance between geometric entities at asserted c
onnectivities');
#12603=UNCERTAINTY_MEASURE_WITH_UNIT(LENGTH_MEASURE(0.01),#12627,
'DISTANCE_ACCURACY_VALUE',
'Maximum model space distance between geometric entities at asserted c
onnectivities');
#12604=UNCERTAINTY_MEASURE_WITH_UNIT(LENGTH_MEASURE(0.01),#12627,
'DISTANCE_ACCURACY_VALUE',
'Maximum model space distance between geometric entities at asserted c
onnectivities');
#12605=UNCERTAINTY_MEASURE_WITH_UNIT(LENGTH_MEASURE(0.01),#12627,
'DISTANCE_ACCURACY_VALUE',
'Maximum model space distance between geometric entities at asserted c
onnectivities');
#12606=UNCERTAINTY_MEASURE_WITH_UNIT(LENGTH_MEASURE(0.01),#12627,
'DISTANCE_ACCURACY_VALUE',
'Maximum model space distance between geometric entities at asserted c
onnectivities');
#12607=UNCERTAINTY_MEASURE_WITH_UNIT(LENGTH_MEASURE(0.01),#12627,
'DISTANCE_ACCURACY_VALUE',
'Maximum model space distance between geometric entities at asserted c
onnectivities');
#12608=UNCERTAINTY_MEASURE_WITH_UNIT(LENGTH_MEASURE(0.01),#12627,
'DISTANCE_ACCURACY_VALUE',
'Maximum model space distance between geometric entities at asserted c
onnectivities');
#12609=UNCERTAINTY_MEASURE_WITH_UNIT(LENGTH_MEASURE(0.01),#12627,
'DISTANCE_ACCURACY_VALUE',
'Maximum model space distance between geometric entities at asserted c
onnectivities');
#12610=UNCERTAINTY_MEASURE_WITH_UNIT(LENGTH_MEASURE(0.01),#12627,
'DISTANCE_ACCURACY_VALUE',
'Maximum model space distance between geometric entities at asserted c
onnectivities');
#12611=UNCERTAINTY_MEASURE_WITH_UNIT(LENGTH_MEASURE(0.01),#12627,
'DISTANCE_ACCURACY_VALUE',
'Maximum model space distance between geometric entities at asserted c
onnectivities');
#12612=UNCERTAINTY_MEASURE_WITH_UNIT(LENGTH_MEASURE(0.01),#12627,
'DISTANCE_ACCURACY_VALUE',
'Maximum model space distance between geometric entities at asserted c
onnectivities');
#12613=UNCERTAINTY_MEASURE_WITH_UNIT(LENGTH_MEASURE(0.01),#12627,
'DISTANCE_ACCURACY_VALUE',
'Maximum model space distance between geometric entities at asserted c
onnectivities');
#12614=(
GEOMETRIC_REPRESENTATION_CONTEXT(3)
GLOBAL_UNCERTAINTY_ASSIGNED_CONTEXT((#12601))
GLOBAL_UNIT_ASSIGNED_CONTEXT((#12627,#12629,#12630))
REPRESENTATION_CONTEXT('','3D')
);
#12615=(
GEOMETRIC_REPRESENTATION_CONTEXT(3)
GLOBAL_UNCERTAINTY_ASSIGNED_CONTEXT((#12602))
GLOBAL_UNIT_ASSIGNED_CONTEXT((#12627,#12629,#12630))
REPRESENTATION_CONTEXT('','3D')
);
#12616=(
GEOMETRIC_REPRESENTATION_CONTEXT(3)
GLOBAL_UNCERTAINTY_ASSIGNED_CONTEXT((#12603))
GLOBAL_UNIT_ASSIGNED_CONTEXT((#12627,#12629,#12630))
REPRESENTATION_CONTEXT('','3D')
);
#12617=(
GEOMETRIC_REPRESENTATION_CONTEXT(3)
GLOBAL_UNCERTAINTY_ASSIGNED_CONTEXT((#12604))
GLOBAL_UNIT_ASSIGNED_CONTEXT((#12627,#12629,#12630))
REPRESENTATION_CONTEXT('','3D')
);
#12618=(
GEOMETRIC_REPRESENTATION_CONTEXT(3)
GLOBAL_UNCERTAINTY_ASSIGNED_CONTEXT((#12605))
GLOBAL_UNIT_ASSIGNED_CONTEXT((#12627,#12629,#12630))
REPRESENTATION_CONTEXT('','3D')
);
#12619=(
GEOMETRIC_REPRESENTATION_CONTEXT(3)
GLOBAL_UNCERTAINTY_ASSIGNED_CONTEXT((#12606))
GLOBAL_UNIT_ASSIGNED_CONTEXT((#12627,#12629,#12630))
REPRESENTATION_CONTEXT('','3D')
);
#12620=(
GEOMETRIC_REPRESENTATION_CONTEXT(3)
GLOBAL_UNCERTAINTY_ASSIGNED_CONTEXT((#12607))
GLOBAL_UNIT_ASSIGNED_CONTEXT((#12627,#12629,#12630))
REPRESENTATION_CONTEXT('','3D')
);
#12621=(
GEOMETRIC_REPRESENTATION_CONTEXT(3)
GLOBAL_UNCERTAINTY_ASSIGNED_CONTEXT((#12608))
GLOBAL_UNIT_ASSIGNED_CONTEXT((#12627,#12629,#12630))
REPRESENTATION_CONTEXT('','3D')
);
#12622=(
GEOMETRIC_REPRESENTATION_CONTEXT(3)
GLOBAL_UNCERTAINTY_ASSIGNED_CONTEXT((#12609))
GLOBAL_UNIT_ASSIGNED_CONTEXT((#12627,#12629,#12630))
REPRESENTATION_CONTEXT('','3D')
);
#12623=(
GEOMETRIC_REPRESENTATION_CONTEXT(3)
GLOBAL_UNCERTAINTY_ASSIGNED_CONTEXT((#12610))
GLOBAL_UNIT_ASSIGNED_CONTEXT((#12627,#12629,#12630))
REPRESENTATION_CONTEXT('','3D')
);
#12624=(
GEOMETRIC_REPRESENTATION_CONTEXT(3)
GLOBAL_UNCERTAINTY_ASSIGNED_CONTEXT((#12611))
GLOBAL_UNIT_ASSIGNED_CONTEXT((#12627,#12629,#12630))
REPRESENTATION_CONTEXT('','3D')
);
#12625=(
GEOMETRIC_REPRESENTATION_CONTEXT(3)
GLOBAL_UNCERTAINTY_ASSIGNED_CONTEXT((#12612))
GLOBAL_UNIT_ASSIGNED_CONTEXT((#12627,#12629,#12630))
REPRESENTATION_CONTEXT('','3D')
);
#12626=(
GEOMETRIC_REPRESENTATION_CONTEXT(3)
GLOBAL_UNCERTAINTY_ASSIGNED_CONTEXT((#12613))
GLOBAL_UNIT_ASSIGNED_CONTEXT((#12627,#12629,#12630))
REPRESENTATION_CONTEXT('','3D')
);
#12627=(
LENGTH_UNIT()
NAMED_UNIT(*)
SI_UNIT(.MILLI.,.METRE.)
);
#12628=(
LENGTH_UNIT()
NAMED_UNIT(*)
SI_UNIT($,.METRE.)
);
#12629=(
NAMED_UNIT(*)
PLANE_ANGLE_UNIT()
SI_UNIT($,.RADIAN.)
);
#12630=(
NAMED_UNIT(*)
SI_UNIT($,.STERADIAN.)
SOLID_ANGLE_UNIT()
);
#12631=SHAPE_DEFINITION_REPRESENTATION(#12643,#12666);
#12632=SHAPE_DEFINITION_REPRESENTATION(#12644,#12667);
#12633=SHAPE_DEFINITION_REPRESENTATION(#12645,#12668);
#12634=SHAPE_DEFINITION_REPRESENTATION(#12646,#12669);
#12635=SHAPE_DEFINITION_REPRESENTATION(#12647,#12670);
#12636=SHAPE_DEFINITION_REPRESENTATION(#12648,#12671);
#12637=SHAPE_DEFINITION_REPRESENTATION(#12649,#12672);
#12638=SHAPE_DEFINITION_REPRESENTATION(#12650,#12673);
#12639=SHAPE_DEFINITION_REPRESENTATION(#12651,#12674);
#12640=SHAPE_DEFINITION_REPRESENTATION(#12652,#12675);
#12641=SHAPE_DEFINITION_REPRESENTATION(#12653,#12676);
#12642=SHAPE_DEFINITION_REPRESENTATION(#12654,#12677);
#12643=PRODUCT_DEFINITION_SHAPE('',$,#12679);
#12644=PRODUCT_DEFINITION_SHAPE('',$,#12680);
#12645=PRODUCT_DEFINITION_SHAPE('',$,#12681);
#12646=PRODUCT_DEFINITION_SHAPE('',$,#12682);
#12647=PRODUCT_DEFINITION_SHAPE('',$,#12683);
#12648=PRODUCT_DEFINITION_SHAPE('',$,#12684);
#12649=PRODUCT_DEFINITION_SHAPE('',$,#12685);
#12650=PRODUCT_DEFINITION_SHAPE('',$,#12686);
#12651=PRODUCT_DEFINITION_SHAPE('',$,#12687);
#12652=PRODUCT_DEFINITION_SHAPE('',$,#12688);
#12653=PRODUCT_DEFINITION_SHAPE('',$,#12689);
#12654=PRODUCT_DEFINITION_SHAPE('',$,#12690);
#12655=PRODUCT_DEFINITION_SHAPE($,$,#44);
#12656=PRODUCT_DEFINITION_SHAPE($,$,#45);
#12657=PRODUCT_DEFINITION_SHAPE($,$,#46);
#12658=PRODUCT_DEFINITION_SHAPE($,$,#47);
#12659=PRODUCT_DEFINITION_SHAPE($,$,#48);
#12660=PRODUCT_DEFINITION_SHAPE($,$,#49);
#12661=PRODUCT_DEFINITION_SHAPE($,$,#50);
#12662=PRODUCT_DEFINITION_SHAPE($,$,#51);
#12663=PRODUCT_DEFINITION_SHAPE($,$,#52);
#12664=PRODUCT_DEFINITION_SHAPE($,$,#53);
#12665=PRODUCT_DEFINITION_SHAPE($,$,#54);
#12666=SHAPE_REPRESENTATION('',(#7791,#8415,#8416,#8417,#8418,#8419,#8420,
#8421,#8422,#8423,#8424,#8425),#12614);
#12667=SHAPE_REPRESENTATION('',(#7792),#12615);
#12668=SHAPE_REPRESENTATION('',(#7793),#12616);
#12669=SHAPE_REPRESENTATION('',(#7800),#12617);
#12670=SHAPE_REPRESENTATION('',(#7809),#12618);
#12671=SHAPE_REPRESENTATION('',(#7816),#12619);
#12672=SHAPE_REPRESENTATION('',(#7823),#12620);
#12673=SHAPE_REPRESENTATION('',(#7834),#12621);
#12674=SHAPE_REPRESENTATION('',(#7846),#12622);
#12675=SHAPE_REPRESENTATION('',(#7864),#12623);
#12676=SHAPE_REPRESENTATION('',(#7870),#12624);
#12677=SHAPE_REPRESENTATION('',(#7886),#12625);
#12678=PRODUCT_DEFINITION_CONTEXT('part definition',#12716,'design');
#12679=PRODUCT_DEFINITION('2026-06-08-22-09-37-064','kerfur',#12691,#12678);
#12680=PRODUCT_DEFINITION('2026-06-08-23-47-37-745','Enclosure',#12692,
#12678);
#12681=PRODUCT_DEFINITION('2026-06-09-13-01-12-208','Oled_Display',#12693,
#12678);
#12682=PRODUCT_DEFINITION('2026-06-09-13-18-24-414','Top_PCB',#12694,#12678);
#12683=PRODUCT_DEFINITION('2026-06-09-13-20-43-059','OLED_Flex',#12695,
#12678);
#12684=PRODUCT_DEFINITION('2026-06-09-13-20-43-175','Inter_PCB_Cable',#12696,
#12678);
#12685=PRODUCT_DEFINITION('2026-06-09-13-32-28-556','Bottom_PCB',#12697,
#12678);
#12686=PRODUCT_DEFINITION('2026-06-09-13-33-29-539','Reset_Button',#12698,
#12678);
#12687=PRODUCT_DEFINITION('2026-06-09-13-33-29-657','Debug_Controls',#12699,
#12678);
#12688=PRODUCT_DEFINITION('2026-06-09-13-42-57-153','Battery_18650',#12700,
#12678);
#12689=PRODUCT_DEFINITION('2026-06-09-13-42-57-226','Battery_Contacts',
#12701,#12678);
#12690=PRODUCT_DEFINITION('2026-06-09-13-42-57-370','Power_Connector',#12702,
#12678);
#12691=PRODUCT_DEFINITION_FORMATION('',$,#12718);
#12692=PRODUCT_DEFINITION_FORMATION('',$,#12719);
#12693=PRODUCT_DEFINITION_FORMATION('',$,#12720);
#12694=PRODUCT_DEFINITION_FORMATION('',$,#12721);
#12695=PRODUCT_DEFINITION_FORMATION('',$,#12722);
#12696=PRODUCT_DEFINITION_FORMATION('',$,#12723);
#12697=PRODUCT_DEFINITION_FORMATION('',$,#12724);
#12698=PRODUCT_DEFINITION_FORMATION('',$,#12725);
#12699=PRODUCT_DEFINITION_FORMATION('',$,#12726);
#12700=PRODUCT_DEFINITION_FORMATION('',$,#12727);
#12701=PRODUCT_DEFINITION_FORMATION('',$,#12728);
#12702=PRODUCT_DEFINITION_FORMATION('',$,#12729);
#12703=PRODUCT_RELATED_PRODUCT_CATEGORY('kerfur','kerfur',(#12718));
#12704=PRODUCT_RELATED_PRODUCT_CATEGORY('Enclosure','Enclosure',(#12719));
#12705=PRODUCT_RELATED_PRODUCT_CATEGORY('Oled_Display','Oled_Display',(#12720));
#12706=PRODUCT_RELATED_PRODUCT_CATEGORY('Top_PCB','Top_PCB',(#12721));
#12707=PRODUCT_RELATED_PRODUCT_CATEGORY('OLED_Flex','OLED_Flex',(#12722));
#12708=PRODUCT_RELATED_PRODUCT_CATEGORY('Inter_PCB_Cable',
'Inter_PCB_Cable',(#12723));
#12709=PRODUCT_RELATED_PRODUCT_CATEGORY('Bottom_PCB','Bottom_PCB',(#12724));
#12710=PRODUCT_RELATED_PRODUCT_CATEGORY('Reset_Button','Reset_Button',(#12725));
#12711=PRODUCT_RELATED_PRODUCT_CATEGORY('Debug_Controls',
'Debug_Controls',(#12726));
#12712=PRODUCT_RELATED_PRODUCT_CATEGORY('Battery_18650','Battery_18650',
(#12727));
#12713=PRODUCT_RELATED_PRODUCT_CATEGORY('Battery_Contacts',
'Battery_Contacts',(#12728));
#12714=PRODUCT_RELATED_PRODUCT_CATEGORY('Power_Connector',
'Power_Connector',(#12729));
#12715=APPLICATION_PROTOCOL_DEFINITION('international standard',
'automotive_design',2009,#12716);
#12716=APPLICATION_CONTEXT(
'Core Data for Automotive Mechanical Design Process');
#12717=PRODUCT_CONTEXT('part definition',#12716,'mechanical');
#12718=PRODUCT('2026-06-08-22-09-37-064','kerfur',$,(#12717));
#12719=PRODUCT('2026-06-08-23-47-37-745','Enclosure',$,(#12717));
#12720=PRODUCT('2026-06-09-13-01-12-208','Oled_Display',$,(#12717));
#12721=PRODUCT('2026-06-09-13-18-24-414','Top_PCB',$,(#12717));
#12722=PRODUCT('2026-06-09-13-20-43-059','OLED_Flex',$,(#12717));
#12723=PRODUCT('2026-06-09-13-20-43-175','Inter_PCB_Cable',$,(#12717));
#12724=PRODUCT('2026-06-09-13-32-28-556','Bottom_PCB',$,(#12717));
#12725=PRODUCT('2026-06-09-13-33-29-539','Reset_Button',$,(#12717));
#12726=PRODUCT('2026-06-09-13-33-29-657','Debug_Controls',$,(#12717));
#12727=PRODUCT('2026-06-09-13-42-57-153','Battery_18650',$,(#12717));
#12728=PRODUCT('2026-06-09-13-42-57-226','Battery_Contacts',$,(#12717));
#12729=PRODUCT('2026-06-09-13-42-57-370','Power_Connector',$,(#12717));
#12730=PRESENTATION_STYLE_ASSIGNMENT((#12731));
#12731=SURFACE_STYLE_USAGE(.BOTH.,#12732);
#12732=SURFACE_SIDE_STYLE('',(#12733));
#12733=SURFACE_STYLE_FILL_AREA(#12734);
#12734=FILL_AREA_STYLE('Stahl - satiniert',(#12735));
#12735=FILL_AREA_STYLE_COLOUR('Stahl - satiniert',#12736);
#12736=COLOUR_RGB('Stahl - satiniert',0.627450980392157,0.627450980392157,
0.627450980392157);
ENDSEC;
END-ISO-10303-21;
